pdb,mutation,ddG,Source,partners(A_B)
1a22,CA171A,1.0188496237532307,SKEMPI_2.0,A_B
1a22,CB67A,0.0,SKEMPI_2.0,A_B
1a22,CB81A,0.0,SKEMPI_2.0,A_B
1a22,"DA11A,MA14V,HA18Q,RA19H,FA25A,QA29K,EA33R",0.7467485836876926,SKEMPI_2.0,A_B
1a22,DA160A,0.9738339463819424,SKEMPI_2.0,A_B
1a22,DA26A,-0.2111965078546659,SKEMPI_2.0,A_B
1a22,"DB107A,RB111A,EB113A",0.3141987837884387,SKEMPI_2.0,A_B
1a22,DB119A,1.530462282739685,SKEMPI_2.0,A_B
1a22,DB160A,-0.0461630557042945,SKEMPI_2.0,A_B
1a22,"DB78A,EB79A,KB80A",0.2097143393711322,SKEMPI_2.0,A_B
1a22,DB85A,0.984203039118326,SKEMPI_2.0,A_B
1a22,DB91A,1.085119131803432,SKEMPI_2.0,A_B
1a22,EA163A,-0.9095366973231128,SKEMPI_2.0,A_B
1a22,EA175A,-0.0742308000761417,SKEMPI_2.0,A_B
1a22,EA56A,0.6242278382836629,SKEMPI_2.0,A_B
1a22,"EA56D,RA64M",2.002211750323708,SKEMPI_2.0,A_B
1a22,EA65A,-0.3935079759595415,SKEMPI_2.0,A_B
1a22,EA66A,0.4359938328740968,SKEMPI_2.0,A_B
1a22,"EA88G,QA91Y,FA92H,RA94T,SA95E",0.191722746811301,SKEMPI_2.0,A_B
1a22,EB10A,0.7051398829236736,SKEMPI_2.0,A_B
1a22,EB128A,0.0827566798908331,SKEMPI_2.0,A_B
1a22,EB12A,1.3730372063145158,SKEMPI_2.0,A_B
1a22,EB130A,-0.0790674093891881,SKEMPI_2.0,A_B
1a22,EB135A,0.1992339595815724,SKEMPI_2.0,A_B
1a22,"EB138A,KB140A,KB142A,DB145A",0.1201665501923842,SKEMPI_2.0,A_B
1a22,EB162A,-0.0790674093891881,SKEMPI_2.0,A_B
1a22,EB164A,-0.0623867006944061,SKEMPI_2.0,A_B
1a22,EB179A,0.1079573341381771,SKEMPI_2.0,A_B
1a22,EB34A,-0.0986127147039855,SKEMPI_2.0,A_B
1a22,EB38A,-0.0790674093891881,SKEMPI_2.0,A_B
1a22,EB41A,0.782645998505371,SKEMPI_2.0,A_B
1a22,EB50A,0.1776997319092488,SKEMPI_2.0,A_B
1a22,EB79A,-0.2021831062645435,SKEMPI_2.0,A_B
1a22,"EB79A,KB80A",-0.3445708770209615,SKEMPI_2.0,A_B
1a22,EB86A,0.7859786742358911,SKEMPI_2.0,A_B
1a22,FA10A,1.0492217169857538,SKEMPI_2.0,A_B
1a22,FA165A,1.0238911918837394,SKEMPI_2.0,A_B
1a22,FA165Y,1.2692341594018943,SKEMPI_2.0,A_B
1a22,FA180A,0.191722746811301,SKEMPI_2.0,A_B
1a22,FA25A,-0.4235877783566626,SKEMPI_2.0,A_B
1a22,"FA25A,YA42A,QA46A",0.1980616857098069,SKEMPI_2.0,A_B
1a22,FA54A,0.8788776821531703,SKEMPI_2.0,A_B
1a22,"FA54H,SA55T,EA56S,IA58L,PA59A,SA62E,NA63D,RA64K,EA66Q,TA67A,KA70M,SA71N,NA72Q,LA73K,EA74D",2.49539889765078,SKEMPI_2.0,A_B
1a22,"FA97R,AA98G,NA99M,SA100Q,LA101D,VA102A,YA103P,GA104E",0.2628633176050945,SKEMPI_2.0,A_B
1a22,FB55S,-0.0410302352609865,SKEMPI_2.0,A_B
1a22,FB59A,-0.0149913323705056,SKEMPI_2.0,A_B
1a22,GA176A,0.3461055456986169,SKEMPI_2.0,A_B
1a22,HA18A,-0.3461826900125809,SKEMPI_2.0,A_B
1a22,HA21A,0.1553527024620776,SKEMPI_2.0,A_B
1a22,IA168A,0.6976442167384208,SKEMPI_2.0,A_B
1a22,IA4A,0.4104304674362382,SKEMPI_2.0,A_B
1a22,IA58A,1.6588861440035645,SKEMPI_2.0,A_B
1a22,IA58L,0.3162441260639398,SKEMPI_2.0,A_B
1a22,IB120A,2.1532090013722103,SKEMPI_2.0,A_B
1a22,IB62A,1.2720043407998043,SKEMPI_2.0,A_B
1a22,IB64A,1.3497511712022965,SKEMPI_2.0,A_B
1a22,IB87A,0.588130199345487,SKEMPI_2.0,A_B
1a22,KA157A,-0.0523461221921726,SKEMPI_2.0,A_B
1a22,"KA157A,EA163A",-0.7693392362611148,SKEMPI_2.0,A_B
1a22,KA161A,1.778173132563455,SKEMPI_2.0,A_B
1a22,"KA161A,FA165A",3.7787481018216007,SKEMPI_2.0,A_B
1a22,KA70A,0.5212832890067239,SKEMPI_2.0,A_B
1a22,KB122A,-0.008838357828984,SKEMPI_2.0,A_B
1a22,KB134A,0.0,SKEMPI_2.0,A_B
1a22,KB158A,0.2400864326036549,SKEMPI_2.0,A_B
1a22,"KB158A,DB160A,KB161A,EB162A,EB164A",1.1196216672952493,SKEMPI_2.0,A_B
1a22,KB161A,0.1992339595815724,SKEMPI_2.0,A_B
1a22,KB170A,0.642276045945497,SKEMPI_2.0,A_B
1a22,"KB2A,KB5A",0.2400864326036549,SKEMPI_2.0,A_B
1a22,KB40A,0.1438547489558554,SKEMPI_2.0,A_B
1a22,KB69A,0.0428229440584976,SKEMPI_2.0,A_B
1a22,KB80A,0.079412796091474,SKEMPI_2.0,A_B
1a22,LA15A,0.1526673191746151,SKEMPI_2.0,A_B
1a22,LA45A,1.2238431783156951,SKEMPI_2.0,A_B
1a22,LA6A,0.6387912495495155,SKEMPI_2.0,A_B
1a22,LA73A,-0.2062414496502616,SKEMPI_2.0,A_B
1a22,LA9A,-0.0358974148176783,SKEMPI_2.0,A_B
1a22,MA14A,0.234223607358466,SKEMPI_2.0,A_B
1a22,"NA109D,VA110D,DA112H",0.3461055456986169,SKEMPI_2.0,A_B
1a22,NA12A,0.0962316836477994,SKEMPI_2.0,A_B
1a22,"NA12H,FA25L",0.8380252091310877,SKEMPI_2.0,A_B
1a22,"NA12R,MA14V,LA15V,RA16L,RA19Y",1.679664626838132,SKEMPI_2.0,A_B
1a22,"NA12R,MA14V,LA15V,RA16L,RA19Y,FA25S,DA26E,QA29S,EA30Q,EA33K",1.3972654837275855,SKEMPI_2.0,A_B
1a22,NA63A,0.5100474472270244,SKEMPI_2.0,A_B
1a22,NB173A,0.2868835061000661,SKEMPI_2.0,A_B
1a22,NB31A,0.0036095289325121,SKEMPI_2.0,A_B
1a22,"NB31A,TB32A,QB33A,EB34A",-0.1364990518791898,SKEMPI_2.0,A_B
1a22,"NB31A,TB32A,QB33A,EB34A,WB35A,WB39A",0.1659740814188711,SKEMPI_2.0,A_B
1a22,NB56A,-0.2550777649741607,SKEMPI_2.0,A_B
1a22,PA2A,-0.0546966445558974,SKEMPI_2.0,A_B
1a22,PA48A,0.4104304674362382,SKEMPI_2.0,A_B
1a22,"PA48A,TA50A,SA51A,LA52F",0.6021532142475392,SKEMPI_2.0,A_B
1a22,PA59A,0.3837134845753549,SKEMPI_2.0,A_B
1a22,PA5A,0.4359938328740968,SKEMPI_2.0,A_B
1a22,PA61A,1.2086596284463422,SKEMPI_2.0,A_B
1a22,PB65A,2.9646322966436323,SKEMPI_2.0,A_B
1a22,PB9A,0.2595021392325413,SKEMPI_2.0,A_B
1a22,QA170A,0.2739314155570483,SKEMPI_2.0,A_B
1a22,QA22A,-0.2197164534072277,SKEMPI_2.0,A_B
1a22,"QA22N,FA25S,DA26E,QA29S,EA30Q,EA33K",-0.0941863413722983,SKEMPI_2.0,A_B
1a22,QA29A,-0.5887226216060105,SKEMPI_2.0,A_B
1a22,QA46A,0.1079573341381771,SKEMPI_2.0,A_B
1a22,"QA46H,NA47D,PA48S,QA49E,LA52F",1.181350815451231,SKEMPI_2.0,A_B
1a22,QA68A,0.7874826078184174,SKEMPI_2.0,A_B
1a22,QA69A,-0.0546966445558974,SKEMPI_2.0,A_B
1a22,QB121A,0.0085821371293056,SKEMPI_2.0,A_B
1a22,"QB121A,KB122A,VB126A",-0.8717496820606603,SKEMPI_2.0,A_B
1a22,QB171A,0.8839499515214201,SKEMPI_2.0,A_B
1a22,"QB171A,RB172A,NB173A",1.1029597350904563,SKEMPI_2.0,A_B
1a22,QB33A,-0.1935915007562738,SKEMPI_2.0,A_B
1a22,QB37A,-0.4104304674362382,SKEMPI_2.0,A_B
1a22,QB89A,-0.0303720932325227,SKEMPI_2.0,A_B
1a22,"RA127D,LA128V,EA129H",0.3162441260639398,SKEMPI_2.0,A_B
1a22,RA156A,0.0597276438221996,SKEMPI_2.0,A_B
1a22,"RA156K,DA160H,IA168V,QA170K",1.952839331749063,SKEMPI_2.0,A_B
1a22,RA167A,2.424367868250324,SKEMPI_2.0,A_B
1a22,RA167K,0.9529900333379542,SKEMPI_2.0,A_B
1a22,RA167N,1.2692341594018943,SKEMPI_2.0,A_B
1a22,RA16A,0.2400864326036549,SKEMPI_2.0,A_B
1a22,RA172A,0.4892766993879064,SKEMPI_2.0,A_B
1a22,RA19A,0.0500686279435048,SKEMPI_2.0,A_B
1a22,RA64A,1.7209847984578788,SKEMPI_2.0,A_B
1a22,"RA64A,DA160A",3.320922266061462,SKEMPI_2.0,A_B
1a22,RA64K,-0.3141987837884387,SKEMPI_2.0,A_B
1a22,RA8A,0.2041890177859766,SKEMPI_2.0,A_B
1a22,"RB116A,DB119A,KB122A",-0.0623867006944061,SKEMPI_2.0,A_B
1a22,RB11A,1.5234058673339164,SKEMPI_2.0,A_B
1a22,RB11L,0.5212832890067239,SKEMPI_2.0,A_B
1a22,RB11M,0.9998492984111093,SKEMPI_2.0,A_B
1a22,RB166A,0.0564356355268155,SKEMPI_2.0,A_B
1a22,RB168A,-0.1904180250200977,SKEMPI_2.0,A_B
1a22,RB172A,0.2609980685044491,SKEMPI_2.0,A_B
1a22,"RB172A,NB173A",0.90210128614977,SKEMPI_2.0,A_B
1a22,RB29A,0.5538027343134242,SKEMPI_2.0,A_B
1a22,"RB29A,RB30A,EB34A",0.9529900333379542,SKEMPI_2.0,A_B
1a22,RB30A,0.5672736386307791,SKEMPI_2.0,A_B
1a22,RB7A,0.268976357352644,SKEMPI_2.0,A_B
1a22,SA173A,-0.0546966445558974,SKEMPI_2.0,A_B
1a22,SA177A,-0.2062414496502616,SKEMPI_2.0,A_B
1a22,SA51A,0.3480437667418322,SKEMPI_2.0,A_B
1a22,SA55A,0.1108528215704857,SKEMPI_2.0,A_B
1a22,SA57A,0.2041890177859766,SKEMPI_2.0,A_B
1a22,"SA57T,TA60A,SA62T,NA63G,RA64K,EA65D,TA67A,KA70R,NA72D,LA73V",1.679664626838132,SKEMPI_2.0,A_B
1a22,SA62A,0.3970719760057966,SKEMPI_2.0,A_B
1a22,SA71A,0.4104304674362382,SKEMPI_2.0,A_B
1a22,SA7A,0.3461055456986169,SKEMPI_2.0,A_B
1a22,SB15A,-0.0149913323705056,SKEMPI_2.0,A_B
1a22,SB174A,0.0338449829533934,SKEMPI_2.0,A_B
1a22,SB57A,-0.1683182751505908,SKEMPI_2.0,A_B
1a22,"SB57A,SB61A",-0.5692765487625994,SKEMPI_2.0,A_B
1a22,"SB57A,SB61A,EB79A,KB80A",-0.8949732860572602,SKEMPI_2.0,A_B
1a22,"SB57A,SB61A,EB79A,KB80A,QB121A,KB122A,VB126A",-1.399317915591871,SKEMPI_2.0,A_B
1a22,SB58A,-0.5066621510840377,SKEMPI_2.0,A_B
1a22,SB61A,0.0208332968113222,SKEMPI_2.0,A_B
1a22,SB83A,0.2258155737331486,SKEMPI_2.0,A_B
1a22,TA164A,1.9059800666759084,SKEMPI_2.0,A_B
1a22,TA164S,1.6897866852854413,SKEMPI_2.0,A_B
1a22,TA3A,-0.0546966445558974,SKEMPI_2.0,A_B
1a22,TB149A,0.1909443748476127,SKEMPI_2.0,A_B
1a22,TB150A,-0.1083853673613842,SKEMPI_2.0,A_B
1a22,TB19A,0.0697423977710717,SKEMPI_2.0,A_B
1a22,TB32A,-0.0841214993975402,SKEMPI_2.0,A_B
1a22,TB36A,-0.025444373594092,SKEMPI_2.0,A_B
1a22,TB60A,1.4228811405199755,SKEMPI_2.0,A_B
1a22,VA169A,0.0,SKEMPI_2.0,A_B
1a22,VA174A,0.8788776821531703,SKEMPI_2.0,A_B
1a22,VB126A,-0.6697637247805024,SKEMPI_2.0,A_B
1a22,VB84A,1.1415547673302475,SKEMPI_2.0,A_B
1a22,VB88A,-0.0461630557042945,SKEMPI_2.0,A_B
1a22,WB124A,4.729052751872093,SKEMPI_2.0,A_B
1a22,WB35A,0.5445465051519842,SKEMPI_2.0,A_B
1a22,WB39A,0.0496516394331089,SKEMPI_2.0,A_B
1a22,WB63A,4.680936910048192,SKEMPI_2.0,A_B
1a22,WB63F,2.7832766370752,SKEMPI_2.0,A_B
1a22,"YA111V,LA113I,KA115E,DA116Q,EA118K,EA119R,QA122E,TA123G,GA126L,RA127I,EA129S",0.251584386109877,SKEMPI_2.0,A_B
1a22,YA153A,0.3480437667418322,SKEMPI_2.0,A_B
1a22,YA42A,0.1992339595815723,SKEMPI_2.0,A_B
1a22,"YA42A,QA46A",0.2896402622247604,SKEMPI_2.0,A_B
1a22,YB54A,0.1992339595815724,SKEMPI_2.0,A_B
1a4y,DA435A,3.4836258594021787,SKEMPI_2.0,A_B
1a4y,EA287A,0.1006016370615116,SKEMPI_2.0,A_B
1a4y,EA344A,0.1785114194935147,SKEMPI_2.0,A_B
1a4y,EA401A,0.8832476355668825,SKEMPI_2.0,A_B
1a4y,EB108A,-0.3225471234855755,SKEMPI_2.0,A_B
1a4y,HB114A,0.6564679652074837,SKEMPI_2.0,A_B
1a4y,HB13A,-0.2965220681304706,SKEMPI_2.0,A_B
1a4y,HB84A,0.1703440348325832,SKEMPI_2.0,A_B
1a4y,HB8A,0.9036176147633096,SKEMPI_2.0,A_B
1a4y,IA459A,0.6790586177809059,SKEMPI_2.0,A_B
1a4y,KA320A,-0.3098288303747266,SKEMPI_2.0,A_B
1a4y,KB40G,3.2350194812459616,SKEMPI_2.0,A_B
1a4y,"KB40G,DA435A",4.105252834693083,SKEMPI_2.0,A_B
1a4y,"KB40G,YA434A,DA435A",6.210466860950564,SKEMPI_2.0,A_B
1a4y,"KB40G,YA434A,YA437A",9.118132277121092,SKEMPI_2.0,A_B
1a4y,"KB40G,YA434F",6.6617498014088845,SKEMPI_2.0,A_B
1a4y,"KB40G,YA437A",6.450553293554219,SKEMPI_2.0,A_B
1a4y,KB40Q,4.250087924932476,SKEMPI_2.0,A_B
1a4y,NB68A,0.1177447635853395,SKEMPI_2.0,A_B
1a4y,"QA430A,VA432A",0.0721741301415685,SKEMPI_2.0,A_B
1a4y,QB12A,0.3000998796200219,SKEMPI_2.0,A_B
1a4y,RA457A,-0.2238627876135434,SKEMPI_2.0,A_B
1a4y,RB31A,0.2503845356486631,SKEMPI_2.0,A_B
1a4y,RB32A,0.9097499522421276,SKEMPI_2.0,A_B
1a4y,RB33A,0.3268941613629933,SKEMPI_2.0,A_B
1a4y,RB5A,2.3080114429329,SKEMPI_2.0,A_B
1a4y,"RB5A,DA435A",6.769707135547062,SKEMPI_2.0,A_B
1a4y,"RB5A,YA434A",6.975948585197323,SKEMPI_2.0,A_B
1a4y,"RB5A,YA434A,DA435A",10.101494403691568,SKEMPI_2.0,A_B
1a4y,"RB5A,YA434A,YA437A",8.52687739506271,SKEMPI_2.0,A_B
1a4y,RB66A,0.2027974166754187,SKEMPI_2.0,A_B
1a4y,RB70A,-0.2318048150881201,SKEMPI_2.0,A_B
1a4y,SA289A,0.0423127105068915,SKEMPI_2.0,A_B
1a4y,WA261A,0.1006016370615116,SKEMPI_2.0,A_B
1a4y,WA263A,1.1707294364944378,SKEMPI_2.0,A_B
1a4y,WA318A,1.4999195526533822,SKEMPI_2.0,A_B
1a4y,WA375A,1.0347924406612463,SKEMPI_2.0,A_B
1a4y,"WA438A,SA439A,EA440A",1.7847159702934752,SKEMPI_2.0,A_B
1a4y,WB89A,0.2400864326036549,SKEMPI_2.0,A_B
1a4y,YA434A,3.2602201354933062,SKEMPI_2.0,A_B
1a4y,"YA434A,DA435A",6.817102503870962,SKEMPI_2.0,A_B
1a4y,"YA434A,YA437A",6.641675811221369,SKEMPI_2.0,A_B
1a4y,YA434F,0.5575508982722217,SKEMPI_2.0,A_B
1a4y,YA437A,0.835852267242982,SKEMPI_2.0,A_B
1a4y,YA437F,0.2451258332339551,SKEMPI_2.0,A_B
1acb,LI38D,6.770847066288665,SKEMPI_2.0,E_I
1acb,LI38E,6.553606361103008,SKEMPI_2.0,E_I
1acb,LI38G,6.032625978313624,SKEMPI_2.0,E_I
1acb,LI38I,4.230235638574377,SKEMPI_2.0,E_I
1acb,LI38P,6.852019452343377,SKEMPI_2.0,E_I
1acb,LI38S,4.950728585424233,SKEMPI_2.0,E_I
1ak4,AD88G,2.6533862029020248,SKEMPI_2.0,A_D
1ak4,AD88V,0.7693392362611149,SKEMPI_2.0,A_D
1ak4,AD92G,0.5807745022688214,SKEMPI_2.0,A_D
1ak4,AD92V,0.3589087688248766,SKEMPI_2.0,A_D
1ak4,D:A488G,2.49,AB-BIND,A_D
1ak4,D:A488V,0.6,AB-BIND,A_D
1ak4,D:A492G,0.41,AB-BIND,A_D
1ak4,D:A492V,0.19,AB-BIND,A_D
1ak4,D:G489A,1.91,AB-BIND,A_D
1ak4,D:G489V,2.86,AB-BIND,A_D
1ak4,D:H487A,0.84,AB-BIND,A_D
1ak4,D:H487Q,0.8,AB-BIND,A_D
1ak4,D:H487R,1.48,AB-BIND,A_D
1ak4,D:I491A,0.07,AB-BIND,A_D
1ak4,D:I491V,-0.17,AB-BIND,A_D
1ak4,"D:L483T,D:V486P,D:H487A,D:A488M,D:I491L,D:A492P,D:M496I",0.57,AB-BIND,A_D
1ak4,D:P485A,0.92,AB-BIND,A_D
1ak4,D:P490A,2.0,AB-BIND,A_D
1ak4,D:P490V,2.86,AB-BIND,A_D
1ak4,D:P493A,0.51,AB-BIND,A_D
1ak4,D:V486A,0.82,AB-BIND,A_D
1ak4,GD89A,2.076324101508492,SKEMPI_2.0,A_D
1ak4,GD89V,3.029314134846446,SKEMPI_2.0,A_D
1ak4,HD87A,1.0094256688647698,SKEMPI_2.0,A_D
1ak4,HD87Q,0.9724057399668404,SKEMPI_2.0,A_D
1ak4,HD87R,1.6447978558831249,SKEMPI_2.0,A_D
1ak4,ID91A,0.2400864326036549,SKEMPI_2.0,A_D
1ak4,ID91V,0.0,SKEMPI_2.0,A_D
1ak4,"LD83T,VD86P,HD87A,AD88M,ID91L,AD92P,MD96I",0.7417935254832883,SKEMPI_2.0,A_D
1ak4,PD85A,1.085119131803432,SKEMPI_2.0,A_D
1ak4,PD90A,2.171815164671993,SKEMPI_2.0,A_D
1ak4,PD90V,3.029314134846446,SKEMPI_2.0,A_D
1ak4,PD93A,0.6825315075017765,SKEMPI_2.0,A_D
1ak4,VD86A,0.9912049697050596,SKEMPI_2.0,A_D
1b2s,AA27K,-3.864167957184793,SKEMPI_2.0,A_D
1b2s,"AA27K,AD43T",-5.720775605286057,SKEMPI_2.0,A_D
1b2s,AD43T,-0.3427870651279498,SKEMPI_2.0,A_D
1b2u,AA27K,-5.043251535660532,SKEMPI_2.0,A_D
1b2u,"AA27K,AD36D",-9.543943505419348,SKEMPI_2.0,A_D
1b2u,AD36D,-4.165954965261239,SKEMPI_2.0,A_D
1b3s,AA102H,-5.678777103329919,SKEMPI_2.0,A_D
1b3s,"AA102H,FD30Y",-5.5466480048644415,SKEMPI_2.0,A_D
1b3s,FD30Y,0.595765834639327,SKEMPI_2.0,A_D
1bd2,DD30N,1.9363537648425533,SKEMPI_2.0,ABC_DE
1bd2,"DD30N,YC5A",1.4761890999205065,SKEMPI_2.0,ABC_DE
1bd2,"DD30N,YC5F",2.4983452003945046,SKEMPI_2.0,ABC_DE
1bd2,"EA63Q,KA66A",1.9604186480331247,SKEMPI_2.0,ABC_DE
1bd2,ED93A,1.314966819389295,SKEMPI_2.0,ABC_DE
1bd2,"ED93A,RA65A",3.1135401107765466,SKEMPI_2.0,ABC_DE
1bd2,EE28A,2.8335787142461064,SKEMPI_2.0,ABC_DE
1bd2,"EE28A,YC8A",3.964494524924572,SKEMPI_2.0,ABC_DE
1bd2,RA65A,2.497857911442987,SKEMPI_2.0,ABC_DE
1bd2,YC5A,3.3401776328392216,SKEMPI_2.0,ABC_DE
1bd2,YC5F,0.7396519821032217,SKEMPI_2.0,ABC_DE
1bd2,YC5W,1.927514294348232,SKEMPI_2.0,ABC_DE
1bd2,YC8A,2.7588556090102685,SKEMPI_2.0,ABC_DE
1bd2,YE99A,0.3078093410850704,SKEMPI_2.0,ABC_DE
1bd2,"YE99A,YC5A",2.68551311621654,SKEMPI_2.0,ABC_DE
1bd2,"YE99A,YC5F",0.8943724478524845,SKEMPI_2.0,ABC_DE
1bj1,HH101Y,-1.583432943190333,SKEMPI_2.0,HL_VW
1bj1,"HH101Y,SH105T",-1.3433465105866778,SKEMPI_2.0,HL_VW
1bj1,"HH101Y,YH103I,GH104A,SH105K",-0.4312089502708064,SKEMPI_2.0,HL_VW
1bj1,"HH101Y,YH103R,GH104D,SH105N",-0.9953027438448456,SKEMPI_2.0,HL_VW
1bj1,"HH101Y,YH103R,GH104N,SH105T",-0.7625720083178565,SKEMPI_2.0,HL_VW
1bj1,"HH101Y,YH103R,SH105T",-1.1730024757540949,SKEMPI_2.0,HL_VW
1bj1,"HH101Y,YH103W,SH105T",-1.040873377288617,SKEMPI_2.0,HL_VW
1bj1,HH107A,0.7895715277461904,SKEMPI_2.0,HL_VW
1bj1,"LH72I,TH74K",0.0765096257143301,SKEMPI_2.0,HL_VW
1bj1,"LH72V,TH74V",0.6705908902274077,SKEMPI_2.0,HL_VW
1bj1,"ML4L,TH28D,NH31H,HH101Y,SH105T",-1.6579265476532556,SKEMPI_2.0,HL_VW
1bj1,NH31H,-0.7625720083178565,SKEMPI_2.0,HL_VW
1bj1,SH105T,-0.3903564772487236,SKEMPI_2.0,HL_VW
1bj1,TH28D,-0.2200124424161404,SKEMPI_2.0,HL_VW
1bj1,"TH28D,NH31H",-0.6928296105467847,SKEMPI_2.0,HL_VW
1bj1,"TH28D,NH31H,HH101Y,SH105T",-1.753776978022916,SKEMPI_2.0,HL_VW
1bj1,"TH28D,NH31H,YH54W,HH101Y,SH105T",-1.203374568986617,SKEMPI_2.0,HL_VW
1bj1,TH59A,0.8505795875384087,SKEMPI_2.0,HL_VW
1bj1,V:F17A,0.0,AB-BIND,HL_VW
1bj1,V:Y21A,0.0,AB-BIND,HL_VW
1bj1,W:E93A,0.82,AB-BIND,HL_VW
1bj1,W:G88A,2.76,AB-BIND,HL_VW
1bj1,W:G92A,3.69,AB-BIND,HL_VW
1bj1,W:H86A,0.0,AB-BIND,HL_VW
1bj1,W:H90A,0.0,AB-BIND,HL_VW
1bj1,W:I80A,0.82,AB-BIND,HL_VW
1bj1,W:I83A,3.69,AB-BIND,HL_VW
1bj1,W:I91A,0.41,AB-BIND,HL_VW
1bj1,W:K48A,0.41,AB-BIND,HL_VW
1bj1,W:K84A,0.65,AB-BIND,HL_VW
1bj1,W:M81A,3.69,AB-BIND,HL_VW
1bj1,W:M94A,1.42,AB-BIND,HL_VW
1bj1,W:Q79A,0.0,AB-BIND,HL_VW
1bj1,W:Q87A,0.0,AB-BIND,HL_VW
1bj1,W:Q89A,1.75,AB-BIND,HL_VW
1bj1,W:R82A,3.69,AB-BIND,HL_VW
1bj1,W:Y45A,0.82,AB-BIND,HL_VW
1bj1,YH27A,2.2422981829273625,SKEMPI_2.0,HL_VW
1bj1,YH54A,1.327523085956514,SKEMPI_2.0,HL_VW
1bj1,YH54W,-0.1372557625253072,SKEMPI_2.0,HL_VW
1bj1,YH99A,4.43830526906441,SKEMPI_2.0,HL_VW
1bp3,"DA11A,MA14V,HA18Q,RA19H,FA25A,QA29K,EA33R",3.603321409172009,SKEMPI_2.0,A_B
1bp3,DA167A,0.0677453436014729,SKEMPI_2.0,A_B
1bp3,DA26E,0.3828847566584116,SKEMPI_2.0,A_B
1bp3,EA170A,1.8308051678633144,SKEMPI_2.0,A_B
1bp3,EA182A,0.0,SKEMPI_2.0,A_B
1bp3,EA56A,-0.1188223362212217,SKEMPI_2.0,A_B
1bp3,"EA56D,RA64M",0.4452714573528176,SKEMPI_2.0,A_B
1bp3,EA65A,0.5461373773912672,SKEMPI_2.0,A_B
1bp3,EA66A,0.0677453436014729,SKEMPI_2.0,A_B
1bp3,"EA88G,QA91Y,FA92H,RA94T,SA95E",0.209399462469269,SKEMPI_2.0,A_B
1bp3,FA10A,0.0,SKEMPI_2.0,A_B
1bp3,FA172A,1.926876440604237,SKEMPI_2.0,A_B
1bp3,FA25A,1.1496551125345549,SKEMPI_2.0,A_B
1bp3,FA54A,0.209399462469269,SKEMPI_2.0,A_B
1bp3,"FA54H,SA55T,EA56S,IA58L,PA59A,SA62E,NA63D,RA64K,EA66Q,TA67A,KA70M,SA71N,NA72Q,LA73K,EA74D",0.3539948319094225,SKEMPI_2.0,A_B
1bp3,"FA97R,AA98G,NA99M,SA100Q,LA101D,VA102A,YA103P,GA104E",0.3828847566584116,SKEMPI_2.0,A_B
1bp3,GA183A,0.0,SKEMPI_2.0,A_B
1bp3,HA18A,1.5485297392239594,SKEMPI_2.0,A_B
1bp3,HA21A,1.24635281705616,SKEMPI_2.0,A_B
1bp3,IA175A,0.3539948319094225,SKEMPI_2.0,A_B
1bp3,IA175M,-0.1643929696649928,SKEMPI_2.0,A_B
1bp3,IA58A,1.756444317999507,SKEMPI_2.0,A_B
1bp3,KA164A,1.7272027621307773,SKEMPI_2.0,A_B
1bp3,"KA164A,EA170A",5.404986686940105,SKEMPI_2.0,A_B
1bp3,KA168A,2.6049980046280456,SKEMPI_2.0,A_B
1bp3,"KA168A,FA172A",5.351924997863814,SKEMPI_2.0,A_B
1bp3,KA70A,0.2460374977712453,SKEMPI_2.0,A_B
1bp3,LA15A,0.0,SKEMPI_2.0,A_B
1bp3,LA73A,0.3539948319094225,SKEMPI_2.0,A_B
1bp3,NA12A,-0.2965220681304707,SKEMPI_2.0,A_B
1bp3,"NA12R,MA14V,LA15V,RA16L,RA19Y",0.3828847566584116,SKEMPI_2.0,A_B
1bp3,NA63A,0.8557019247890559,SKEMPI_2.0,A_B
1bp3,"PA48A,TA50A,SA51A,LA52F",0.2460374977712453,SKEMPI_2.0,A_B
1bp3,PA59A,0.1567313433642652,SKEMPI_2.0,A_B
1bp3,QA177A,0.0,SKEMPI_2.0,A_B
1bp3,"QA22N,FA25S,DA26E,QA29S,EA30Q,EA33K",1.6094579985454378,SKEMPI_2.0,A_B
1bp3,"QA46H,NA47D,PA48S,QA49E,LA52F",0.2460374977712453,SKEMPI_2.0,A_B
1bp3,QA68A,0.1139083993057674,SKEMPI_2.0,A_B
1bp3,QA69A,-0.2137653882396374,SKEMPI_2.0,A_B
1bp3,RA163A,3.023271823084696,SKEMPI_2.0,A_B
1bp3,RA16A,0.0,SKEMPI_2.0,A_B
1bp3,RA174A,1.1496551125345549,SKEMPI_2.0,A_B
1bp3,RA179A,0.5671618108005034,SKEMPI_2.0,A_B
1bp3,RA19A,0.0,SKEMPI_2.0,A_B
1bp3,RA64A,0.3539948319094225,SKEMPI_2.0,A_B
1bp3,"RA64A,DA167A",0.3784158599743549,SKEMPI_2.0,A_B
1bp3,SA180A,-0.1188223362212217,SKEMPI_2.0,A_B
1bp3,SA184A,-0.2965220681304707,SKEMPI_2.0,A_B
1bp3,SA55A,0.2460374977712453,SKEMPI_2.0,A_B
1bp3,SA57A,0.0348409899165794,SKEMPI_2.0,A_B
1bp3,"SA57T,TA60A,SA62T,NA63G,RA64K,EA65D,TA67A,KA70R,NA72D,LA73V",2.2981898349524363,SKEMPI_2.0,A_B
1bp3,SA62A,1.414942199385554,SKEMPI_2.0,A_B
1bp3,SA71A,0.6134969711419638,SKEMPI_2.0,A_B
1bp3,TA171S,0.493966773509483,SKEMPI_2.0,A_B
1bp3,VA176A,-0.2965220681304707,SKEMPI_2.0,A_B
1bp3,VA181A,0.2805400332630626,SKEMPI_2.0,A_B
1bp3,"YA111V,LA113I,KA115E,DA116Q,EA118K,EA119R,RA120L,QA122E,TA123G,GA126L,RA127I,EA129S",-0.3927537517782701,SKEMPI_2.0,A_B
1bp3,YA156A,0.209399462469269,SKEMPI_2.0,A_B
1bp3,YA160A,0.4452714573528176,SKEMPI_2.0,A_B
1brs,DA52A,-0.5278227720595312,SKEMPI_2.0,A_D
1brs,DD35A,4.284044311812197,SKEMPI_2.0,A_D
1brs,DD39A,6.789318593719697,SKEMPI_2.0,A_D
1brs,EA58A,0.0944415834560204,SKEMPI_2.0,A_D
1brs,EA71A,2.3516005371761377,SKEMPI_2.0,A_D
1brs,"EA71A,DD35A",6.436688747441914,SKEMPI_2.0,A_D
1brs,"EA71A,DD39A",7.181369915602906,SKEMPI_2.0,A_D
1brs,EA71C,2.527370144184097,SKEMPI_2.0,A_D
1brs,EA71F,2.233949843230226,SKEMPI_2.0,A_D
1brs,"EA71F,DD35A",6.406672036434724,SKEMPI_2.0,A_D
1brs,"EA71F,DD39A",7.467619403910855,SKEMPI_2.0,A_D
1brs,EA71Q,1.4513038447248552,SKEMPI_2.0,A_D
1brs,"EA71Q,DD39A",7.203361206979899,SKEMPI_2.0,A_D
1brs,"EA71Q,ED74A",3.525070162558489,SKEMPI_2.0,A_D
1brs,EA71S,3.0088316410207905,SKEMPI_2.0,A_D
1brs,EA71W,1.656343007667639,SKEMPI_2.0,A_D
1brs,"EA71W,DD35A",5.709351598205158,SKEMPI_2.0,A_D
1brs,"EA71W,DD39A",6.661572136957884,SKEMPI_2.0,A_D
1brs,"EA71W,ED74A",3.547701936420861,SKEMPI_2.0,A_D
1brs,EA71Y,2.41240531997723,SKEMPI_2.0,A_D
1brs,ED74A,1.0932600499694856,SKEMPI_2.0,A_D
1brs,ED78A,0.4764950166689771,SKEMPI_2.0,A_D
1brs,HA100A,6.343784870648412,SKEMPI_2.0,A_D
1brs,"HA100A,DD39A",8.986392607147124,SKEMPI_2.0,A_D
1brs,"HA100A,ED74A",7.55889602935425,SKEMPI_2.0,A_D
1brs,"HA100A,ED78A",6.7414090409323,SKEMPI_2.0,A_D
1brs,"HA100A,TD42A",8.13115058607051,SKEMPI_2.0,A_D
1brs,"HA100A,WD38F",7.637963438743439,SKEMPI_2.0,A_D
1brs,"HA100A,YD29A",6.3034328627182346,SKEMPI_2.0,A_D
1brs,"HA100A,YD29F",5.5466480048644415,SKEMPI_2.0,A_D
1brs,HA100D,4.548087338082715,SKEMPI_2.0,A_D
1brs,HA100G,6.817102503870962,SKEMPI_2.0,A_D
1brs,HA100L,7.662135203070738,SKEMPI_2.0,A_D
1brs,HA100Q,4.548087338082715,SKEMPI_2.0,A_D
1brs,"HA100Q,RA57A",9.303857072815692,SKEMPI_2.0,A_D
1brs,"HA100Q,RA57K",6.9083791293143575,SKEMPI_2.0,A_D
1brs,KA25A,5.12323362494379,SKEMPI_2.0,A_D
1brs,"KA25A,DD35A",9.543943505419348,SKEMPI_2.0,A_D
1brs,"KA25A,DD39A",8.273489006412825,SKEMPI_2.0,A_D
1brs,"KA25A,ED74A",6.692329102482149,SKEMPI_2.0,A_D
1brs,"KA25A,ED78A",5.510117638623585,SKEMPI_2.0,A_D
1brs,"KA25A,TD42A",5.720775605286057,SKEMPI_2.0,A_D
1brs,"KA25A,WD38F",5.110356396776626,SKEMPI_2.0,A_D
1brs,"KA25A,YD29A",8.619843396830381,SKEMPI_2.0,A_D
1brs,NA56A,3.089361655700701,SKEMPI_2.0,A_D
1brs,RA57A,4.986006684189188,SKEMPI_2.0,A_D
1brs,"RA57A,DD35A",6.330978573496061,SKEMPI_2.0,A_D
1brs,"RA57A,DD39A",11.355083489558014,SKEMPI_2.0,A_D
1brs,"RA57A,ED74A",4.96755807272187,SKEMPI_2.0,A_D
1brs,"RA57A,ED78A",5.198604238122608,SKEMPI_2.0,A_D
1brs,"RA57A,TD42A",6.817102503870962,SKEMPI_2.0,A_D
1brs,"RA57A,WD38F",6.274542937969246,SKEMPI_2.0,A_D
1brs,"RA57A,YD29A",8.118136303950749,SKEMPI_2.0,A_D
1brs,RA57K,2.48675456894473,SKEMPI_2.0,A_D
1brs,RA81Q,5.417043967794793,SKEMPI_2.0,A_D
1brs,"RA81Q,DD35A",9.600379140946163,SKEMPI_2.0,A_D
1brs,"RA81Q,DD39A",6.435561961183713,SKEMPI_2.0,A_D
1brs,"RA81Q,ED74A",6.717377441358879,SKEMPI_2.0,A_D
1brs,"RA81Q,ED78A",5.760873296816519,SKEMPI_2.0,A_D
1brs,"RA81Q,TD42A",6.104198903136663,SKEMPI_2.0,A_D
1brs,"RA81Q,WD38F",6.754715803176556,SKEMPI_2.0,A_D
1brs,"RA81Q,YD29A",8.288480338783332,SKEMPI_2.0,A_D
1brs,RA85A,5.755242768954766,SKEMPI_2.0,A_D
1brs,"RA85A,DD39A",7.181369915602906,SKEMPI_2.0,A_D
1brs,"RA85A,ED74A",6.862673137314733,SKEMPI_2.0,A_D
1brs,"RA85A,ED78A",6.123614609765549,SKEMPI_2.0,A_D
1brs,"RA85A,TD42A",7.016336463452534,SKEMPI_2.0,A_D
1brs,"RA85A,WD38F",7.037114946287102,SKEMPI_2.0,A_D
1brs,"RA85A,YD29A",8.048393906179676,SKEMPI_2.0,A_D
1brs,TD42A,1.856607648101264,SKEMPI_2.0,A_D
1brs,WA33F,1.2595689362790012,SKEMPI_2.0,A_D
1brs,WD38F,1.6417218697449527,SKEMPI_2.0,A_D
1brs,WD44F,0.0564356355268157,SKEMPI_2.0,A_D
1brs,YD29A,3.4686345270316727,SKEMPI_2.0,A_D
1brs,YD29F,-0.1321290984654777,SKEMPI_2.0,A_D
1c1y,DA38A,2.618883667410208,SKEMPI_2.0,A_B
1c1y,KA31E,-1.7738509682104309,SKEMPI_2.0,A_B
1c1y,"KA31E,EA30D",-2.013937400814086,SKEMPI_2.0,A_B
1c1y,KB11A,1.1083427358000315,SKEMPI_2.0,A_B
1c1y,KB11E,0.8906033326435482,SKEMPI_2.0,A_B
1c1y,KB11M,0.7129036007342993,SKEMPI_2.0,A_B
1c1y,KB30A,1.3118988021628308,SKEMPI_2.0,A_B
1c1y,"KB30A,RB35G",2.618883667410208,SKEMPI_2.0,A_B
1c1y,KB30E,2.231676803970569,SKEMPI_2.0,A_B
1c1y,NB10A,0.5017070928796334,SKEMPI_2.0,A_B
1c1y,NB10D,1.4754756090521557,SKEMPI_2.0,A_B
1c1y,QB12A,1.5800201037712227,SKEMPI_2.0,A_B
1c1y,RB13A,1.4546971262175876,SKEMPI_2.0,A_B
1c1y,RB35L,2.618883667410208,SKEMPI_2.0,A_B
1c1y,RB5A,1.9059800666759084,SKEMPI_2.0,A_B
1c1y,"RB5A,NB10D",2.7510127658756853,SKEMPI_2.0,A_B
1c1y,TB14A,1.4546971262175876,SKEMPI_2.0,A_B
1c1y,VB15A,1.1233340681705375,SKEMPI_2.0,A_B
1c4z,AD56G,0.5657831698983158,SKEMPI_2.0,ABC_D
1c4z,AD95G,0.4104304674362382,SKEMPI_2.0,ABC_D
1c4z,CA324A,0.1079573341381771,SKEMPI_2.0,ABC_D
1c4z,DA145A,-0.3872068634396383,SKEMPI_2.0,ABC_D
1c4z,DA145K,0.2076330507608195,SKEMPI_2.0,ABC_D
1c4z,DA156A,0.5183878015744153,SKEMPI_2.0,ABC_D
1c4z,DA156R,1.37514615126457,SKEMPI_2.0,ABC_D
1c4z,ED57A,0.0878833439506626,SKEMPI_2.0,ABC_D
1c4z,ED57R,0.0671048611160945,SKEMPI_2.0,ABC_D
1c4z,ED90A,-0.4346022317635388,SKEMPI_2.0,ABC_D
1c4z,ED90R,-1.0023624519125989,SKEMPI_2.0,ABC_D
1c4z,FA194A,1.595558814040658,SKEMPI_2.0,ABC_D
1c4z,FD60A,3.01249806759581,SKEMPI_2.0,ABC_D
1c4z,IA159A,0.4104304674362382,SKEMPI_2.0,ABC_D
1c4z,IA163A,-0.08930615440698,SKEMPI_2.0,ABC_D
1c4z,KD61A,0.2929225068934466,SKEMPI_2.0,ABC_D
1c4z,KD61E,0.7246292512246769,SKEMPI_2.0,ABC_D
1c4z,KD6A,0.6096644270178104,SKEMPI_2.0,ABC_D
1c4z,KD6E,1.5541345148032026,SKEMPI_2.0,ABC_D
1c4z,KD93A,1.1350597186609153,SKEMPI_2.0,ABC_D
1c4z,KD93E,1.1689047016143086,SKEMPI_2.0,ABC_D
1c4z,KD97A,1.3010338000797863,SKEMPI_2.0,ABC_D
1c4z,KD97E,1.419856136301008,SKEMPI_2.0,ABC_D
1c4z,LA139A,1.216300069938209,SKEMPI_2.0,ABC_D
1c4z,LA143A,0.9985606667817252,SKEMPI_2.0,ABC_D
1c4z,LA146A,1.9730849277920028,SKEMPI_2.0,ABC_D
1c4z,LD30A,-0.3433256063201437,SKEMPI_2.0,ABC_D
1c4z,MA157A,1.929203670672508,SKEMPI_2.0,ABC_D
1c4z,MA158A,0.7584742341780703,SKEMPI_2.0,ABC_D
1c4z,MA174A,-0.5729316591342388,SKEMPI_2.0,ABC_D
1c4z,ND28A,-0.1782921541697723,SKEMPI_2.0,ABC_D
1c4z,PD59A,1.4089911342179635,SKEMPI_2.0,ABC_D
1c4z,PD94A,0.8497508596214655,SKEMPI_2.0,ABC_D
1c4z,QA141A,-0.3872068634396383,SKEMPI_2.0,ABC_D
1c4z,RD2A,0.5183878015744153,SKEMPI_2.0,ABC_D
1c4z,RD2E,1.28772703783553,SKEMPI_2.0,ABC_D
1c4z,RD3A,0.4668661029630538,SKEMPI_2.0,ABC_D
1c4z,RD3E,1.1851283466044198,SKEMPI_2.0,ABC_D
1c4z,RD49A,-0.0119625482730936,SKEMPI_2.0,ABC_D
1c4z,SA142A,0.4104304674362382,SKEMPI_2.0,ABC_D
1c4z,SA164A,-0.4104304674362382,SKEMPI_2.0,ABC_D
1c4z,"SA243P,NA245P",-0.0756934629386621,SKEMPI_2.0,ABC_D
1c4z,SD1A,0.5657831698983158,SKEMPI_2.0,ABC_D
1c4z,TA160A,0.5657831698983158,SKEMPI_2.0,ABC_D
1c4z,TA166A,-0.1321290984654778,SKEMPI_2.0,ABC_D
1c4z,VA138A,0.5657831698983158,SKEMPI_2.0,ABC_D
1c4z,WD92A,0.8208609348724764,SKEMPI_2.0,ABC_D
1c4z,YA149A,1.28772703783553,SKEMPI_2.0,ABC_D
1c4z,YA198L,0.8208609348724764,SKEMPI_2.0,ABC_D
1cbw,FI33A,0.1413607570340712,SKEMPI_2.0,FGH_I
1cbw,GI12A,0.6368353214925095,SKEMPI_2.0,FGH_I
1cbw,GI36A,0.92280006454715,SKEMPI_2.0,FGH_I
1cbw,GI37A,0.8026256949672159,SKEMPI_2.0,FGH_I
1cbw,II18A,1.4006978148279814,SKEMPI_2.0,FGH_I
1cbw,II19A,0.1199583679010697,SKEMPI_2.0,FGH_I
1cbw,KI15A,2.0540874854319866,SKEMPI_2.0,FGH_I
1cbw,KI15D,5.214869954462133,SKEMPI_2.0,FGH_I
1cbw,KI15E,3.8651751634272777,SKEMPI_2.0,FGH_I
1cbw,KI15F,-1.963596529317319,SKEMPI_2.0,FGH_I
1cbw,KI15G,4.1123835331354055,SKEMPI_2.0,FGH_I
1cbw,KI15H,0.0991066270002026,SKEMPI_2.0,FGH_I
1cbw,KI15I,2.9301628987994337,SKEMPI_2.0,FGH_I
1cbw,KI15L,-1.5804635974325931,SKEMPI_2.0,FGH_I
1cbw,KI15M,-1.4264989724683048,SKEMPI_2.0,FGH_I
1cbw,KI15N,1.3234049589185417,SKEMPI_2.0,FGH_I
1cbw,KI15Q,0.3055660112415052,SKEMPI_2.0,FGH_I
1cbw,KI15R,-0.6139017382824639,SKEMPI_2.0,FGH_I
1cbw,KI15S,3.389484307866507,SKEMPI_2.0,FGH_I
1cbw,KI15T,2.085487843787246,SKEMPI_2.0,FGH_I
1cbw,KI15V,2.1346562338447943,SKEMPI_2.0,FGH_I
1cbw,KI15W,-2.434919344692223,SKEMPI_2.0,FGH_I
1cbw,KI15Y,-2.6134557566200294,SKEMPI_2.0,FGH_I
1cbw,KI46A,0.1199583679010697,SKEMPI_2.0,FGH_I
1cbw,PI13A,-0.0772698806780035,SKEMPI_2.0,FGH_I
1cbw,RI17A,0.5218628622055224,SKEMPI_2.0,FGH_I
1cbw,RI20A,0.324102864160956,SKEMPI_2.0,FGH_I
1cbw,RI39A,0.2087249205788068,SKEMPI_2.0,FGH_I
1cbw,TI11A,0.2087249205788068,SKEMPI_2.0,FGH_I
1cbw,VI34A,0.0255015118965632,SKEMPI_2.0,FGH_I
1cbw,YI35A,0.834170359105375,SKEMPI_2.0,FGH_I
1cho,AI12C,-0.3222141289978376,SKEMPI_2.0,EFG_I
1cho,AI12D,0.0,SKEMPI_2.0,EFG_I
1cho,"AI12D,GI29A",-0.8536477259845054,SKEMPI_2.0,EFG_I
1cho,"AI12D,GI29A,NI30S",-0.0296138021346107,SKEMPI_2.0,EFG_I
1cho,"AI12D,LI15A",4.76049330440876,SKEMPI_2.0,EFG_I
1cho,"AI12D,LI15A,YI17D",10.760956435640605,SKEMPI_2.0,EFG_I
1cho,AI12E,0.2218648205291781,SKEMPI_2.0,EFG_I
1cho,AI12F,-0.7252106569477538,SKEMPI_2.0,EFG_I
1cho,AI12G,0.0650924631148342,SKEMPI_2.0,EFG_I
1cho,"AI12G,LI15M,LI20V,KI26I,EI40K",1.0987385130529312,SKEMPI_2.0,EFG_I
1cho,"AI12G,TI14M,LI15M,YI17R,RI18L,GI29N,NI30D,SI48N,KI52E",9.076008010655215,SKEMPI_2.0,EFG_I
1cho,AI12H,-0.3222141289978376,SKEMPI_2.0,EFG_I
1cho,AI12I,0.6462107416449963,SKEMPI_2.0,EFG_I
1cho,AI12K,2.463831910583928,SKEMPI_2.0,EFG_I
1cho,AI12L,0.1387357515882073,SKEMPI_2.0,EFG_I
1cho,AI12M,0.1387357515882073,SKEMPI_2.0,EFG_I
1cho,AI12N,-0.2848737529791247,SKEMPI_2.0,EFG_I
1cho,AI12P,3.065546640420688,SKEMPI_2.0,EFG_I
1cho,AI12Q,0.4362723565426225,SKEMPI_2.0,EFG_I
1cho,AI12R,0.4620112332605197,SKEMPI_2.0,EFG_I
1cho,"AI12R,LI15R",4.87307821870389,SKEMPI_2.0,EFG_I
1cho,"AI12R,TI14K,LI15R",7.86007929858645,SKEMPI_2.0,EFG_I
1cho,"AI12R,TI14K,LI15R,EI16S",8.275682588842653,SKEMPI_2.0,EFG_I
1cho,"AI12R,TI14P,LI15R",8.779132639822421,SKEMPI_2.0,EFG_I
1cho,AI12S,0.0650924631148342,SKEMPI_2.0,EFG_I
1cho,AI12T,0.9555433657641382,SKEMPI_2.0,EFG_I
1cho,"AI12T,LI15M",0.9105844186753173,SKEMPI_2.0,EFG_I
1cho,AI12V,0.9253913197426225,SKEMPI_2.0,EFG_I
1cho,"AI12V,TI14S",3.559684273237641,SKEMPI_2.0,EFG_I
1cho,"AI12V,TI14S,RI18M,NI25S,KI26Q,GI29S,KI31E,EI40D",6.543300424958257,SKEMPI_2.0,EFG_I
1cho,AI12W,-1.898441984545839,SKEMPI_2.0,EFG_I
1cho,AI12Y,-0.8633037805397598,SKEMPI_2.0,EFG_I
1cho,"DI4N,EI7D,AI12V,TI14S,EI16L,RI18M,VI39A,EI40D",6.369652624481808,SKEMPI_2.0,EFG_I
1cho,"DI4N,EI7G,LI15M,RI18M,EI40D,KI52E",1.887022350081789,SKEMPI_2.0,EFG_I
1cho,EI16A,2.3006629202192137,SKEMPI_2.0,EFG_I
1cho,EI16C,2.690239108910151,SKEMPI_2.0,EFG_I
1cho,EI16D,0.8694451643274895,SKEMPI_2.0,EFG_I
1cho,EI16F,3.5720876691145915,SKEMPI_2.0,EFG_I
1cho,EI16G,3.5720876691145915,SKEMPI_2.0,EFG_I
1cho,EI16H,2.060544642339902,SKEMPI_2.0,EFG_I
1cho,EI16I,2.605531082663389,SKEMPI_2.0,EFG_I
1cho,EI16K,3.5444439828227874,SKEMPI_2.0,EFG_I
1cho,EI16L,2.8289748604983584,SKEMPI_2.0,EFG_I
1cho,EI16M,2.66062530677554,SKEMPI_2.0,EFG_I
1cho,EI16N,2.3006629202192137,SKEMPI_2.0,EFG_I
1cho,EI16P,2.554584219933441,SKEMPI_2.0,EFG_I
1cho,EI16Q,1.315505752320465,SKEMPI_2.0,EFG_I
1cho,EI16R,3.630437329720079,SKEMPI_2.0,EFG_I
1cho,EI16S,2.7553315720249856,SKEMPI_2.0,EFG_I
1cho,EI16T,2.868753244229075,SKEMPI_2.0,EFG_I
1cho,EI16V,2.405365355931026,SKEMPI_2.0,EFG_I
1cho,EI16W,3.115889754655394,SKEMPI_2.0,EFG_I
1cho,EI16Y,2.631889448304664,SKEMPI_2.0,EFG_I
1cho,"EI7D,AI12V,EI16D,RI18M,GI29S,EI40D,LI45I,KI52R",5.445570680935136,SKEMPI_2.0,EFG_I
1cho,"EI7D,AI12V,EI16D,RI18M,KI26T,GI29S,EI40D,LI45I",5.60234303834948,SKEMPI_2.0,EFG_I
1cho,"EI7D,AI12V,TI14P,EI16D,RI18M,NI25S,GI29S,NI42S,SI48R",7.231260857305547,SKEMPI_2.0,EFG_I
1cho,"EI7D,AI12V,TI14S,EI16D,RI18M,KI26T,GI29N,NI33I,EI40D,LI45I",7.5058266374310625,SKEMPI_2.0,EFG_I
1cho,"EI7D,AI12V,TI14S,RI18M,NI25S,GI29N,NI33D,SI48G",4.303924234524279,SKEMPI_2.0,EFG_I
1cho,"EI7D,AI12V,TI14S,RI18M,NI25S,GI29S,EI40D",5.380478217820302,SKEMPI_2.0,EFG_I
1cho,"EI7D,AI12V,TI14S,RI18M,NI25S,GI29S,NI33D,EI40D",4.354929663936948,SKEMPI_2.0,EFG_I
1cho,"EI7D,AI12V,TI14S,RI18M,NI25S,GI29S,NI33D,EI40D,TI46N",4.21387279868415,SKEMPI_2.0,EFG_I
1cho,"EI7D,AI12V,TI14S,RI18M,NI25S,GI29S,NI33D,VI38F,EI40D,TI46S",4.1740944149534345,SKEMPI_2.0,EFG_I
1cho,"EI7D,AI12V,TI14S,RI18M,NI25S,GI29S,VI39A,EI40D",4.917207223569666,SKEMPI_2.0,EFG_I
1cho,"EI7D,AI12V,TI14S,RI18M,VI39A,EI40D",5.174965444793366,SKEMPI_2.0,EFG_I
1cho,"EI7D,AI12V,YI17E,RI18M,EI40D",7.714772178936883,SKEMPI_2.0,EFG_I
1cho,"EI7D,KI10M,LI15M,LI20V",0.5195177581164199,SKEMPI_2.0,EFG_I
1cho,"EI7D,KI10R,AI12D,RI18M,EI40D",2.386993464498827,SKEMPI_2.0,EFG_I
1cho,"EI7D,KI10R,AI12V,EI16D,RI18M,GI29S,EI40D,LI45I,KI52R",4.959797755126795,SKEMPI_2.0,EFG_I
1cho,"EI7D,LI15F,RI18M,EI40D",1.022905425457238,SKEMPI_2.0,EFG_I
1cho,"EI7D,LI15M,RI18M,EI40D",2.690239108910151,SKEMPI_2.0,EFG_I
1cho,"EI7D,LI15M,RI18M,GI29D,EI40D",5.558992353139226,SKEMPI_2.0,EFG_I
1cho,"EI7D,LI15V,RI18M,EI40D",6.520084999248441,SKEMPI_2.0,EFG_I
1cho,"EI7D,LI15V,RI18M,GI29D,EI40D",9.386223079050918,SKEMPI_2.0,EFG_I
1cho,"EI7D,RI18M,EI40D",2.5079417615930306,SKEMPI_2.0,EFG_I
1cho,"EI7D,RI18M,KI26Q,GI29S,NI33S,EI40D",1.2867698938495882,SKEMPI_2.0,EFG_I
1cho,"EI7D,RI18M,KI31R,EI40D",2.423177040567257,SKEMPI_2.0,EFG_I
1cho,"EI7D,RI18M,LI20F,NI25S,GI29S,EI40D",2.631889448304664,SKEMPI_2.0,EFG_I
1cho,"EI7D,TI14L,RI18M,GI29D,NI33S,EI40D,TI46S",9.093622752187692,SKEMPI_2.0,EFG_I
1cho,"EI7D,TI14R,LI15M,RI18M,EI40D",6.440724019296253,SKEMPI_2.0,EFG_I
1cho,"EI7D,TI14S,EI16D,RI18M,NI25S,GI29S,EI40D,GI51E",7.553483871072322,SKEMPI_2.0,EFG_I
1cho,"EI7D,YI8H,AI12V,TI14S,RI18M,NI25S,GI29S,NI33D",4.803785551365578,SKEMPI_2.0,EFG_I
1cho,"EI7D,YI8H,TI14L,LI15Q,YI17Q,RI18K,GI29D,NI33S,EI40D",10.982821256169782,SKEMPI_2.0,EFG_I
1cho,"EI7D,YI8H,TI14L,LI15Q,YI17Q,RI18K,LI20I,GI29D,NI33S,EI40D",10.899692187228812,SKEMPI_2.0,EFG_I
1cho,"EI7G,KI10Q,PI11S,TI14P,LI15Q,EI16D,RI18V,LI20F,GI29S,VI39A,EI40D",7.400485584225758,SKEMPI_2.0,EFG_I
1cho,"EI7G,KI10Q,TI14S,RI18V,LI20F,GI29S,NI33D,VI39A,EI40D",1.6136851256141274,SKEMPI_2.0,EFG_I
1cho,"EI7G,LI15M,RI18M,EI40D",2.66062530677554,SKEMPI_2.0,EFG_I
1cho,"EI7G,LI15M,RI18M,EI40D,KI52E",1.864637312571496,SKEMPI_2.0,EFG_I
1cho,"EI7G,LI15M,YI17S,LI20I,KI26T,GI29S,HI49Y,FI50P,KI52V",2.7553315720249856,SKEMPI_2.0,EFG_I
1cho,GI29A,-0.9187102323673708,SKEMPI_2.0,EFG_I
1cho,GI29C,2.5079417615930306,SKEMPI_2.0,EFG_I
1cho,GI29D,3.065546640420688,SKEMPI_2.0,EFG_I
1cho,GI29E,2.5792714708047866,SKEMPI_2.0,EFG_I
1cho,GI29F,0.1007417513850216,SKEMPI_2.0,EFG_I
1cho,GI29H,-0.9698120229445384,SKEMPI_2.0,EFG_I
1cho,GI29I,2.334293961116581,SKEMPI_2.0,EFG_I
1cho,GI29K,1.5669843749842538,SKEMPI_2.0,EFG_I
1cho,GI29L,1.7262398503427543,SKEMPI_2.0,EFG_I
1cho,GI29M,1.6136851256141274,SKEMPI_2.0,EFG_I
1cho,GI29N,0.9401982208099278,SKEMPI_2.0,EFG_I
1cho,GI29P,0.3195710005717213,SKEMPI_2.0,EFG_I
1cho,GI29Q,2.3504102383798378,SKEMPI_2.0,EFG_I
1cho,GI29R,1.7204270859656126,SKEMPI_2.0,EFG_I
1cho,GI29S,-0.1356548889767095,SKEMPI_2.0,EFG_I
1cho,GI29T,2.047342317730152,SKEMPI_2.0,EFG_I
1cho,GI29V,0.6381872620463365,SKEMPI_2.0,EFG_I
1cho,GI29W,1.0418739100437513,SKEMPI_2.0,EFG_I
1cho,GI29Y,-0.9698120229445384,SKEMPI_2.0,EFG_I
1cho,KI10A,0.1785141353189238,SKEMPI_2.0,EFG_I
1cho,KI10C,0.4962406549531339,SKEMPI_2.0,EFG_I
1cho,KI10D,-0.5039258642673053,SKEMPI_2.0,EFG_I
1cho,KI10E,0.1785141353189238,SKEMPI_2.0,EFG_I
1cho,KI10F,1.0780574861121814,SKEMPI_2.0,EFG_I
1cho,KI10G,1.7969709142416608,SKEMPI_2.0,EFG_I
1cho,KI10H,0.1387357515882073,SKEMPI_2.0,EFG_I
1cho,KI10I,1.5236336897739997,SKEMPI_2.0,EFG_I
1cho,KI10L,0.375307531510537,SKEMPI_2.0,EFG_I
1cho,KI10M,0.420266478599358,SKEMPI_2.0,EFG_I
1cho,KI10N,-0.35594514779357,SKEMPI_2.0,EFG_I
1cho,KI10P,2.047342317730152,SKEMPI_2.0,EFG_I
1cho,KI10Q,-0.5648906892993909,SKEMPI_2.0,EFG_I
1cho,KI10R,-0.3725186849011209,SKEMPI_2.0,EFG_I
1cho,"KI10R,AI12R,TI14K,LI15R",7.915025916860754,SKEMPI_2.0,EFG_I
1cho,"KI10R,PI11F,AI12R,TI14K,LI15R",7.98488380091098,SKEMPI_2.0,EFG_I
1cho,KI10S,-0.420680462693508,SKEMPI_2.0,EFG_I
1cho,"KI10S,PI11D,AI12Y",-1.02231209424345,SKEMPI_2.0,EFG_I
1cho,"KI10S,PI11D,AI12Y,LI15G,EI16I,RI18K",7.192954951324236,SKEMPI_2.0,EFG_I
1cho,KI10T,0.375307531510537,SKEMPI_2.0,EFG_I
1cho,"KI10T,PI11E,AI12Y",-0.9322307887369372,SKEMPI_2.0,EFG_I
1cho,"KI10T,PI11E,AI12Y,LI15G,RI18M,GI29P,NI33V",5.821747103589501,SKEMPI_2.0,EFG_I
1cho,KI10V,1.1851501988008324,SKEMPI_2.0,EFG_I
1cho,KI10W,1.005290683924762,SKEMPI_2.0,EFG_I
1cho,KI10Y,1.0602458014759508,SKEMPI_2.0,EFG_I
1cho,LI15A,4.781450809100635,SKEMPI_2.0,EFG_I
1cho,LI15C,2.605531082663389,SKEMPI_2.0,EFG_I
1cho,LI15D,7.100905303785916,SKEMPI_2.0,EFG_I
1cho,LI15E,6.66181441882027,SKEMPI_2.0,EFG_I
1cho,LI15F,-1.480774443431785,SKEMPI_2.0,EFG_I
1cho,LI15G,6.000387115327625,SKEMPI_2.0,EFG_I
1cho,LI15H,2.958804680069203,SKEMPI_2.0,EFG_I
1cho,LI15I,4.416478959252905,SKEMPI_2.0,EFG_I
1cho,LI15K,4.312269496779956,SKEMPI_2.0,EFG_I
1cho,LI15M,0.3474392660411292,SKEMPI_2.0,EFG_I
1cho,"LI15M,GI29D",3.3720815029968683,SKEMPI_2.0,EFG_I
1cho,"LI15M,HI49R",0.1387357515882073,SKEMPI_2.0,EFG_I
1cho,"LI15M,HI49R,KI52E",-0.4345351357797584,SKEMPI_2.0,EFG_I
1cho,"LI15M,LI20V,KI26I,EI40K",1.022905425457238,SKEMPI_2.0,EFG_I
1cho,"LI15M,NI33D,SI48N",-0.475674390127586,SKEMPI_2.0,EFG_I
1cho,"LI15M,SI48N",0.375307531510537,SKEMPI_2.0,EFG_I
1cho,"LI15M,SI48N,HI49R,KI52Q",0.2685655711590519,SKEMPI_2.0,EFG_I
1cho,"LI15M,TI27S,GI29D",3.5314327990979213,SKEMPI_2.0,EFG_I
1cho,"LI15M,TI46N,KI52T",0.6462107416449963,SKEMPI_2.0,EFG_I
1cho,"LI15M,YI17H,KI26Q,GI29D",4.1740944149534345,SKEMPI_2.0,EFG_I
1cho,"LI15M,YI17Q",3.470467974065836,SKEMPI_2.0,EFG_I
1cho,LI15N,3.3101480064174726,SKEMPI_2.0,EFG_I
1cho,LI15P,8.678981094445446,SKEMPI_2.0,EFG_I
1cho,LI15Q,3.209680197864833,SKEMPI_2.0,EFG_I
1cho,LI15R,3.950650637118465,SKEMPI_2.0,EFG_I
1cho,LI15S,4.917207223569666,SKEMPI_2.0,EFG_I
1cho,"LI15S,RI18V,LI20I",7.123817181554372,SKEMPI_2.0,EFG_I
1cho,LI15T,4.422234454084392,SKEMPI_2.0,EFG_I
1cho,LI15V,4.21387279868415,SKEMPI_2.0,EFG_I
1cho,LI15W,-1.667333683452913,SKEMPI_2.0,EFG_I
1cho,LI15Y,-2.193998453957017,SKEMPI_2.0,EFG_I
1cho,NI25S,0.0,SKEMPI_2.0,EFG_I
1cho,"NI25S,GI29A",-0.8488788995019417,SKEMPI_2.0,EFG_I
1cho,NI33A,-1.3451195544550754,SKEMPI_2.0,EFG_I
1cho,NI33C,-0.1109676381053645,SKEMPI_2.0,EFG_I
1cho,NI33D,-1.0255485538833542,SKEMPI_2.0,EFG_I
1cho,NI33E,2.3006629202192137,SKEMPI_2.0,EFG_I
1cho,NI33F,2.334293961116581,SKEMPI_2.0,EFG_I
1cho,NI33G,-1.3747333565896862,SKEMPI_2.0,EFG_I
1cho,NI33H,-0.7252106569477538,SKEMPI_2.0,EFG_I
1cho,NI33I,-0.0296138021346107,SKEMPI_2.0,EFG_I
1cho,NI33K,2.3006629202192137,SKEMPI_2.0,EFG_I
1cho,NI33L,0.6082637677149922,SKEMPI_2.0,EFG_I
1cho,NI33M,-0.2055127730269365,SKEMPI_2.0,EFG_I
1cho,NI33P,-1.8083905487057104,SKEMPI_2.0,EFG_I
1cho,NI33Q,-0.1822973473171206,SKEMPI_2.0,EFG_I
1cho,NI33R,1.5669843749842538,SKEMPI_2.0,EFG_I
1cho,NI33S,-1.4560871925604402,SKEMPI_2.0,EFG_I
1cho,NI33T,-1.2800270913402414,SKEMPI_2.0,EFG_I
1cho,NI33V,0.0324026487440268,SKEMPI_2.0,EFG_I
1cho,NI33W,2.1482602973792178,SKEMPI_2.0,EFG_I
1cho,NI33Y,2.530269753255908,SKEMPI_2.0,EFG_I
1cho,PI11A,0.375307531510537,SKEMPI_2.0,EFG_I
1cho,PI11C,-0.9698120229445384,SKEMPI_2.0,EFG_I
1cho,PI11D,-0.8394564694249061,SKEMPI_2.0,EFG_I
1cho,PI11E,-0.7100363492516697,SKEMPI_2.0,EFG_I
1cho,PI11F,-0.3032456444113242,SKEMPI_2.0,EFG_I
1cho,PI11G,0.6275453199731748,SKEMPI_2.0,EFG_I
1cho,PI11H,-0.1109676381053645,SKEMPI_2.0,EFG_I
1cho,PI11I,-0.5039258642673053,SKEMPI_2.0,EFG_I
1cho,PI11K,0.381120295887679,SKEMPI_2.0,EFG_I
1cho,PI11L,-0.5172334556581313,SKEMPI_2.0,EFG_I
1cho,PI11M,-0.8165445916564487,SKEMPI_2.0,EFG_I
1cho,PI11N,-0.7690944766133522,SKEMPI_2.0,EFG_I
1cho,PI11Q,-0.7175742344819007,SKEMPI_2.0,EFG_I
1cho,PI11R,0.3925751334863979,SKEMPI_2.0,EFG_I
1cho,PI11S,-0.4345351357797584,SKEMPI_2.0,EFG_I
1cho,"PI11S,AI12L,TI14K,LI15R",7.195685614031973,SKEMPI_2.0,EFG_I
1cho,"PI11S,AI12R,TI14P,LI15R",8.35238678288405,SKEMPI_2.0,EFG_I
1cho,PI11T,-0.5419788115309333,SKEMPI_2.0,EFG_I
1cho,PI11V,-0.5419788115309333,SKEMPI_2.0,EFG_I
1cho,PI11W,-0.2055127730269365,SKEMPI_2.0,EFG_I
1cho,PI11Y,-0.3895761886909373,SKEMPI_2.0,EFG_I
1cho,RI18A,3.147192492393524,SKEMPI_2.0,EFG_I
1cho,RI18C,3.470467974065836,SKEMPI_2.0,EFG_I
1cho,RI18D,3.730243647758704,SKEMPI_2.0,EFG_I
1cho,RI18E,3.470467974065836,SKEMPI_2.0,EFG_I
1cho,RI18F,2.9121039294393296,SKEMPI_2.0,EFG_I
1cho,RI18G,3.4374208192740485,SKEMPI_2.0,EFG_I
1cho,RI18H,2.7553315720249856,SKEMPI_2.0,EFG_I
1cho,RI18I,2.079805002238067,SKEMPI_2.0,EFG_I
1cho,RI18K,0.6535130617282794,SKEMPI_2.0,EFG_I
1cho,RI18L,2.7909808602951727,SKEMPI_2.0,EFG_I
1cho,RI18M,2.5792714708047866,SKEMPI_2.0,EFG_I
1cho,"RI18M,KI26Q,GI29S,EI40D",2.958804680069203,SKEMPI_2.0,EFG_I
1cho,RI18N,3.470467974065836,SKEMPI_2.0,EFG_I
1cho,RI18P,7.187609005535898,SKEMPI_2.0,EFG_I
1cho,RI18Q,2.443858067508007,SKEMPI_2.0,EFG_I
1cho,RI18S,3.142090468696736,SKEMPI_2.0,EFG_I
1cho,RI18T,2.631889448304664,SKEMPI_2.0,EFG_I
1cho,RI18V,2.0372410055313908,SKEMPI_2.0,EFG_I
1cho,"RI18V,LI20I",2.136916678819388,SKEMPI_2.0,EFG_I
1cho,RI18W,2.405365355931026,SKEMPI_2.0,EFG_I
1cho,RI18Y,2.958804680069203,SKEMPI_2.0,EFG_I
1cho,TI14A,4.178837305187233,SKEMPI_2.0,EFG_I
1cho,TI14C,3.2826058956903035,SKEMPI_2.0,EFG_I
1cho,TI14D,6.725597772275378,SKEMPI_2.0,EFG_I
1cho,TI14E,5.58158868565699,SKEMPI_2.0,EFG_I
1cho,TI14F,4.1740944149534345,SKEMPI_2.0,EFG_I
1cho,TI14G,5.220508862166059,SKEMPI_2.0,EFG_I
1cho,TI14H,3.6008235275854683,SKEMPI_2.0,EFG_I
1cho,TI14I,3.6008235275854683,SKEMPI_2.0,EFG_I
1cho,TI14K,4.035358663365226,SKEMPI_2.0,EFG_I
1cho,"TI14K,LI15R",7.299523389759157,SKEMPI_2.0,EFG_I
1cho,TI14L,4.354929663936948,SKEMPI_2.0,EFG_I
1cho,TI14M,3.8997037743885175,SKEMPI_2.0,EFG_I
1cho,"TI14M,LI15S,GI29V",8.862514451094766,SKEMPI_2.0,EFG_I
1cho,TI14N,4.257223483894405,SKEMPI_2.0,EFG_I
1cho,TI14P,4.1740944149534345,SKEMPI_2.0,EFG_I
1cho,"TI14P,LI15K",8.249231462049378,SKEMPI_2.0,EFG_I
1cho,"TI14P,LI15K,EI16D,LI20V,GI29S,SI48N",7.417719223351693,SKEMPI_2.0,EFG_I
1cho,"TI14P,LI15K,EI16D,LI20V,SI48N",7.0451687728471,SKEMPI_2.0,EFG_I
1cho,"TI14P,LI15K,EI16D,LI20V,SI48N,HI49R",6.904111907594301,SKEMPI_2.0,EFG_I
1cho,"TI14P,LI15K,GI29D",9.791144412696063,SKEMPI_2.0,EFG_I
1cho,TI14Q,3.630437329720079,SKEMPI_2.0,EFG_I
1cho,TI14R,3.8298458903382895,SKEMPI_2.0,EFG_I
1cho,"TI14R,LI15R",7.113283176301652,SKEMPI_2.0,EFG_I
1cho,TI14S,2.31772042400903,SKEMPI_2.0,EFG_I
1cho,TI14V,3.37958289607056,SKEMPI_2.0,EFG_I
1cho,TI14W,4.100451126480061,SKEMPI_2.0,EFG_I
1cho,TI14Y,4.410666194875764,SKEMPI_2.0,EFG_I
1cho,"VI3I,EI7D,AI12V,TI14S,RI18M,NI25S,GI29S,EI40D,TI46I",5.350864415685691,SKEMPI_2.0,EFG_I
1cho,YI17A,2.5079417615930306,SKEMPI_2.0,EFG_I
1cho,YI17C,2.5079417615930306,SKEMPI_2.0,EFG_I
1cho,YI17D,6.117526638041273,SKEMPI_2.0,EFG_I
1cho,YI17E,4.945943082040543,SKEMPI_2.0,EFG_I
1cho,YI17F,0.1785141353189238,SKEMPI_2.0,EFG_I
1cho,YI17G,3.1317507651459624,SKEMPI_2.0,EFG_I
1cho,YI17H,1.4885981962770818,SKEMPI_2.0,EFG_I
1cho,YI17I,2.079805002238067,SKEMPI_2.0,EFG_I
1cho,YI17K,3.1212247506384188,SKEMPI_2.0,EFG_I
1cho,YI17L,0.674887811950381,SKEMPI_2.0,EFG_I
1cho,YI17M,1.2094646654783658,SKEMPI_2.0,EFG_I
1cho,YI17N,2.958804680069203,SKEMPI_2.0,EFG_I
1cho,YI17P,8.44602485824099,SKEMPI_2.0,EFG_I
1cho,YI17Q,3.110505587509509,SKEMPI_2.0,EFG_I
1cho,YI17R,2.868753244229075,SKEMPI_2.0,EFG_I
1cho,YI17S,2.8289748604983584,SKEMPI_2.0,EFG_I
1cho,YI17T,3.2579186448189583,SKEMPI_2.0,EFG_I
1cho,YI17V,3.415373749953685,SKEMPI_2.0,EFG_I
1cho,YI17W,0.3868757907191646,SKEMPI_2.0,EFG_I
1cho,"YI8H,EI16D,LI20I,NI25S,GI29S,NI33D,VI39M,EI40D",0.1387357515882073,SKEMPI_2.0,EFG_I
1cho,"YI8H,YI17D,TI27I,GI29S,NI33D,VI39L",6.790690235390213,SKEMPI_2.0,EFG_I
1cse,LI38D,4.350228561170247,SKEMPI_2.0,E_I
1cse,LI38E,2.349469204059361,SKEMPI_2.0,E_I
1cse,LI38G,2.2487274526743395,SKEMPI_2.0,E_I
1cse,LI38I,2.9408489037506547,SKEMPI_2.0,E_I
1cse,LI38P,6.670961906758731,SKEMPI_2.0,E_I
1cse,LI38S,1.172173469378316,SKEMPI_2.0,E_I
1cso,II13L,-4.418672088533332,SKEMPI_2.0,E_I
1ct0,SI13L,-4.100162440636085,SKEMPI_2.0,E_I
1ct2,TI13L,-3.1599642198261573,SKEMPI_2.0,E_I
1cz8,LL4M,0.0408524730220826,SKEMPI_2.0,HL_VW
1cz8,"LL4M,DH28T,HH31N",0.4512829404583208,SKEMPI_2.0,HL_VW
1cz8,"LL4M,DH28T,HH31N,TH105K,YH103I,GH104A",1.3634205007741922,SKEMPI_2.0,HL_VW
1cz8,"LL4M,DH28T,HH31N,TH105N,YH103R,GH104D",0.7993267072001529,SKEMPI_2.0,HL_VW
1cz8,"LL4M,DH28T,HH31N,TH105S",0.2111965078546658,SKEMPI_2.0,HL_VW
1cz8,"LL4M,DH28T,HH31N,YH101H",1.404272973796275,SKEMPI_2.0,HL_VW
1cz8,"LL4M,DH28T,HH31N,YH101H,TH105S",2.367088217519026,SKEMPI_2.0,HL_VW
1cz8,"LL4M,DH28T,HH31N,YH101H,TH105S,LH72I,TH74K",1.8711390767593288,SKEMPI_2.0,HL_VW
1cz8,"LL4M,DH28T,HH31N,YH101H,TH105S,LH72V,TH74V",2.4652203412724063,SKEMPI_2.0,HL_VW
1cz8,"LL4M,DH28T,HH31N,YH101H,TH105S,YH54W",1.6573736885196917,SKEMPI_2.0,HL_VW
1cz8,"LL4M,DH28T,HH31N,YH103R",0.621626975290904,SKEMPI_2.0,HL_VW
1cz8,"LL4M,DH28T,HH31N,YH103R,GH104N",1.0320574427271425,SKEMPI_2.0,HL_VW
1cz8,"LL4M,DH28T,HH31N,YH103W",0.7537560737563819,SKEMPI_2.0,HL_VW
1cz8,"LL4M,DH28T,YH101H,TH105S",1.0320574427271425,SKEMPI_2.0,HL_VW
1cz8,"LL4M,HH31N,YH101H,TH105S",1.5746170086288582,SKEMPI_2.0,HL_VW
1cz8,"LL4M,YH101H,TH105S",1.101799840498214,SKEMPI_2.0,HL_VW
1cz8,"LL4M,YH54W",0.5912548820583813,SKEMPI_2.0,HL_VW
1cz8,V:F17A,0.0,AB-BIND,HL_VW
1cz8,V:Y21A,0.0,AB-BIND,HL_VW
1cz8,W:E93A,1.15,AB-BIND,HL_VW
1cz8,W:G88A,2.67,AB-BIND,HL_VW
1cz8,W:G92A,4.1,AB-BIND,HL_VW
1cz8,W:H86A,0.0,AB-BIND,HL_VW
1cz8,W:H90A,0.0,AB-BIND,HL_VW
1cz8,W:I80A,0.95,AB-BIND,HL_VW
1cz8,W:I83A,1.3,AB-BIND,HL_VW
1cz8,W:I91A,1.06,AB-BIND,HL_VW
1cz8,W:K48A,0.0,AB-BIND,HL_VW
1cz8,W:K84A,1.36,AB-BIND,HL_VW
1cz8,W:M81A,4.1,AB-BIND,HL_VW
1cz8,W:M94A,1.91,AB-BIND,HL_VW
1cz8,W:Q79A,0.65,AB-BIND,HL_VW
1cz8,W:Q87A,0.0,AB-BIND,HL_VW
1cz8,W:Q89A,1.06,AB-BIND,HL_VW
1cz8,W:R82A,0.82,AB-BIND,HL_VW
1cz8,W:Y45A,1.94,AB-BIND,HL_VW
1dan,"CT44S,CT52S",-0.3388120421521639,SKEMPI_2.0,HL_UT
1dan,DT39A,1.4377083735782576,SKEMPI_2.0,HL_UT
1dan,"DT39A,DT53A",4.01111017129566,SKEMPI_2.0,HL_UT
1dan,"DT39A,FU50A",3.299272905600371,SKEMPI_2.0,HL_UT
1dan,"DT39A,KT15A",4.1548632341918825,SKEMPI_2.0,HL_UT
1dan,"DT39A,KT15A,FU50A",5.962801494432665,SKEMPI_2.0,HL_UT
1dan,"DT39A,TT55A",4.324353887817617,SKEMPI_2.0,HL_UT
1dan,"DT39A,WT40A",1.5670411311559171,SKEMPI_2.0,HL_UT
1dan,"DT49A,ET51A",0.4330622412986105,SKEMPI_2.0,HL_UT
1dan,DT53A,1.988402306569147,SKEMPI_2.0,HL_UT
1dan,DT53E,1.379540218427486,SKEMPI_2.0,HL_UT
1dan,DT56A,0.2419111674837843,SKEMPI_2.0,HL_UT
1dan,"DT56A,ET57A",0.3043925061294047,SKEMPI_2.0,HL_UT
1dan,DU39A,-0.0265395491083695,SKEMPI_2.0,HL_UT
1dan,DU55A,-0.0106692255892788,SKEMPI_2.0,HL_UT
1dan,ET19A,0.6575243901085823,SKEMPI_2.0,HL_UT
1dan,ET21A,0.1013521327385483,SKEMPI_2.0,HL_UT
1dan,ET57A,0.0,SKEMPI_2.0,HL_UT
1dan,EU114A,-0.0048258294828089,SKEMPI_2.0,HL_UT
1dan,EU15A,-0.0598033161268963,SKEMPI_2.0,HL_UT
1dan,EU38A,0.0857581698434786,SKEMPI_2.0,HL_UT
1dan,"EU40A,RU41F",-0.0215342276723235,SKEMPI_2.0,HL_UT
1dan,"EU89A,NU90A",-0.0935237856357198,SKEMPI_2.0,HL_UT
1dan,EU9A,-0.175492989016453,SKEMPI_2.0,HL_UT
1dan,FT45A,0.4376702489900028,SKEMPI_2.0,HL_UT
1dan,FT71A,1.149318367867933,SKEMPI_2.0,HL_UT
1dan,FU50A,1.747641308510488,SKEMPI_2.0,HL_UT
1dan,FU57A,-0.0598033161268963,SKEMPI_2.0,HL_UT
1dan,GT38A,0.0672634878716761,SKEMPI_2.0,HL_UT
1dan,GU70R,-0.1627035933407163,SKEMPI_2.0,HL_UT
1dan,IT17A,0.6447211669823225,SKEMPI_2.0,HL_UT
1dan,IT33A,-0.1315552385605954,SKEMPI_2.0,HL_UT
1dan,IT58A,0.0,SKEMPI_2.0,HL_UT
1dan,IU62A,0.1786957388724349,SKEMPI_2.0,HL_UT
1dan,KH189A,-0.1853155477433476,SKEMPI_2.0,HL_UT
1dan,KT10A,-0.3971237051919821,SKEMPI_2.0,HL_UT
1dan,KT15A,2.5118725693686232,SKEMPI_2.0,HL_UT
1dan,KT15R,1.6848130070593377,SKEMPI_2.0,HL_UT
1dan,KT23A,0.1165459359607447,SKEMPI_2.0,HL_UT
1dan,KT36A,0.3213925062851452,SKEMPI_2.0,HL_UT
1dan,"KT36A,DT39A",1.570565959760353,SKEMPI_2.0,HL_UT
1dan,KT41A,0.5630061147862687,SKEMPI_2.0,HL_UT
1dan,"KT41A,KT43A",1.1352293255747592,SKEMPI_2.0,HL_UT
1dan,KT43A,0.6857672422070236,SKEMPI_2.0,HL_UT
1dan,"KT60A,DT61A",-0.5039542530719581,SKEMPI_2.0,HL_UT
1dan,KT63A,-0.0703434799463308,SKEMPI_2.0,HL_UT
1dan,"KT63A,QT64A",-0.2060011875248308,SKEMPI_2.0,HL_UT
1dan,"KU107A,DU110A",0.0426440810455079,SKEMPI_2.0,HL_UT
1dan,KU32A,-0.1235404966429102,SKEMPI_2.0,HL_UT
1dan,"KU59A,DU60A",-0.101456692805764,SKEMPI_2.0,HL_UT
1dan,"KU71A,KU72A",-0.2396060058024515,SKEMPI_2.0,HL_UT
1dan,KU75A,0.1165459359607447,SKEMPI_2.0,HL_UT
1dan,KU87A,0.0170544076658479,SKEMPI_2.0,HL_UT
1dan,LH135A,0.0156849828578673,SKEMPI_2.0,HL_UT
1dan,LT54A,0.0,SKEMPI_2.0,HL_UT
1dan,LT67A,-0.0598033161268963,SKEMPI_2.0,HL_UT
1dan,"LU14A,EU15A",-0.4626516652429475,SKEMPI_2.0,HL_UT
1dan,LU43A,-0.0275457107778265,SKEMPI_2.0,HL_UT
1dan,LU82A,0.0799079006587684,SKEMPI_2.0,HL_UT
1dan,MH154A,0.7390815299468259,SKEMPI_2.0,HL_UT
1dan,NT13A,0.1801157059797887,SKEMPI_2.0,HL_UT
1dan,NU105A,0.0,SKEMPI_2.0,HL_UT
1dan,"NU105A,RU106A",0.3997612418469593,SKEMPI_2.0,HL_UT
1dan,NU17A,0.0,SKEMPI_2.0,HL_UT
1dan,"NU17A,QU20A",0.4142630115603915,SKEMPI_2.0,HL_UT
1dan,NU48A,0.0,SKEMPI_2.0,HL_UT
1dan,"NU79A,EU80A",-0.0245323404066457,SKEMPI_2.0,HL_UT
1dan,PU2A,-0.1932036465279399,SKEMPI_2.0,HL_UT
1dan,QT32A,0.6521838650823416,SKEMPI_2.0,HL_UT
1dan,QT64A,0.0,SKEMPI_2.0,HL_UT
1dan,QU20A,1.3047462009550743,SKEMPI_2.0,HL_UT
1dan,"QU24A,EU27A",0.0336313347461322,SKEMPI_2.0,HL_UT
1dan,RH125A,0.7435884638778778,SKEMPI_2.0,HL_UT
1dan,RU102A,0.4603508971559686,SKEMPI_2.0,HL_UT
1dan,RU41A,0.0,SKEMPI_2.0,HL_UT
1dan,RU45A,0.7523103215110125,SKEMPI_2.0,HL_UT
1dan,RU46A,-0.0598033161268963,SKEMPI_2.0,HL_UT
1dan,"RU46A,NU47A,NU48A",0.2064675814078313,SKEMPI_2.0,HL_UT
1dan,RU54A,-0.0028907754730838,SKEMPI_2.0,HL_UT
1dan,ST11A,-0.1297352852138181,SKEMPI_2.0,HL_UT
1dan,ST37A,-0.0692619709698682,SKEMPI_2.0,HL_UT
1dan,ST42A,-0.0440086911255251,SKEMPI_2.0,HL_UT
1dan,SU101A,-0.0028907754730838,SKEMPI_2.0,HL_UT
1dan,"SU101A,RU102A",0.6382142223802517,SKEMPI_2.0,HL_UT
1dan,SU69A,0.0226317738623723,SKEMPI_2.0,HL_UT
1dan,TT12A,0.120480342462579,SKEMPI_2.0,HL_UT
1dan,TT16A,-0.1589200277516836,SKEMPI_2.0,HL_UT
1dan,TT47A,0.4046347343786676,SKEMPI_2.0,HL_UT
1dan,TT55A,2.3123629333088083,SKEMPI_2.0,HL_UT
1dan,"TT55A,FU50A",4.496776251559239,SKEMPI_2.0,HL_UT
1dan,"TT55A,KT15A",3.175914152319915,SKEMPI_2.0,HL_UT
1dan,TU103A,0.1097820690183065,SKEMPI_2.0,HL_UT
1dan,"TU103A,VU104A",-0.1489471435867133,SKEMPI_2.0,HL_UT
1dan,TU109A,0.1351971156919418,SKEMPI_2.0,HL_UT
1dan,TU16A,-0.0598033161268963,SKEMPI_2.0,HL_UT
1dan,TU42A,0.0,SKEMPI_2.0,HL_UT
1dan,TU49A,-0.015583162504733,SKEMPI_2.0,HL_UT
1dan,TU73A,0.2118689962858373,SKEMPI_2.0,HL_UT
1dan,TU78A,-0.0255350942449386,SKEMPI_2.0,HL_UT
1dan,VT28A,-0.1932036465279399,SKEMPI_2.0,HL_UT
1dan,VT31A,-0.1315552385605954,SKEMPI_2.0,HL_UT
1dan,VT59A,0.0,SKEMPI_2.0,HL_UT
1dan,VU104A,0.1097820690183065,SKEMPI_2.0,HL_UT
1dan,VU113A,0.6902198319468683,SKEMPI_2.0,HL_UT
1dan,VU56A,0.199429736075338,SKEMPI_2.0,HL_UT
1dan,VU85A,0.1097820690183065,SKEMPI_2.0,HL_UT
1dan,WT20F,0.6148597473476456,SKEMPI_2.0,HL_UT
1dan,WT40A,1.9646716922567404,SKEMPI_2.0,HL_UT
1dan,WT40F,1.2698967151384726,SKEMPI_2.0,HL_UT
1dan,"WT40R,ST42G",1.5404210011300965,SKEMPI_2.0,HL_UT
1dan,WT9F,0.6913693730619757,SKEMPI_2.0,HL_UT
1dan,WU68F,0.122828498877626,SKEMPI_2.0,HL_UT
1dan,YT46A,-0.1315552385605954,SKEMPI_2.0,HL_UT
1dan,YT73A,0.6525534287698689,SKEMPI_2.0,HL_UT
1dan,YU4A,0.6738219090876483,SKEMPI_2.0,HL_UT
1dan,YU66L,0.1547608723278501,SKEMPI_2.0,HL_UT
1dan,YU67A,0.0,SKEMPI_2.0,HL_UT
1dan,YU91A,-0.3296832668495636,SKEMPI_2.0,HL_UT
1dvf,A:H30A,1.67,AB-BIND,AB_CD
1dvf,A:S93A,1.17,AB-BIND,AB_CD
1dvf,A:W92A,0.34,AB-BIND,AB_CD
1dvf,A:Y32A,2.05,AB-BIND,AB_CD
1dvf,"A:Y32A,D:R106A",4.7,AB-BIND,AB_CD
1dvf,A:Y49A,1.6949999999999998,AB-BIND,AB_CD
1dvf,"A:Y49A,D:H33A",2.65,AB-BIND,AB_CD
1dvf,"A:Y49A,D:N55A",2.05,AB-BIND,AB_CD
1dvf,A:Y50A,0.69,AB-BIND,AB_CD
1dvf,B:D100A,2.82,AB-BIND,AB_CD
1dvf,"B:D100A,D:D52A",4.36,AB-BIND,AB_CD
1dvf,"B:D100A,D:H33A",4.19,AB-BIND,AB_CD
1dvf,"B:D100A,D:N55A",4.13,AB-BIND,AB_CD
1dvf,B:D54A,4.32,AB-BIND,AB_CD
1dvf,"B:D54A,C:Y49A",4.54,AB-BIND,AB_CD
1dvf,B:D58A,1.62,AB-BIND,AB_CD
1dvf,"B:D58A,D:Q104A",1.48,AB-BIND,AB_CD
1dvf,B:E98A,4.23,AB-BIND,AB_CD
1dvf,"B:E98A,D:Y102A",4.68,AB-BIND,AB_CD
1dvf,B:N56A,1.17,AB-BIND,AB_CD
1dvf,"B:N56A,D:H33A",2.55,AB-BIND,AB_CD
1dvf,"B:N56A,D:N55A",2.32,AB-BIND,AB_CD
1dvf,"B:N56A,D:Q104A",1.5,AB-BIND,AB_CD
1dvf,B:R99A,1.89,AB-BIND,AB_CD
1dvf,B:T30A,0.92,AB-BIND,AB_CD
1dvf,B:W52A,4.17,AB-BIND,AB_CD
1dvf,"B:W52A,D:Q104A",4.2,AB-BIND,AB_CD
1dvf,B:Y101F,2.03,AB-BIND,AB_CD
1dvf,B:Y32A,1.85,AB-BIND,AB_CD
1dvf,C:Y49A,1.88,AB-BIND,AB_CD
1dvf,D:D52A,1.7,AB-BIND,AB_CD
1dvf,D:H33A,1.88,AB-BIND,AB_CD
1dvf,D:I101A,2.71,AB-BIND,AB_CD
1dvf,D:K30A,1.01,AB-BIND,AB_CD
1dvf,D:N55A,1.88,AB-BIND,AB_CD
1dvf,D:Q104A,1.64,AB-BIND,AB_CD
1dvf,D:R106A,4.13,AB-BIND,AB_CD
1dvf,D:Y102A,4.79,AB-BIND,AB_CD
1dvf,DB100A,2.789227702242791,SKEMPI_2.0,AB_CD
1dvf,"DB100A,DD52A",4.319279836974278,SKEMPI_2.0,AB_CD
1dvf,"DB100A,HD33A",4.147693144812579,SKEMPI_2.0,AB_CD
1dvf,"DB100A,ND55A",4.090261502322577,SKEMPI_2.0,AB_CD
1dvf,DB54A,4.280816577684682,SKEMPI_2.0,AB_CD
1dvf,"DB54A,YC49A",4.49241035224328,SKEMPI_2.0,AB_CD
1dvf,DB58A,1.599840506802827,SKEMPI_2.0,AB_CD
1dvf,"DB58A,QD104A",1.464022137835704,SKEMPI_2.0,AB_CD
1dvf,DD52A,1.6821172790623649,SKEMPI_2.0,AB_CD
1dvf,EB98A,4.186218990086801,SKEMPI_2.0,AB_CD
1dvf,"EB98A,YD102A",4.632821068224293,SKEMPI_2.0,AB_CD
1dvf,HA30A,1.6492129253774714,SKEMPI_2.0,AB_CD
1dvf,HD33A,1.8604094332321373,SKEMPI_2.0,AB_CD
1dvf,ID101A,2.681270368104613,SKEMPI_2.0,AB_CD
1dvf,KD30A,1.0034141857592669,SKEMPI_2.0,AB_CD
1dvf,NB56A,1.1623195004173432,SKEMPI_2.0,AB_CD
1dvf,"NB56A,HD33A",2.525740001191535,SKEMPI_2.0,AB_CD
1dvf,"NB56A,ND55A",2.3008566116755658,SKEMPI_2.0,AB_CD
1dvf,"NB56A,QD104A",1.4867117336794708,SKEMPI_2.0,AB_CD
1dvf,ND55A,1.8604094332321373,SKEMPI_2.0,AB_CD
1dvf,QD104A,1.6285552722545764,SKEMPI_2.0,AB_CD
1dvf,RB99A,1.874452605271942,SKEMPI_2.0,AB_CD
1dvf,RD106A,4.090261502322577,SKEMPI_2.0,AB_CD
1dvf,SA93A,1.1623195004173432,SKEMPI_2.0,AB_CD
1dvf,TB30A,0.907419399894183,SKEMPI_2.0,AB_CD
1dvf,WA92A,0.3406880696651664,SKEMPI_2.0,AB_CD
1dvf,WB52A,4.132574212829469,SKEMPI_2.0,AB_CD
1dvf,"WB52A,QD104A",4.162435632464145,SKEMPI_2.0,AB_CD
1dvf,YA32A,2.030161045804197,SKEMPI_2.0,AB_CD
1dvf,"YA32A,RD106A",4.650110646895604,SKEMPI_2.0,AB_CD
1dvf,YA49A,1.678417803510618,SKEMPI_2.0,AB_CD
1dvf,"YA49A,HD33A",2.62477551701697,SKEMPI_2.0,AB_CD
1dvf,"YA49A,ND55A",2.030161045804197,SKEMPI_2.0,AB_CD
1dvf,YA50A,0.6877029464869553,SKEMPI_2.0,AB_CD
1dvf,YB101F,2.0121070253225755,SKEMPI_2.0,AB_CD
1dvf,YB32A,1.8312826107004323,SKEMPI_2.0,AB_CD
1dvf,YC49A,1.8604094332321373,SKEMPI_2.0,AB_CD
1dvf,YD102A,4.73894802687096,SKEMPI_2.0,AB_CD
1e50,"DA52A,EA53A",0.3908256737867446,SKEMPI_2.0,A_B
1e50,DA8A,-0.3159978752066685,SKEMPI_2.0,A_B
1e50,KA86M,0.3199095868305984,SKEMPI_2.0,A_B
1e50,MA48A,1.3195392436546975,SKEMPI_2.0,A_B
1e50,NA11A,0.6780626108177198,SKEMPI_2.0,A_B
1e50,NA51A,1.919257522660381,SKEMPI_2.0,A_B
1e50,NB62A,0.9642775603859828,SKEMPI_2.0,A_B
1e50,NB99A,1.4071396870017487,SKEMPI_2.0,A_B
1e50,RA84A,-0.1911225176671513,SKEMPI_2.0,A_B
1e50,RB32A,1.7738509682104309,SKEMPI_2.0,A_B
1e50,SA56A,0.9778381266936678,SKEMPI_2.0,A_B
1e50,SB64A,0.1149648242068664,SKEMPI_2.0,A_B
1e50,TA103A,2.184281435646669,SKEMPI_2.0,A_B
1e50,TA91A,1.277761937644455,SKEMPI_2.0,A_B
1e50,VA101A,-0.0438812571194947,SKEMPI_2.0,A_B
1e50,VB57A,0.0,SKEMPI_2.0,A_B
1e50,YA55A,0.9138588616761374,SKEMPI_2.0,A_B
1e96,DA38N,2.163837587730839,SKEMPI_2.0,A_B
1e96,IA33N,2.007656709111296,SKEMPI_2.0,A_B
1e96,KA132E,-0.1865758531819146,SKEMPI_2.0,A_B
1e96,LA134R,-0.1252359092105691,SKEMPI_2.0,A_B
1e96,MA45T,0.359676285980142,SKEMPI_2.0,A_B
1e96,NA26H,1.085396241381556,SKEMPI_2.0,A_B
1eaw,DA214A,2.2279073376267213,SKEMPI_2.0,A_B
1eaw,DA46A,-0.1715366354371512,SKEMPI_2.0,A_B
1eaw,DA47A,1.5019484615918486,SKEMPI_2.0,A_B
1eaw,DA91A,0.6540803571337395,SKEMPI_2.0,A_B
1eaw,EA163A,0.7032948543846049,SKEMPI_2.0,A_B
1eaw,FA50A,-0.4285767087524048,SKEMPI_2.0,A_B
1eaw,FA89A,0.7281927083185233,SKEMPI_2.0,A_B
1eaw,FA92A,0.8915292530824173,SKEMPI_2.0,A_B
1eaw,HA138A,-0.0144722315972442,SKEMPI_2.0,A_B
1eaw,IA26A,-0.8220535354770444,SKEMPI_2.0,A_B
1eaw,IA45A,-0.1942511026869913,SKEMPI_2.0,A_B
1eaw,KA221A,0.4757882029639672,SKEMPI_2.0,A_B
1eaw,LA147A,0.5018772684807473,SKEMPI_2.0,A_B
1eaw,NA90A,0.3079283683588996,SKEMPI_2.0,A_B
1eaw,QA140A,0.306510101812583,SKEMPI_2.0,A_B
1eaw,QA168A,0.5647742027267594,SKEMPI_2.0,A_B
1eaw,QA169A,-0.133023323654309,SKEMPI_2.0,A_B
1eaw,QA218A,0.1441583614026044,SKEMPI_2.0,A_B
1eaw,QA23A,-0.5186261296114425,SKEMPI_2.0,A_B
1eaw,RA219A,-0.0885031964854253,SKEMPI_2.0,A_B
1eaw,RA48A,0.5872912123674333,SKEMPI_2.0,A_B
1eaw,RA51A,0.2308811792849062,SKEMPI_2.0,A_B
1eaw,RA82A,-0.1496614195607599,SKEMPI_2.0,A_B
1eaw,TA144A,0.0894014587690077,SKEMPI_2.0,A_B
1eaw,TA93A,0.2546010129355228,SKEMPI_2.0,A_B
1eaw,YA141A,0.5018772684807473,SKEMPI_2.0,A_B
1eaw,YA52A,-0.0788972337880742,SKEMPI_2.0,A_B
1emv,CA21A,0.9214625719339878,SKEMPI_2.0,A_B
1emv,DA24A,0.3365617393777054,SKEMPI_2.0,A_B
1emv,DA49A,5.914872200180644,SKEMPI_2.0,A_B
1emv,DA58A,0.5110321044977497,SKEMPI_2.0,A_B
1emv,EA28A,1.4158552697283928,SKEMPI_2.0,A_B
1emv,EA29A,0.3068430867117731,SKEMPI_2.0,A_B
1emv,EA30A,0.2202644645523136,SKEMPI_2.0,A_B
1emv,"EA30D,LA31D,VA32N,TA36R,HA37E,EA40R,MA41L,SA46D,KA55R,EA56D,GA57D,DA58R,DA59E,SA63E,NA67K,TA68E,VA69I,QA71E",7.985826431250924,SKEMPI_2.0,A_B
1emv,EA39A,2.082866996810309,SKEMPI_2.0,A_B
1emv,EA40A,0.6577823408859138,SKEMPI_2.0,A_B
1emv,EA43A,0.2126567453394748,SKEMPI_2.0,A_B
1emv,FB86A,3.878545813373712,SKEMPI_2.0,A_B
1emv,"FB86A,LA31A",6.676282330876486,SKEMPI_2.0,A_B
1emv,"FB86A,VA32A",4.663265810496843,SKEMPI_2.0,A_B
1emv,"FB86A,VA35A",4.066165413885213,SKEMPI_2.0,A_B
1emv,"FB86A,YA52A",8.718707235368187,SKEMPI_2.0,A_B
1emv,"FB86A,YA53A",8.258681548161352,SKEMPI_2.0,A_B
1emv,GA47A,1.4852258458231966,SKEMPI_2.0,A_B
1emv,HA44A,0.8317259369555209,SKEMPI_2.0,A_B
1emv,IA51A,0.847658539423184,SKEMPI_2.0,A_B
1emv,KA33A,0.1918782625049067,SKEMPI_2.0,A_B
1emv,KB97A,1.95943602915512,SKEMPI_2.0,A_B
1emv,LA31A,3.4173975728355126,SKEMPI_2.0,A_B
1emv,LA34A,0.9066293717583066,SKEMPI_2.0,A_B
1emv,LA50A,0.6009855427983435,SKEMPI_2.0,A_B
1emv,NA22A,0.1393945393114984,SKEMPI_2.0,A_B
1emv,NA67A,0.2778443052660898,SKEMPI_2.0,A_B
1emv,NB72A,1.1645496972910931,SKEMPI_2.0,A_B
1emv,NB75A,2.3343008979773754,SKEMPI_2.0,A_B
1emv,PA45A,0.4372280719869458,SKEMPI_2.0,A_B
1emv,PA54A,1.2421564043917592,SKEMPI_2.0,A_B
1emv,"QA15E,LA16F,SA46D,KA55R,EA56D,GA57D,DA58R,DA59E,SA63E,NA67K,TA68E,VA69I,QA71E",-0.2084143915383673,SKEMPI_2.0,A_B
1emv,"QA15E,LA16F,TA18K,TA19K,NA22R,DA24E,TA25G,SA26A,SA27T,EA30D,LA31D,VA32N,TA36R,HA37E,EA40R,MA41L,SA46D,KA55R,EA56D,GA57D,DA58R,DA59E,SA63E,NA67K,TA68E,VA69I,QA71E",8.054060226932066,SKEMPI_2.0,A_B
1emv,"QA15E,LA16F,TA18K,TA19K,NA22R,DA24E,TA25G,SA26A,SA27T,SA46D,KA55R,EA56D,GA57D,DA58R,DA59E,SA63E,NA67K,TA68E,VA69I,QA71E",1.7030909967226966,SKEMPI_2.0,A_B
1emv,"QA15E,LA16F,TA18K,TA19K,NA22R,DA24E,TA25G,SA26A,SA27T,SA63E,NA67K,TA68E,VA69I,QA71E",2.855053044935452,SKEMPI_2.0,A_B
1emv,"QA15E,LA16F,TA18K,TA19K,NA22R,SA46D,KA55R,EA56D,GA57D,DA58R,DA59E,SA63E,NA67K,TA68E,VA69I,QA71E",1.4222175591715462,SKEMPI_2.0,A_B
1emv,QB92A,-0.2775752793641427,SKEMPI_2.0,A_B
1emv,RB54A,1.6655302551102509,SKEMPI_2.0,A_B
1emv,SA26A,0.1730790327666875,SKEMPI_2.0,A_B
1emv,SA27A,0.9559069160838096,SKEMPI_2.0,A_B
1emv,SA46A,0.0072654408460206,SKEMPI_2.0,A_B
1emv,"SA46D,KA55R,EA56D,GA57D,DA58R,DA59E,SA63E,NA67K,TA68E,VA69I,QA71E",-0.5170878537416504,SKEMPI_2.0,A_B
1emv,SA48A,2.187016433580773,SKEMPI_2.0,A_B
1emv,SA61A,0.8699408733226264,SKEMPI_2.0,A_B
1emv,"SA63E,NA67K,TA68E,VA69I,QA71E",0.079067409389188,SKEMPI_2.0,A_B
1emv,SB74A,-0.2409952984766449,SKEMPI_2.0,A_B
1emv,SB77A,-0.2328652943277047,SKEMPI_2.0,A_B
1emv,SB78A,-0.5398413086413381,SKEMPI_2.0,A_B
1emv,SB84A,-0.1094121899069293,SKEMPI_2.0,A_B
1emv,TA25A,0.7280593897091117,SKEMPI_2.0,A_B
1emv,TA36A,0.8994712805569939,SKEMPI_2.0,A_B
1emv,TA42A,0.304662141336403,SKEMPI_2.0,A_B
1emv,TB87A,0.1584185535099541,SKEMPI_2.0,A_B
1emv,VA32A,2.578031194388125,SKEMPI_2.0,A_B
1emv,VA35A,1.6636965035365003,SKEMPI_2.0,A_B
1emv,VA66A,1.8556533755337228,SKEMPI_2.0,A_B
1emv,VB98A,1.0887407088423584,SKEMPI_2.0,A_B
1emv,YA52A,4.834139980664254,SKEMPI_2.0,A_B
1emv,YA53A,4.634281305709102,SKEMPI_2.0,A_B
1f47,DA4A,0.6911256496586583,SKEMPI_2.0,A_B
1f47,DA7A,1.73270470902504,SKEMPI_2.0,A_B
1f47,DA7G,1.1387148290325546,SKEMPI_2.0,A_B
1f47,DA7S,2.0637252006754947,SKEMPI_2.0,A_B
1f47,FA11A,2.444137188505724,SKEMPI_2.0,A_B
1f47,IA8A,2.514860739773865,SKEMPI_2.0,A_B
1f47,KA14A,-0.0426173804390055,SKEMPI_2.0,A_B
1f47,LA12A,2.294063504664975,SKEMPI_2.0,A_B
1f47,LA6A,0.9249219352302598,SKEMPI_2.0,A_B
1f47,PA9A,-0.0575331817168647,SKEMPI_2.0,A_B
1f47,QA15A,-0.045570633443771,SKEMPI_2.0,A_B
1f47,YA5A,0.8688885787503141,SKEMPI_2.0,A_B
1fc2,FC1M,0.9121375603158716,SKEMPI_2.0,C_D
1fc2,FC26A,0.0136544064975553,SKEMPI_2.0,C_D
1fc2,FC26W,0.0,SKEMPI_2.0,C_D
1fc2,IC12W,3.137271468984624,SKEMPI_2.0,C_D
1fc2,IC27A,3.7290725928953767,SKEMPI_2.0,C_D
1fc2,KC31A,1.3785360478068367,SKEMPI_2.0,C_D
1fc2,KC3D,1.0609473674761314,SKEMPI_2.0,C_D
1fc2,LC13D,1.1270119167088704,SKEMPI_2.0,C_D
1fc2,LC40W,0.0,SKEMPI_2.0,C_D
1fc2,NC24A,0.5936633171758894,SKEMPI_2.0,C_D
1fc2,NC24F,0.8450326991997771,SKEMPI_2.0,C_D
1fc2,NC2F,-0.1079573341381771,SKEMPI_2.0,C_D
1fc2,NC2Q,0.0,SKEMPI_2.0,C_D
1fc2,NC7F,0.091276625443395,SKEMPI_2.0,C_D
1fc2,QC28K,0.1703440348325832,SKEMPI_2.0,C_D
1fc2,QC28L,0.4578258357601387,SKEMPI_2.0,C_D
1fc2,YC10F,1.027102384522738,SKEMPI_2.0,C_D
1fc2,YC10W,0.4104304674362382,SKEMPI_2.0,C_D
1fcc,DC40A,0.2721010400655383,SKEMPI_2.0,A_C
1fcc,EC27A,4.935294201522354,SKEMPI_2.0,A_C
1fcc,EC42A,0.3852298131888942,SKEMPI_2.0,A_C
1fcc,KC28A,1.2554631666360152,SKEMPI_2.0,A_C
1fcc,KC31A,3.475642017100362,SKEMPI_2.0,A_C
1fcc,NC35A,2.3638059024360474,SKEMPI_2.0,A_C
1fcc,TC25A,0.2400864326036549,SKEMPI_2.0,A_C
1fcc,"TC44A,YC45A",1.953375434999809,SKEMPI_2.0,A_C
1fcc,WC43A,3.771107660329734,SKEMPI_2.0,A_C
1ffw,A:A90V,0.09,AB-BIND,A_B
1ffw,A:D13K,0.05,AB-BIND,A_B
1ffw,A:E117K,0.71,AB-BIND,A_B
1ffw,A:E93K,0.82,AB-BIND,A_B
1ffw,A:F111V,1.26,AB-BIND,A_B
1ffw,A:T112I,0.56,AB-BIND,A_B
1ffw,A:T87I,-0.32,AB-BIND,A_B
1ffw,A:V108M,1.13,AB-BIND,A_B
1ffw,A:Y106W,0.71,AB-BIND,A_B
1ffw,AA102V,1.3634205007741924,SKEMPI_2.0,A_B
1ffw,AA89V,0.0912766254433951,SKEMPI_2.0,A_B
1ffw,CB55A,0.2041890177859767,SKEMPI_2.0,A_B
1ffw,DA12K,0.0473953683239005,SKEMPI_2.0,A_B
1ffw,DB44A,-0.0741123511847837,SKEMPI_2.0,A_B
1ffw,DB49A,0.0962316836477994,SKEMPI_2.0,A_B
1ffw,EA116K,0.7129036007342993,SKEMPI_2.0,A_B
1ffw,EA92K,0.8208609348724764,SKEMPI_2.0,A_B
1ffw,EB13A,0.71637649045517,SKEMPI_2.0,A_B
1ffw,EB20A,0.6387912495495155,SKEMPI_2.0,A_B
1ffw,FA110V,1.2554631666360152,SKEMPI_2.0,A_B
1ffw,FB56A,3.643933620068661,SKEMPI_2.0,A_B
1ffw,HB23A,0.0338449829533934,SKEMPI_2.0,A_B
1ffw,IB58A,0.4275947416948496,SKEMPI_2.0,A_B
1ffw,TA111I,0.5619752725306023,SKEMPI_2.0,A_B
1ffw,TA86I,-0.3191538419928429,SKEMPI_2.0,A_B
1ffw,VA107M,1.1306897652472032,SKEMPI_2.0,A_B
1ffw,YA105W,0.7129036007342993,SKEMPI_2.0,A_B
1ffw,YA50C,0.1253508036773742,SKEMPI_2.0,A_B
1fr2,AA39E,-2.082866996810309,SKEMPI_2.0,A_B
1fss,AB12S,0.324464424675055,SKEMPI_2.0,A_B
1fss,HB29K,-0.6193451767061042,SKEMPI_2.0,A_B
1fss,HB29R,-1.2723704750054494,SKEMPI_2.0,A_B
1fss,KB32R,1.1342924051827832,SKEMPI_2.0,A_B
1fss,LB35W,1.4510278596347967,SKEMPI_2.0,A_B
1fss,MB33F,0.9367663883478426,SKEMPI_2.0,A_B
1fss,MB33L,0.9625150537402726,SKEMPI_2.0,A_B
1fss,MB33Q,1.5717293659511553,SKEMPI_2.0,A_B
1fss,MB33Y,1.3945922241079816,SKEMPI_2.0,A_B
1fss,NB47F,0.492490937958211,SKEMPI_2.0,A_B
1fss,NB47R,-0.534611446564527,SKEMPI_2.0,A_B
1fss,NB47W,0.1159054534753663,SKEMPI_2.0,A_B
1fss,RB11K,0.3163496876089653,SKEMPI_2.0,A_B
1fss,RB27F,2.43494182781092,SKEMPI_2.0,A_B
1fss,RB27M,2.662673469436464,SKEMPI_2.0,A_B
1fss,RB27Y,2.627778431233597,SKEMPI_2.0,A_B
1fss,TB8V,-0.0843986700022594,SKEMPI_2.0,A_B
1fss,"TB8V,TB9I",0.4416021907700271,SKEMPI_2.0,A_B
1fss,"TB8V,TB9N",0.3577395927412035,SKEMPI_2.0,A_B
1fss,"TB8V,TB9N,RB11K,HB29R",-0.391631237698019,SKEMPI_2.0,A_B
1fss,"TB8V,TB9N,RB11K,HB29R,KB32R",0.8014452282435901,SKEMPI_2.0,A_B
1fss,TB9I,-0.2321383132664658,SKEMPI_2.0,A_B
1fss,TB9N,1.2507696848735224,SKEMPI_2.0,A_B
1fss,VB34T,1.5850861578519828,SKEMPI_2.0,A_B
1gc1,DC10A,0.0,SKEMPI_2.0,G_C
1gc1,DC53A,0.302473133298061,SKEMPI_2.0,G_C
1gc1,DC56A,-0.0697423977710716,SKEMPI_2.0,G_C
1gc1,DC63A,-0.3191538419928429,SKEMPI_2.0,G_C
1gc1,DC88A,-0.0697423977710716,SKEMPI_2.0,G_C
1gc1,EC77A,0.5619752725306023,SKEMPI_2.0,G_C
1gc1,EC85A,1.3225680277521097,SKEMPI_2.0,G_C
1gc1,EC87A,0.2177394031564836,SKEMPI_2.0,G_C
1gc1,EC91A,-0.1280313243256916,SKEMPI_2.0,G_C
1gc1,EC92A,0.0162236449901115,SKEMPI_2.0,G_C
1gc1,HC27A,0.2823991431105465,SKEMPI_2.0,G_C
1gc1,KC1A,0.062386700694406,SKEMPI_2.0,G_C
1gc1,KC21A,-0.1280313243256916,SKEMPI_2.0,G_C
1gc1,KC22A,0.240086432603655,SKEMPI_2.0,G_C
1gc1,KC29A,0.5359435641117505,SKEMPI_2.0,G_C
1gc1,KC2A,-0.016680708694782,SKEMPI_2.0,G_C
1gc1,KC35A,0.3218888399269474,SKEMPI_2.0,G_C
1gc1,KC46A,1.430231575726979,SKEMPI_2.0,G_C
1gc1,KC50A,0.0473953683239005,SKEMPI_2.0,G_C
1gc1,KC72A,-0.016680708694782,SKEMPI_2.0,G_C
1gc1,KC75A,0.1578777638579075,SKEMPI_2.0,G_C
1gc1,KC7A,0.9973410453412695,SKEMPI_2.0,G_C
1gc1,KC8A,0.1052096447529037,SKEMPI_2.0,G_C
1gc1,KC90A,0.0473953683239005,SKEMPI_2.0,G_C
1gc1,LC44A,1.0554391789185664,SKEMPI_2.0,G_C
1gc1,LC51A,1.2333438341729996,SKEMPI_2.0,G_C
1gc1,NC30A,0.1703440348325832,SKEMPI_2.0,G_C
1gc1,NC32A,0.1825532508867903,SKEMPI_2.0,G_C
1gc1,NC39A,0.4653689441376249,SKEMPI_2.0,G_C
1gc1,NC52A,0.7079485425298949,SKEMPI_2.0,G_C
1gc1,NC66A,-0.0338449829533934,SKEMPI_2.0,G_C
1gc1,NC73A,-0.1079573341381771,SKEMPI_2.0,G_C
1gc1,QC20A,-0.016680708694782,SKEMPI_2.0,G_C
1gc1,QC25A,0.0320146074618833,SKEMPI_2.0,G_C
1gc1,QC33A,0.1052096447529037,SKEMPI_2.0,G_C
1gc1,QC40A,-0.4104304674362382,SKEMPI_2.0,G_C
1gc1,"QC40A,DC63A",-0.4989720949455291,SKEMPI_2.0,G_C
1gc1,"QC40A,DC63A,QC89L",-0.8477803885850503,SKEMPI_2.0,G_C
1gc1,QC64A,0.4424450748981215,SKEMPI_2.0,G_C
1gc1,QC89A,0.1703440348325832,SKEMPI_2.0,G_C
1gc1,QC89L,-0.3107547508135959,SKEMPI_2.0,G_C
1gc1,QC94A,-0.1079573341381771,SKEMPI_2.0,G_C
1gc1,RC58A,0.1321290984654777,SKEMPI_2.0,G_C
1gc1,RC59A,1.1752668226817808,SKEMPI_2.0,G_C
1gc1,SC19A,0.0,SKEMPI_2.0,G_C
1gc1,SC23A,0.2925212015578554,SKEMPI_2.0,G_C
1gc1,SC31A,0.1052096447529037,SKEMPI_2.0,G_C
1gc1,SC42A,0.0,SKEMPI_2.0,G_C
1gc1,SC49A,0.610838116202885,SKEMPI_2.0,G_C
1gc1,SC60A,-0.0885416275092908,SKEMPI_2.0,G_C
1gc1,TC11A,0.0,SKEMPI_2.0,G_C
1gc1,TC15A,0.3218888399269474,SKEMPI_2.0,G_C
1gc1,TC17A,-0.1280313243256916,SKEMPI_2.0,G_C
1gc1,TC45A,-0.1488098071602598,SKEMPI_2.0,G_C
1gc1,VC86A,-0.0697423977710716,SKEMPI_2.0,G_C
1gc1,YC82A,1.2899657021278326,SKEMPI_2.0,G_C
1gcq,AC42G,1.3527512751849136,SKEMPI_2.0,AB_C
1gcq,GC21V,-0.0252006542473439,SKEMPI_2.0,AB_C
1gcq,PC18A,0.1207417090525654,SKEMPI_2.0,AB_C
1gcq,PC19A,0.0852034850253982,SKEMPI_2.0,AB_C
1gcq,PC5A,0.767413621555921,SKEMPI_2.0,AB_C
1gcq,PC67A,1.3157313462869842,SKEMPI_2.0,AB_C
1gcq,WC47Y,2.146066499279564,SKEMPI_2.0,AB_C
1gl1,"KI30M,AI31G",-0.1321290984654778,SKEMPI_2.0,A_I
1gl1,LI29V,4.2568931362798725,SKEMPI_2.0,A_I
1grn,DA38E,0.38965198460167,SKEMPI_2.0,A_B
1he8,KA80V,0.4671188951857657,SKEMPI_2.0,A_B
1he8,"KA80V,DA117A",0.9279738698143613,SKEMPI_2.0,A_B
1he8,"KA80V,DA95A",1.0203122909379283,SKEMPI_2.0,A_B
1he8,"KA80V,EA124K",-0.0972573846041334,SKEMPI_2.0,A_B
1he8,"KA80V,EA606A",0.4466890446135226,SKEMPI_2.0,A_B
1he8,"KA80V,EA606K",-0.450144194220539,SKEMPI_2.0,A_B
1he8,"KA80V,FA78S",2.124798472058625,SKEMPI_2.0,A_B
1he8,"KA80V,KA108A",2.124798472058625,SKEMPI_2.0,A_B
1he8,"KA80V,KA108E",2.124798472058625,SKEMPI_2.0,A_B
1he8,"KA80V,KA111A",1.933546360804108,SKEMPI_2.0,A_B
1he8,"KA80V,KA112A",2.124798472058625,SKEMPI_2.0,A_B
1he8,"KA80V,KA113A",1.6468309834685382,SKEMPI_2.0,A_B
1he8,"KA80V,KA91A",1.4967251964948394,SKEMPI_2.0,A_B
1he8,"KA80V,RA83A",1.8649741374922824,SKEMPI_2.0,A_B
1he8,"KA80V,TA89D",2.124798472058625,SKEMPI_2.0,A_B
1iar,EA19A,-0.3197807621149323,SKEMPI_2.0,A_B
1iar,EA19R,-0.1167951996983765,SKEMPI_2.0,A_B
1iar,EA9Q,3.1111165421697384,SKEMPI_2.0,A_B
1iar,FA82A,-0.0864231064658537,SKEMPI_2.0,A_B
1iar,FA82D,-0.5802873562109044,SKEMPI_2.0,A_B
1iar,IA11A,0.0689295959962238,SKEMPI_2.0,A_B
1iar,IA5A,1.1707294364944378,SKEMPI_2.0,A_B
1iar,IA5R,0.7956602806251325,SKEMPI_2.0,A_B
1iar,KA12E,0.1393945393114983,SKEMPI_2.0,A_B
1iar,KA12S,-0.0148039210696849,SKEMPI_2.0,A_B
1iar,KA77A,0.1536633261378012,SKEMPI_2.0,A_B
1iar,KA77E,0.6114891618979398,SKEMPI_2.0,A_B
1iar,KA84A,0.3447858438049525,SKEMPI_2.0,A_B
1iar,KA84D,1.8790606129633345,SKEMPI_2.0,A_B
1iar,NA15A,-0.0338449829533935,SKEMPI_2.0,A_B
1iar,NA15D,-0.0780240152866065,SKEMPI_2.0,A_B
1iar,NA89A,1.557936299934076,SKEMPI_2.0,A_B
1iar,QA78A,0.124773401388812,SKEMPI_2.0,A_B
1iar,QA78E,0.2449399515811963,SKEMPI_2.0,A_B
1iar,QA8A,-0.0223470294471713,SKEMPI_2.0,A_B
1iar,QA8R,0.0388998710877811,SKEMPI_2.0,A_B
1iar,RA53Q,0.8353037484450723,SKEMPI_2.0,A_B
1iar,RA81A,0.479360063432462,SKEMPI_2.0,A_B
1iar,RA81E,1.4609300890339203,SKEMPI_2.0,A_B
1iar,RA85A,0.4266541124263496,SKEMPI_2.0,A_B
1iar,RA85E,1.223935705232049,SKEMPI_2.0,A_B
1iar,RA88A,3.752651943901608,SKEMPI_2.0,A_B
1iar,RA88Q,2.827442638609896,SKEMPI_2.0,A_B
1iar,SA16A,-0.1826547901136533,SKEMPI_2.0,A_B
1iar,SA16D,-0.1035873807244651,SKEMPI_2.0,A_B
1iar,TA13A,0.9780383722146831,SKEMPI_2.0,A_B
1iar,TA13D,-0.2185522049313315,SKEMPI_2.0,A_B
1iar,TA6A,-0.1035873807244651,SKEMPI_2.0,A_B
1iar,TA6D,1.3919622185152052,SKEMPI_2.0,A_B
1iar,WA91A,0.7291272457244108,SKEMPI_2.0,A_B
1iar,WA91D,1.3058873190573277,SKEMPI_2.0,A_B
1jck,FB176A,1.9598124936827497,SKEMPI_2.0,A_B
1jck,GB102A,0.0130142821197614,SKEMPI_2.0,A_B
1jck,KB103A,0.4028785636214118,SKEMPI_2.0,A_B
1jck,NB23A,2.0763241015084914,SKEMPI_2.0,A_B
1jck,NB60A,1.3285493018886565,SKEMPI_2.0,A_B
1jck,QB210A,2.0763241015084914,SKEMPI_2.0,A_B
1jck,TB20A,1.4882495567756346,SKEMPI_2.0,A_B
1jck,VB91A,2.0804402373215387,SKEMPI_2.0,A_B
1jck,YB26A,1.7603912413541436,SKEMPI_2.0,A_B
1jck,YB90A,2.335518002295699,SKEMPI_2.0,A_B
1jrh,"AI49S,II51T,HI55D",0.0706683182099409,SKEMPI_2.0,HL_I
1jrh,"AI85D,KI88R,EI90K",-0.047742962111399,SKEMPI_2.0,HL_I
1jrh,"AI93L,VI94M",0.6335978633080841,SKEMPI_2.0,HL_I
1jrh,DH56A,1.8859060764883937,SKEMPI_2.0,HL_I
1jrh,DH57A,1.6658936340722534,SKEMPI_2.0,HL_I
1jrh,DH58A,1.8544583680645468,SKEMPI_2.0,HL_I
1jrh,DL28A,0.4346022317635387,SKEMPI_2.0,HL_I
1jrh,EI35Q,0.09955824295893,SKEMPI_2.0,HL_I
1jrh,EI45A,-0.5657267725274319,SKEMPI_2.0,HL_I
1jrh,EI45P,-3.787788369024516,SKEMPI_2.0,HL_I
1jrh,"EI45P,II47L",-3.456425310977466,SKEMPI_2.0,HL_I
1jrh,"EI45P,II47R",-3.4397446022826843,SKEMPI_2.0,HL_I
1jrh,EL27A,0.5425595659017161,SKEMPI_2.0,HL_I
1jrh,FH103A,0.0,SKEMPI_2.0,HL_I
1jrh,GI40A,4.449781340507832,SKEMPI_2.0,HL_I
1jrh,HH107A,1.69759651423028,SKEMPI_2.0,HL_I
1jrh,"I:A103L,I:V104M,I:R106L,I:D107K",0.64,AB-BIND,HL_I
1jrh,"I:A59S,I:I61T,I:H65D",0.06,AB-BIND,HL_I
1jrh,"I:A95D,I:K98R,I:E100K",-0.06,AB-BIND,HL_I
1jrh,I:E45Q,0.11,AB-BIND,HL_I
1jrh,"I:I35N,I:P37S,I:V39T,I:V41I",0.15,AB-BIND,HL_I
1jrh,"I:M25L,I:I28V",-0.21,AB-BIND,HL_I
1jrh,"I:N48V,I:delta(I:G50,I:V51,I:K52),I:N53S,I:S54G,I:E55S",8.0,AB-BIND,HL_I
1jrh,"I:S71Y,I:D72E,I:H73Q,I:V74I,I:G75M,I:D76Y,I:S78D,I:N79V,I:L81A",2.73,AB-BIND,HL_I
1jrh,I:T14V,-0.02,AB-BIND,HL_I
1jrh,"I:T19L,I:E21K",-0.02,AB-BIND,HL_I
1jrh,"I:V83A,I:R88K",-0.21,AB-BIND,HL_I
1jrh,"II25N,PI27S,VI29T,VI31I",0.1436912008261042,SKEMPI_2.0,HL_I
1jrh,KI37A,3.713481353691269,SKEMPI_2.0,HL_I
1jrh,KI37M,3.291991220023523,SKEMPI_2.0,HL_I
1jrh,KI42A,3.385469724083334,SKEMPI_2.0,HL_I
1jrh,KI42M,4.911122437195053,SKEMPI_2.0,HL_I
1jrh,KI88A,0.3120615822954995,SKEMPI_2.0,HL_I
1jrh,"MI15L,II18V",-0.2135841159284099,SKEMPI_2.0,HL_I
1jrh,NI38A,0.1704403938244834,SKEMPI_2.0,HL_I
1jrh,NI38Q,0.5344165211251066,SKEMPI_2.0,HL_I
1jrh,NI43A,4.2993913943956885,SKEMPI_2.0,HL_I
1jrh,NI69A,-0.1995137067607663,SKEMPI_2.0,HL_I
1jrh,RH100A,0.5425595659017161,SKEMPI_2.0,HL_I
1jrh,RI74A,0.3925767809147098,SKEMPI_2.0,HL_I
1jrh,SI44A,0.3776719554268978,SKEMPI_2.0,HL_I
1jrh,"SI44G,EI45G,II47R",-3.3773579015882778,SKEMPI_2.0,HL_I
1jrh,"SI44G,EI45P,II47K",-3.884020052672316,SKEMPI_2.0,HL_I
1jrh,"SI61Y,DI62E,HI63Q,VI64I,GI65M,DI66Y,SI68D,NI69V,LI71A",2.9585283429727927,SKEMPI_2.0,HL_I
1jrh,SL93A,-0.650516900039893,SKEMPI_2.0,HL_I
1jrh,TI4V,-0.0255633654378586,SKEMPI_2.0,HL_I
1jrh,"TI9L,EI11K",-0.0255633654378586,SKEMPI_2.0,HL_I
1jrh,TL94A,0.3852298131888942,SKEMPI_2.0,HL_I
1jrh,VI41A,1.6789844230607196,SKEMPI_2.0,HL_I
1jrh,"VI73A,RI78K",-0.2135841159284099,SKEMPI_2.0,HL_I
1jrh,WH54A,2.6859885285263023,SKEMPI_2.0,HL_I
1jrh,WH55A,2.4210691076293696,SKEMPI_2.0,HL_I
1jrh,WI46F,-0.2525862119253755,SKEMPI_2.0,HL_I
1jrh,WI46Y,0.2984990736294665,SKEMPI_2.0,HL_I
1jrh,WI72A,4.428591070024382,SKEMPI_2.0,HL_I
1jrh,WI72F,1.1025937590469206,SKEMPI_2.0,HL_I
1jrh,WI72Y,1.1877052999028956,SKEMPI_2.0,HL_I
1jrh,WL92A,2.8181176269917803,SKEMPI_2.0,HL_I
1jrh,WL95A,1.6658936340722534,SKEMPI_2.0,HL_I
1jrh,YH104A,1.0609473674761314,SKEMPI_2.0,HL_I
1jrh,YH32A,1.4331628985452642,SKEMPI_2.0,HL_I
1jrh,YH60A,1.2554631666360152,SKEMPI_2.0,HL_I
1jrh,YI39A,3.526761254949798,SKEMPI_2.0,HL_I
1jrh,YI39F,0.9086873831404586,SKEMPI_2.0,HL_I
1jrh,YL30A,1.1083427358000315,SKEMPI_2.0,HL_I
1jrh,YL91A,0.5807745022688214,SKEMPI_2.0,HL_I
1jtd,DB129A,0.9603457304146198,SKEMPI_2.0,A_B
1jtd,DB132A,-0.5487598948069381,SKEMPI_2.0,A_B
1jtd,DB14A,1.5072752497300477,SKEMPI_2.0,A_B
1jtd,DB168A,-1.0609473674761314,SKEMPI_2.0,A_B
1jtd,DB93A,1.9887367465667416,SKEMPI_2.0,A_B
1jtd,EA78A,0.8346372009543735,SKEMPI_2.0,A_B
1jtd,EA84A,0.0379584602841047,SKEMPI_2.0,A_B
1jtd,EB230A,1.8490507871021604,SKEMPI_2.0,A_B
1jtd,FB171A,2.1995040220720568,SKEMPI_2.0,A_B
1jtd,FB192A,3.959672394322028,SKEMPI_2.0,A_B
1jtd,FB36A,2.5498809649258365,SKEMPI_2.0,A_B
1jtd,IB191A,2.888799162152425,SKEMPI_2.0,A_B
1jtd,KA85A,2.1290435333452264,SKEMPI_2.0,A_B
1jtd,LA76A,1.7213676328045333,SKEMPI_2.0,A_B
1jtd,LB53A,0.6667405450300047,SKEMPI_2.0,A_B
1jtd,MA103A,2.504335915816167,SKEMPI_2.0,A_B
1jtd,MA244A,0.2764335745481378,SKEMPI_2.0,A_B
1jtd,NA74A,0.7954125356602306,SKEMPI_2.0,A_B
1jtd,NB12A,1.3010338000797863,SKEMPI_2.0,A_B
1jtd,NB266A,2.668552074993765,SKEMPI_2.0,A_B
1jtd,NB74A,1.2093001109317203,SKEMPI_2.0,A_B
1jtd,PA81A,1.7213676328045333,SKEMPI_2.0,A_B
1jtd,QA73A,0.5149086888121709,SKEMPI_2.0,A_B
1jtd,RB248A,0.8878556432582747,SKEMPI_2.0,A_B
1jtd,SB131A,0.1515448050943641,SKEMPI_2.0,A_B
1jtd,TB19A,0.2950249093050417,SKEMPI_2.0,A_B
1jtd,VA190A,0.0379584602841047,SKEMPI_2.0,A_B
1jtd,WB114A,3.2544092350795952,SKEMPI_2.0,A_B
1jtd,WB15A,1.3923104255231815,SKEMPI_2.0,A_B
1jtd,WB231A,5.808539723053141,SKEMPI_2.0,A_B
1jtd,YA79A,2.2345232592160023,SKEMPI_2.0,A_B
1jtd,YB153A,3.2982904921990897,SKEMPI_2.0,A_B
1jtd,YB170A,2.0261466168682927,SKEMPI_2.0,A_B
1jtd,YB210A,0.8239369210106485,SKEMPI_2.0,A_B
1jtd,YB35A,3.1500845871819467,SKEMPI_2.0,A_B
1jtd,YB75A,0.4801728652073099,SKEMPI_2.0,A_B
1jtg,A:K234A,0.82,AB-BIND,A_B
1jtg,"A:K234A,A:S130A",0.84,AB-BIND,A_B
1jtg,"A:K234A,A:S130A,A:R243A",1.13,AB-BIND,A_B
1jtg,"A:K234A,A:S235A,A:S130A,A:R243A",1.54,AB-BIND,A_B
1jtg,A:R243A,0.56,AB-BIND,A_B
1jtg,"A:R243A,A:K234A",1.35,AB-BIND,A_B
1jtg,"A:R243A,A:S130A",1.01,AB-BIND,A_B
1jtg,"A:R243A,A:S235A",0.06,AB-BIND,A_B
1jtg,"A:R243A,A:S235A,A:K234A",1.34,AB-BIND,A_B
1jtg,"A:R243A,A:S235A,A:S130A",0.79,AB-BIND,A_B
1jtg,A:S130A,0.5,AB-BIND,A_B
1jtg,A:S235A,1.32,AB-BIND,A_B
1jtg,"A:S235A,A:K234A",1.13,AB-BIND,A_B
1jtg,"A:S235A,A:S130A",0.81,AB-BIND,A_B
1jtg,"A:S235A,A:S130A,A:K234A",1.17,AB-BIND,A_B
1jtg,B:D49A,1.98,AB-BIND,A_B
1jtg,"B:D49A,A:K234A",1.74,AB-BIND,A_B
1jtg,"B:D49A,A:K234A,A:S130A",1.03,AB-BIND,A_B
1jtg,"B:D49A,A:K234A,A:S130A,A:R243A",1.43,AB-BIND,A_B
1jtg,"B:D49A,A:K234A,A:S235A,A:S130A,A:R243A",1.56,AB-BIND,A_B
1jtg,"B:D49A,A:R243A",1.18,AB-BIND,A_B
1jtg,"B:D49A,A:R243A,A:K234A",1.72,AB-BIND,A_B
1jtg,"B:D49A,A:R243A,A:S130A",1.24,AB-BIND,A_B
1jtg,"B:D49A,A:R243A,A:S235A",0.49,AB-BIND,A_B
1jtg,"B:D49A,A:R243A,A:S235A,A:K234A",1.69,AB-BIND,A_B
1jtg,"B:D49A,A:R243A,A:S235A,A:S130A",0.78,AB-BIND,A_B
1jtg,"B:D49A,A:S130A",1.57,AB-BIND,A_B
1jtg,"B:D49A,A:S235A",1.84,AB-BIND,A_B
1jtg,"B:D49A,A:S235A,A:K234A",1.44,AB-BIND,A_B
1jtg,"B:D49A,A:S235A,A:S130A",1.29,AB-BIND,A_B
1jtg,"B:D49A,A:S235A,A:S130A,A:K234A",0.81,AB-BIND,A_B
1jtg,DB163A,-1.3401968967775926,SKEMPI_2.0,A_B
1jtg,DB163K,-1.9816735296145704,SKEMPI_2.0,A_B
1jtg,"DB163K,DB135K,VB134K",-3.0534858991737464,SKEMPI_2.0,A_B
1jtg,DB49A,2.346862783995624,SKEMPI_2.0,A_B
1jtg,"DB49A,KA208A",1.5997711102601164,SKEMPI_2.0,A_B
1jtg,"DB49A,RA217A",1.0986189621258828,SKEMPI_2.0,A_B
1jtg,"DB49A,SA105A",0.3578922432533303,SKEMPI_2.0,A_B
1jtg,EA143A,-0.0725420531048624,SKEMPI_2.0,A_B
1jtg,"EA143A,DB49A",1.5041759370304126,SKEMPI_2.0,A_B
1jtg,"EA143A,FB142A",2.579625074219976,SKEMPI_2.0,A_B
1jtg,"EA143A,KB74A",4.059693373332594,SKEMPI_2.0,A_B
1jtg,"EA143A,RB160A",2.3176505890156327,SKEMPI_2.0,A_B
1jtg,"EA143A,WB112A",2.793679798404779,SKEMPI_2.0,A_B
1jtg,"EA143A,WB150A",4.107390308253286,SKEMPI_2.0,A_B
1jtg,"EA143A,WB162A",2.076324101508492,SKEMPI_2.0,A_B
1jtg,EA143G,-0.1703440348325832,SKEMPI_2.0,A_B
1jtg,EA146K,-0.6096644270178104,SKEMPI_2.0,A_B
1jtg,EA213K,-0.4104304674362382,SKEMPI_2.0,A_B
1jtg,EA79A,1.978598193511223,SKEMPI_2.0,A_B
1jtg,"EA79A,EB73M",1.8414705127225643,SKEMPI_2.0,A_B
1jtg,"EA79A,EB73M,FB142A",2.8535223205549114,SKEMPI_2.0,A_B
1jtg,"EA79A,EB73M,KB74A",2.101573474495948,SKEMPI_2.0,A_B
1jtg,"EA79A,EB73M,KB74A,FB142A",2.5893286932278103,SKEMPI_2.0,A_B
1jtg,"EA79A,SB113A",1.863529411846902,SKEMPI_2.0,A_B
1jtg,"EA79A,SB113A,SB71A",2.579625074219976,SKEMPI_2.0,A_B
1jtg,"EA79A,YA80A",1.0264448319843142,SKEMPI_2.0,A_B
1jtg,EA79D,3.6538362867692977,SKEMPI_2.0,A_B
1jtg,EA79K,3.238955406967466,SKEMPI_2.0,A_B
1jtg,"EA79K,DB49A",5.637332800173609,SKEMPI_2.0,A_B
1jtg,"EA79K,FB142A",4.552213668370177,SKEMPI_2.0,A_B
1jtg,EA85A,1.377232202889341,SKEMPI_2.0,A_B
1jtg,"EA85A,SB113A",4.563078670453222,SKEMPI_2.0,A_B
1jtg,"EA85A,SB113A,SB71A",5.0395157125428005,SKEMPI_2.0,A_B
1jtg,"EA85A,SB71A",5.016591843303297,SKEMPI_2.0,A_B
1jtg,"EA85A,YB50A",3.96492079087056,SKEMPI_2.0,A_B
1jtg,EA85G,-0.9121375603158716,SKEMPI_2.0,A_B
1jtg,"EA85G,EA143G",-0.6096644270178104,SKEMPI_2.0,A_B
1jtg,EA85V,-0.6720511277122166,SKEMPI_2.0,A_B
1jtg,"EA85V,EA143G",-0.7417935254832884,SKEMPI_2.0,A_B
1jtg,EB31A,0.8208609348724764,SKEMPI_2.0,A_B
1jtg,EB73A,0.4347868624173714,SKEMPI_2.0,A_B
1jtg,"EB73A,YB50A",-1.4955495992396703,SKEMPI_2.0,A_B
1jtg,EB73M,0.5060370611773439,SKEMPI_2.0,A_B
1jtg,"EB73M,FB142A",2.539790595396204,SKEMPI_2.0,A_B
1jtg,"EB73M,KB74A",4.306536129426775,SKEMPI_2.0,A_B
1jtg,"EB73M,KB74A,FB142A",4.569034711381531,SKEMPI_2.0,A_B
1jtg,FB142A,2.8038693194251665,SKEMPI_2.0,A_B
1jtg,"FB142A,EA79A",2.7463768270538367,SKEMPI_2.0,A_B
1jtg,"FB142A,EA79A,YA80A",1.5041759370304126,SKEMPI_2.0,A_B
1jtg,"FB142A,KA208A",3.3932795185177733,SKEMPI_2.0,A_B
1jtg,"FB142A,RA217A",3.3932795185177733,SKEMPI_2.0,A_B
1jtg,"FB142A,SA105A",2.841586722700022,SKEMPI_2.0,A_B
1jtg,"FB142A,YA80A",0.693984227747215,SKEMPI_2.0,A_B
1jtg,"FB142A,YB143A",2.841586722700022,SKEMPI_2.0,A_B
1jtg,"FB142A,YB143A,EA79A",2.8896896704747834,SKEMPI_2.0,A_B
1jtg,"FB142A,YB143A,EA79A,YA80A",2.841586722700022,SKEMPI_2.0,A_B
1jtg,"FB142A,YB143A,KA208A",4.67935641315808,SKEMPI_2.0,A_B
1jtg,"FB142A,YB143A,RA217A",4.540301785451782,SKEMPI_2.0,A_B
1jtg,"FB142A,YB143A,SA105A",4.155990409444452,SKEMPI_2.0,A_B
1jtg,"FB142A,YB143A,YA80A",2.985260972950014,SKEMPI_2.0,A_B
1jtg,FB36A,3.2249099843780007,SKEMPI_2.0,A_B
1jtg,GA212S,-0.2676321433814814,SKEMPI_2.0,A_B
1jtg,"GA212S,DB49A",2.633767330719593,SKEMPI_2.0,A_B
1jtg,"GA212S,FB142A",3.679831034886339,SKEMPI_2.0,A_B
1jtg,GB141A,1.3297635881359806,SKEMPI_2.0,A_B
1jtg,GB48A,1.1130591112978816,SKEMPI_2.0,A_B
1jtg,HB148A,2.907119039817065,SKEMPI_2.0,A_B
1jtg,HB41A,3.31596000966537,SKEMPI_2.0,A_B
1jtg,KA208A,1.2214511256761238,SKEMPI_2.0,A_B
1jtg,"KA208A,DB49A",1.5531662590261115,SKEMPI_2.0,A_B
1jtg,"KA208A,SA105A",1.978509397125665,SKEMPI_2.0,A_B
1jtg,"KA208A,SA105A,DB49A",1.3174682869545808,SKEMPI_2.0,A_B
1jtg,"KA208A,SA105A,RA217A",2.508041045149004,SKEMPI_2.0,A_B
1jtg,"KA208A,SA105A,RA217A,DB49A",1.4901499718821736,SKEMPI_2.0,A_B
1jtg,"KA208A,SA209A,SA105A,RA217A",2.7869693342418533,SKEMPI_2.0,A_B
1jtg,"KA208A,SA209A,SA105A,RA217A,DB49A",1.726021966765722,SKEMPI_2.0,A_B
1jtg,KA86A,-0.8522882767469242,SKEMPI_2.0,A_B
1jtg,KA86N,0.180824414622143,SKEMPI_2.0,A_B
1jtg,KB74A,3.616087067860996,SKEMPI_2.0,A_B
1jtg,"KB74A,EA79A",1.5759809263086562,SKEMPI_2.0,A_B
1jtg,"KB74A,EA79A,YA80A",1.385353600809191,SKEMPI_2.0,A_B
1jtg,"KB74A,FB142A",4.849700447990662,SKEMPI_2.0,A_B
1jtg,"KB74A,FB142A,EA79A",3.128517598885236,SKEMPI_2.0,A_B
1jtg,"KB74A,FB142A,EA79A,YA80A",3.128517598885236,SKEMPI_2.0,A_B
1jtg,"KB74A,FB142A,KA208A",5.827632884790447,SKEMPI_2.0,A_B
1jtg,"KB74A,FB142A,RA217A",5.493291818789736,SKEMPI_2.0,A_B
1jtg,"KB74A,FB142A,SA105A",5.159019044813783,SKEMPI_2.0,A_B
1jtg,"KB74A,FB142A,YA80A",4.776505410699642,SKEMPI_2.0,A_B
1jtg,"KB74A,FB142A,YB143A",3.89325777513276,SKEMPI_2.0,A_B
1jtg,"KB74A,FB142A,YB143A,EA79A",2.3876682022227533,SKEMPI_2.0,A_B
1jtg,"KB74A,FB142A,YB143A,EA79A,YA80A",2.4113995604308296,SKEMPI_2.0,A_B
1jtg,"KB74A,FB142A,YB143A,KA208A",5.469603620026264,SKEMPI_2.0,A_B
1jtg,"KB74A,FB142A,YB143A,RA217A",5.254944377157,SKEMPI_2.0,A_B
1jtg,"KB74A,FB142A,YB143A,SA105A",5.063987211627198,SKEMPI_2.0,A_B
1jtg,"KB74A,FB142A,YB143A,YA80A",4.227089056845422,SKEMPI_2.0,A_B
1jtg,"KB74A,KA208A",6.5444840068119055,SKEMPI_2.0,A_B
1jtg,"KB74A,RA217A",6.616625886960273,SKEMPI_2.0,A_B
1jtg,"KB74A,SA105A",3.1768812846775893,SKEMPI_2.0,A_B
1jtg,"KB74A,YA80A",3.3205083366492896,SKEMPI_2.0,A_B
1jtg,"KB74A,YB143A",3.056961402266319,SKEMPI_2.0,A_B
1jtg,"KB74A,YB143A,EA79A",1.050090028024356,SKEMPI_2.0,A_B
1jtg,"KB74A,YB143A,EA79A,YA80A",1.766983852761061,SKEMPI_2.0,A_B
1jtg,"KB74A,YB143A,KA208A",4.8733211410822825,SKEMPI_2.0,A_B
1jtg,"KB74A,YB143A,RA217A",4.370731266078645,SKEMPI_2.0,A_B
1jtg,"KB74A,YB143A,SA105A",3.726366379820125,SKEMPI_2.0,A_B
1jtg,"KB74A,YB143A,YA80A",3.3932795185177733,SKEMPI_2.0,A_B
1jtg,LA77A,0.8643928611421067,SKEMPI_2.0,A_B
1jtg,MA104A,1.118538062745734,SKEMPI_2.0,A_B
1jtg,"MA104A,FB36A",3.6293241197281527,SKEMPI_2.0,A_B
1jtg,"MA104A,SB113A,SB71A",1.6718223544408826,SKEMPI_2.0,A_B
1jtg,"MA104A,YB50A",0.3578922432533303,SKEMPI_2.0,A_B
1jtg,"MA104A,YB53A",3.607288981781477,SKEMPI_2.0,A_B
1jtg,MA244A,-0.0507111567815798,SKEMPI_2.0,A_B
1jtg,NA75A,-0.961096964555972,SKEMPI_2.0,A_B
1jtg,"NA75A,DB49A",1.5759809263086562,SKEMPI_2.0,A_B
1jtg,"NA75A,FB142A",2.2923422069411927,SKEMPI_2.0,A_B
1jtg,"NA75A,HB148A",2.101835013033041,SKEMPI_2.0,A_B
1jtg,"NA75A,KB74A",3.50990064030809,SKEMPI_2.0,A_B
1jtg,"NA75A,RB160A",1.5759809263086562,SKEMPI_2.0,A_B
1jtg,"NA75A,WB112A",2.793679798404779,SKEMPI_2.0,A_B
1jtg,"NA75A,WB150A",4.347074617921281,SKEMPI_2.0,A_B
1jtg,"NA75A,WB162A",2.101835013033041,SKEMPI_2.0,A_B
1jtg,NB89K,-0.4546762219510533,SKEMPI_2.0,A_B
1jtg,PA82A,-0.0737453429869513,SKEMPI_2.0,A_B
1jtg,"PA82A,HB41A",2.651485993034485,SKEMPI_2.0,A_B
1jtg,"PA82A,YB50A",-0.6468044991646049,SKEMPI_2.0,A_B
1jtg,"PA82A,YB53A",2.3876682022227533,SKEMPI_2.0,A_B
1jtg,PA82Q,0.4610703699054833,SKEMPI_2.0,A_B
1jtg,QA74A,0.5072474072299266,SKEMPI_2.0,A_B
1jtg,"QA74A,DB49A",2.197174268478752,SKEMPI_2.0,A_B
1jtg,"QA74A,FB142A",2.817585378866055,SKEMPI_2.0,A_B
1jtg,"QA74A,HB148A",3.199658169679029,SKEMPI_2.0,A_B
1jtg,"QA74A,KB74A",4.107390308253286,SKEMPI_2.0,A_B
1jtg,"QA74A,RB160A",3.748883389460799,SKEMPI_2.0,A_B
1jtg,"QA74A,WB112A",3.5357900535024664,SKEMPI_2.0,A_B
1jtg,"QA74A,WB150A",3.821564383833868,SKEMPI_2.0,A_B
1jtg,"QA74A,WB162A",2.8896896704747834,SKEMPI_2.0,A_B
1jtg,RA214Y,-0.1427983240547568,SKEMPI_2.0,A_B
1jtg,RA217A,1.301850873104902,SKEMPI_2.0,A_B
1jtg,"RA217A,DB49A",1.1110706653398112,SKEMPI_2.0,A_B
1jtg,"RA217A,KA208A",2.7285723653550296,SKEMPI_2.0,A_B
1jtg,"RA217A,KA208A,DB49A",1.9033734916669944,SKEMPI_2.0,A_B
1jtg,"RA217A,SA105A",1.848676847111097,SKEMPI_2.0,A_B
1jtg,"RA217A,SA105A,DB49A",1.2542481927376592,SKEMPI_2.0,A_B
1jtg,"RA217A,SA209A",0.7391869504743743,SKEMPI_2.0,A_B
1jtg,"RA217A,SA209A,DB49A",0.4078238924273242,SKEMPI_2.0,A_B
1jtg,"RA217A,SA209A,KA208A",2.715462029053859,SKEMPI_2.0,A_B
1jtg,"RA217A,SA209A,KA208A,DB49A",2.0313080554728207,SKEMPI_2.0,A_B
1jtg,"RA217A,SA209A,SA105A",1.6871801102765271,SKEMPI_2.0,A_B
1jtg,"RA217A,SA209A,SA105A,DB49A",0.8937736424803332,SKEMPI_2.0,A_B
1jtg,RB144A,0.6548683253481902,SKEMPI_2.0,A_B
1jtg,RB160A,2.736061329891553,SKEMPI_2.0,A_B
1jtg,SA105A,0.5626006655424916,SKEMPI_2.0,A_B
1jtg,"SA105A,DB49A",1.3838700496306529,SKEMPI_2.0,A_B
1jtg,SA209A,1.2384008775653927,SKEMPI_2.0,A_B
1jtg,"SA209A,DB49A",1.6402027624429851,SKEMPI_2.0,A_B
1jtg,"SA209A,KA208A",2.092571177082465,SKEMPI_2.0,A_B
1jtg,"SA209A,KA208A,DB49A",1.5339812331389289,SKEMPI_2.0,A_B
1jtg,"SA209A,SA105A",1.1521001301432146,SKEMPI_2.0,A_B
1jtg,"SA209A,SA105A,DB49A",1.093554853487181,SKEMPI_2.0,A_B
1jtg,"SA209A,SA105A,KA208A",1.848676847111097,SKEMPI_2.0,A_B
1jtg,"SA209A,SA105A,KA208A,DB49A",0.6089208614115175,SKEMPI_2.0,A_B
1jtg,SB113A,-0.5156538018049464,SKEMPI_2.0,A_B
1jtg,SB35A,0.0,SKEMPI_2.0,A_B
1jtg,SB39A,0.0216085784987656,SKEMPI_2.0,A_B
1jtg,SB71A,0.1386455759747606,SKEMPI_2.0,A_B
1jtg,"SB71A,SB113A",0.4558171679749038,SKEMPI_2.0,A_B
1jtg,TB140K,-0.0143843348801381,SKEMPI_2.0,A_B
1jtg,"TB140K,QB157K",-0.3963872953964333,SKEMPI_2.0,A_B
1jtg,TB32K,0.1992339595815723,SKEMPI_2.0,A_B
1jtg,VA190A,-0.492651008638326,SKEMPI_2.0,A_B
1jtg,"VA190A,FB142A",2.197174268478752,SKEMPI_2.0,A_B
1jtg,"VA190A,YB50A",-0.8850434232491592,SKEMPI_2.0,A_B
1jtg,VA78A,1.9096924675511968,SKEMPI_2.0,A_B
1jtg,"VA78A,FB142A",4.514191800081266,SKEMPI_2.0,A_B
1jtg,"VA78A,RB160A",4.347074617921281,SKEMPI_2.0,A_B
1jtg,"VA78A,WB162A",4.227089056845422,SKEMPI_2.0,A_B
1jtg,"VB165K,DB163K,DB135K,NB89K",-3.358706721857081,SKEMPI_2.0,A_B
1jtg,"VB165K,DB163K,NB89K",-2.392103997050808,SKEMPI_2.0,A_B
1jtg,VB93K,-0.4754547047856214,SKEMPI_2.0,A_B
1jtg,WB112A,2.8791059812845385,SKEMPI_2.0,A_B
1jtg,WB150A,4.313726861072797,SKEMPI_2.0,A_B
1jtg,WB162A,2.2619100386314948,SKEMPI_2.0,A_B
1jtg,YA80A,-0.1311811228618936,SKEMPI_2.0,A_B
1jtg,YB143A,0.7097445037793872,SKEMPI_2.0,A_B
1jtg,"YB143A,EA79A",1.863529411846902,SKEMPI_2.0,A_B
1jtg,"YB143A,EA79A,YA80A",2.053547216507052,SKEMPI_2.0,A_B
1jtg,"YB143A,KA208A",2.5552543093866853,SKEMPI_2.0,A_B
1jtg,"YB143A,RA217A",2.268601236376073,SKEMPI_2.0,A_B
1jtg,"YB143A,SA105A",1.790979774141139,SKEMPI_2.0,A_B
1jtg,"YB143A,YA80A",1.0748515173772824,SKEMPI_2.0,A_B
1jtg,YB50A,-1.7063649968833463,SKEMPI_2.0,A_B
1jtg,YB51A,0.7986345416539434,SKEMPI_2.0,A_B
1jtg,YB53A,2.868626642122368,SKEMPI_2.0,A_B
1k8r,"DA30K,EA31K",0.4259269564349799,SKEMPI_2.0,A_B
1k8r,DA33A,1.5960416757917304,SKEMPI_2.0,A_B
1k8r,DA38A,1.7801533491329355,SKEMPI_2.0,A_B
1k8r,DA38E,3.5741237653805693,SKEMPI_2.0,A_B
1k8r,DA38N,1.9715047181857643,SKEMPI_2.0,A_B
1k8r,DA57A,1.2265276252451511,SKEMPI_2.0,A_B
1k8r,EA31K,0.177718336060188,SKEMPI_2.0,A_B
1k8r,EA37A,0.317940632183783,SKEMPI_2.0,A_B
1k8r,EA62A,0.4259269564349799,SKEMPI_2.0,A_B
1k8r,EA63A,0.4259269564349799,SKEMPI_2.0,A_B
1k8r,KB23A,0.6100558897200513,SKEMPI_2.0,A_B
1k8r,KB31A,2.8366466794630845,SKEMPI_2.0,A_B
1k8r,QB11A,1.8695192207546336,SKEMPI_2.0,A_B
1k8r,RA41A,1.2265276252451511,SKEMPI_2.0,A_B
1k8r,RB13A,2.9121660318022986,SKEMPI_2.0,A_B
1k8r,RB76A,0.7436677912931657,SKEMPI_2.0,A_B
1k8r,RB77A,1.4938426920707562,SKEMPI_2.0,A_B
1k8r,SA39A,0.7436677912931657,SKEMPI_2.0,A_B
1k8r,YA40C,3.5741237653805693,SKEMPI_2.0,A_B
1k8r,YA40F,1.551224096334383,SKEMPI_2.0,A_B
1kac,PA15S,-0.7929441015503791,SKEMPI_2.0,A_B
1kac,SA87Y,-1.2520698851432828,SKEMPI_2.0,A_B
1kir,SA50Y,-1.3869517826161146,SKEMPI_2.0,AB_C
1kne,AA3F,-0.1149648242068664,SKEMPI_2.0,A_P
1kne,"AA3F,TP2F",0.8031842192145083,SKEMPI_2.0,A_P
1kne,"AA3F,TP2I",0.5894188309748709,SKEMPI_2.0,A_P
1kne,"AA3F,TP2K",-0.0358974148176783,SKEMPI_2.0,A_P
1kne,"AA3F,TP2L",0.3927537517782701,SKEMPI_2.0,A_P
1kne,AA3K,0.8944608446579034,SKEMPI_2.0,A_P
1kne,"AA3K,TP2F",1.4684681189834663,SKEMPI_2.0,A_P
1kne,"AA3K,TP2I",1.3972654837275855,SKEMPI_2.0,A_P
1kne,"AA3K,TP2K",1.5988444998396407,SKEMPI_2.0,A_P
1kne,"AA3K,TP2L",1.833444616556254,SKEMPI_2.0,A_P
1kne,AA3L,0.0,SKEMPI_2.0,A_P
1kne,"AA3L,TP2F",0.251584386109877,SKEMPI_2.0,A_P
1kne,"AA3L,TP2I",0.0658595904152767,SKEMPI_2.0,A_P
1kne,"AA3L,TP2K",-0.1588460813263611,SKEMPI_2.0,A_P
1kne,"AA3L,TP2L",0.251584386109877,SKEMPI_2.0,A_P
1kne,AA3T,-0.3765854844828448,SKEMPI_2.0,A_P
1kne,"AA3T,TP2F",0.7849635200547981,SKEMPI_2.0,A_P
1kne,"AA3T,TP2I",0.6021532142475392,SKEMPI_2.0,A_P
1kne,"AA3T,TP2K",-0.3141987837884387,SKEMPI_2.0,A_P
1kne,"AA3T,TP2L",0.5630977866108534,SKEMPI_2.0,A_P
1kne,DA40F,-0.6166719170864997,SKEMPI_2.0,A_P
1kne,"DA40F,TP2F",-0.1588460813263611,SKEMPI_2.0,A_P
1kne,"DA40F,TP2I",0.2041890177859767,SKEMPI_2.0,A_P
1kne,"DA40F,TP2K",-0.2062414496502615,SKEMPI_2.0,A_P
1kne,"DA40F,TP2L",0.2954656432293718,SKEMPI_2.0,A_P
1kne,DA40I,0.460499095379743,SKEMPI_2.0,A_P
1kne,"DA40I,TP2F",1.0947923504295247,SKEMPI_2.0,A_P
1kne,"DA40I,TP2I",0.614619485222215,SKEMPI_2.0,A_P
1kne,"DA40I,TP2K",0.5894188309748709,SKEMPI_2.0,A_P
1kne,"DA40I,TP2L",0.5764045488551095,SKEMPI_2.0,A_P
1kne,DA40K,-0.3765854844828448,SKEMPI_2.0,A_P
1kne,"DA40K,TP2F",-0.0358974148176783,SKEMPI_2.0,A_P
1kne,"DA40K,TP2I",0.0,SKEMPI_2.0,A_P
1kne,"DA40K,TP2K",0.3363181162514544,SKEMPI_2.0,A_P
1kne,"DA40K,TP2L",-0.3141987837884387,SKEMPI_2.0,A_P
1kne,DA40T,0.4916708187135319,SKEMPI_2.0,A_P
1kne,"DA40T,TP2F",1.239935731014764,SKEMPI_2.0,A_P
1kne,"DA40T,TP2I",0.8867205252877532,SKEMPI_2.0,A_P
1kne,"DA40T,TP2K",0.726674593500178,SKEMPI_2.0,A_P
1kne,"DA40T,TP2L",0.251584386109877,SKEMPI_2.0,A_P
1kne,KA24A,-1.267188817126393,SKEMPI_2.0,A_P
1kne,"KA24A,AA3K",-0.257763148261623,SKEMPI_2.0,A_P
1kne,TP2F,0.0962316836477994,SKEMPI_2.0,A_P
1kne,TP2I,0.2739314155570483,SKEMPI_2.0,A_P
1kne,TP2K,-0.3141987837884387,SKEMPI_2.0,A_P
1kne,TP2L,0.2041890177859767,SKEMPI_2.0,A_P
1ktz,B:D118A,0.9,AB-BIND,A_B
1ktz,B:D32A,1.4,AB-BIND,A_B
1ktz,B:D32N,1.7,AB-BIND,A_B
1ktz,B:E119A,1.4,AB-BIND,A_B
1ktz,B:E119Q,1.7,AB-BIND,A_B
1ktz,B:E55A,1.3,AB-BIND,A_B
1ktz,B:E75A,1.0,AB-BIND,A_B
1ktz,B:F110A,0.9,AB-BIND,A_B
1ktz,B:F30A,2.9,AB-BIND,A_B
1ktz,B:H79A,0.4,AB-BIND,A_B
1ktz,B:I125A,0.5,AB-BIND,A_B
1ktz,B:I50A,1.9,AB-BIND,A_B
1ktz,B:I53A,1.2,AB-BIND,A_B
1ktz,B:L27A,1.9,AB-BIND,A_B
1ktz,B:M112A,0.8,AB-BIND,A_B
1ktz,B:N47A,0.3,AB-BIND,A_B
1ktz,B:S49A,0.5,AB-BIND,A_B
1ktz,B:S52A,0.4,AB-BIND,A_B
1ktz,B:S52L,3.7,AB-BIND,A_B
1ktz,B:T51A,1.3,AB-BIND,A_B
1ktz,B:V62A,0.7,AB-BIND,A_B
1ktz,B:V77A,0.5,AB-BIND,A_B
1ktz,DB8A,1.5207792785599348,SKEMPI_2.0,A_B
1ktz,DB8N,1.9992436939839,SKEMPI_2.0,A_B
1ktz,DB94A,0.8142938509230113,SKEMPI_2.0,A_B
1ktz,EB31A,1.2158533509430487,SKEMPI_2.0,A_B
1ktz,EB51A,1.0795197898419069,SKEMPI_2.0,A_B
1ktz,EB95A,1.4934560460864352,SKEMPI_2.0,A_B
1ktz,EB95Q,1.626283818379287,SKEMPI_2.0,A_B
1ktz,FB6A,2.978425387658262,SKEMPI_2.0,A_B
1ktz,FB86A,0.9317137564429624,SKEMPI_2.0,A_B
1ktz,HB55A,0.2954656432293718,SKEMPI_2.0,A_B
1ktz,IB101A,0.5390661870374325,SKEMPI_2.0,A_B
1ktz,IB26A,1.8954374855101688,SKEMPI_2.0,A_B
1ktz,IB29A,1.3694847556813434,SKEMPI_2.0,A_B
1ktz,LB3A,1.823919596153936,SKEMPI_2.0,A_B
1ktz,MB88A,0.8709295628159813,SKEMPI_2.0,A_B
1ktz,NB23A,0.284796417640093,SKEMPI_2.0,A_B
1ktz,RA13A,1.480766212788773,SKEMPI_2.0,A_B
1ktz,RA13K,1.1510640983272842,SKEMPI_2.0,A_B
1ktz,RA64A,2.882817322814814,SKEMPI_2.0,A_B
1ktz,RA64K,2.200285815313038,SKEMPI_2.0,A_B
1ktz,SB25A,0.3263661845112489,SKEMPI_2.0,A_B
1ktz,SB28A,0.2163982338401837,SKEMPI_2.0,A_B
1ktz,SB28L,4.03556485776668,SKEMPI_2.0,A_B
1ktz,TB27A,1.5127138734982817,SKEMPI_2.0,A_B
1ktz,VA62I,0.242784050025768,SKEMPI_2.0,A_B
1ktz,VB38A,0.6476071841109902,SKEMPI_2.0,A_B
1ktz,VB53A,0.4147684062517971,SKEMPI_2.0,A_B
1lfd,DA38A,-0.4451314573368069,SKEMPI_2.0,A_B
1lfd,"DA38A,DB33A",0.2002124782921765,SKEMPI_2.0,A_B
1lfd,DA38K,-0.993568254013812,SKEMPI_2.0,A_B
1lfd,"DA38K,DA43K,EA44K",-1.379368830748652,SKEMPI_2.0,A_B
1lfd,DA43A,-0.3403788502733898,SKEMPI_2.0,A_B
1lfd,DA45K,-0.7037999534610414,SKEMPI_2.0,A_B
1lfd,"DA45K,DA81K",-0.6523004976655125,SKEMPI_2.0,A_B
1lfd,DA81K,-1.0237023438392967,SKEMPI_2.0,A_B
1lfd,DB33A,1.100179013143683,SKEMPI_2.0,A_B
1lfd,DB38A,3.311146077418498,SKEMPI_2.0,A_B
1lfd,EA44A,-0.1371519366905282,SKEMPI_2.0,A_B
1lfd,EA44K,-0.1929202836199744,SKEMPI_2.0,A_B
1lfd,EB37A,1.1964366897250471,SKEMPI_2.0,A_B
1lfd,EB62A,0.198467546263124,SKEMPI_2.0,A_B
1lfd,EB63A,0.297097184274997,SKEMPI_2.0,A_B
1lfd,HA40A,1.497875135738418,SKEMPI_2.0,A_B
1lfd,"HA40A,DB33A",2.200342940005572,SKEMPI_2.0,A_B
1lfd,"HA40A,SB39A",0.5008495605067271,SKEMPI_2.0,A_B
1lfd,"HA40A,VB29A",1.995826463691022,SKEMPI_2.0,A_B
1lfd,IA5A,1.4482318821733349,SKEMPI_2.0,A_B
1lfd,KA19A,1.9542059783173635,SKEMPI_2.0,A_B
1lfd,"KA19A,QB25A",2.499889924037695,SKEMPI_2.0,A_B
1lfd,KA35A,0.3635402694359846,SKEMPI_2.0,A_B
1lfd,"KA35A,EB63A",0.297097184274997,SKEMPI_2.0,A_B
1lfd,"KA35A,SB39A",-0.0996185919301085,SKEMPI_2.0,A_B
1lfd,KA39A,2.143580411385249,SKEMPI_2.0,A_B
1lfd,"KA39A,DB38A",6.095139414165911,SKEMPI_2.0,A_B
1lfd,LA10K,-0.2584982871392673,SKEMPI_2.0,A_B
1lfd,LA42K,-0.28534346645746,SKEMPI_2.0,A_B
1lfd,MA17K,-0.6607836997897203,SKEMPI_2.0,A_B
1lfd,"MA17K,DA38K,DA45K",-1.8799311407025443,SKEMPI_2.0,A_B
1lfd,"MA17K,DA38K,DA45K,DA81K",-1.3285345573482017,SKEMPI_2.0,A_B
1lfd,"MA17K,DA45K",-0.6252866791214016,SKEMPI_2.0,A_B
1lfd,"MA17K,DA81K",-0.6536493063765689,SKEMPI_2.0,A_B
1lfd,NA14A,0.9484229701641408,SKEMPI_2.0,A_B
1lfd,"NA14A,EB37A",1.995826463691022,SKEMPI_2.0,A_B
1lfd,"NA14A,RB41A",1.5473014226936292,SKEMPI_2.0,A_B
1lfd,NA14K,0.4000832855132618,SKEMPI_2.0,A_B
1lfd,NA16A,0.4991805613854621,SKEMPI_2.0,A_B
1lfd,"NA16A,QB25A",0.3016156009251548,SKEMPI_2.0,A_B
1lfd,"NA16A,RB41A",1.0982893541303032,SKEMPI_2.0,A_B
1lfd,"NA16A,SB39A",0.0,SKEMPI_2.0,A_B
1lfd,"NA16A,YB40F",2.299901182964501,SKEMPI_2.0,A_B
1lfd,NA41K,-0.6345441014034157,SKEMPI_2.0,A_B
1lfd,NA79K,-0.4819865032164971,SKEMPI_2.0,A_B
1lfd,QB25A,0.9001425334483009,SKEMPI_2.0,A_B
1lfd,RA7A,1.832601486335524,SKEMPI_2.0,A_B
1lfd,"RA7A,EB37A",2.096730105208521,SKEMPI_2.0,A_B
1lfd,RB41A,0.848374201503035,SKEMPI_2.0,A_B
1lfd,SA20A,0.9486089883326264,SKEMPI_2.0,A_B
1lfd,"SA20A,DB38A",3.295835683003096,SKEMPI_2.0,A_B
1lfd,"SA20A,EB37A",2.295957164436654,SKEMPI_2.0,A_B
1lfd,"SA20A,YB40F",1.7981940900848683,SKEMPI_2.0,A_B
1lfd,SA9K,0.390094266490694,SKEMPI_2.0,A_B
1lfd,SB39A,-0.7505816622452566,SKEMPI_2.0,A_B
1lfd,VB29A,0.4966740277260447,SKEMPI_2.0,A_B
1lfd,YA18A,3.595822297198364,SKEMPI_2.0,A_B
1lfd,"YA18A,DB38A",4.894975286531856,SKEMPI_2.0,A_B
1lfd,"YA18A,EB37A",3.595822297198364,SKEMPI_2.0,A_B
1lfd,"YA18A,SB39A",4.094836028657799,SKEMPI_2.0,A_B
1lfd,YA18F,1.3480967314374133,SKEMPI_2.0,A_B
1lfd,"YA18F,EB37A",1.2965799647606804,SKEMPI_2.0,A_B
1lfd,"YA18F,RB41A",1.7981940900848683,SKEMPI_2.0,A_B
1lfd,"YA18F,SB39A",0.8003731185898431,SKEMPI_2.0,A_B
1lfd,"YA18F,YB40F",2.6002557952191254,SKEMPI_2.0,A_B
1lfd,YA80K,0.1381953335434705,SKEMPI_2.0,A_B
1lfd,YB32W,-0.2111965078546659,SKEMPI_2.0,A_B
1lfd,YB40A,3.695632157635223,SKEMPI_2.0,A_B
1lfd,YB40F,2.1478638233277616,SKEMPI_2.0,A_B
1lp9,KA66A,0.9401072112583784,SKEMPI_2.0,ABC_EF
1lp9,TA163A,-0.4040975086726947,SKEMPI_2.0,ABC_EF
1lp9,WA167A,0.2986405891739078,SKEMPI_2.0,ABC_EF
1mah,DA71N,1.879380087443372,SKEMPI_2.0,A_F
1mah,FA285L,1.2448883065133411,SKEMPI_2.0,A_F
1mah,FA287I,2.0602724387386098,SKEMPI_2.0,A_F
1mah,FA287Y,0.7919526778836428,SKEMPI_2.0,A_F
1mah,FA328G,0.7919526778836428,SKEMPI_2.0,A_F
1mah,WA276R,8.808422713387817,SKEMPI_2.0,A_F
1mah,YA121Q,3.00396217470856,SKEMPI_2.0,A_F
1mah,"YA121Q,WA276R",9.705743187401229,SKEMPI_2.0,A_F
1mah,YA327A,0.3864767754063399,SKEMPI_2.0,A_F
1mah,YA69N,5.217181004206678,SKEMPI_2.0,A_F
1mah,"YA69N,WA276R",11.628407156300453,SKEMPI_2.0,A_F
1mah,"YA69N,YA121Q",6.643610929647766,SKEMPI_2.0,A_F
1mah,"YA69N,YA121Q,WA276R",11.836214026166394,SKEMPI_2.0,A_F
1mhp,FH99W,0.0,SKEMPI_2.0,A_HL
1mhp,FH99Y,0.7545914268222753,SKEMPI_2.0,A_HL
1mhp,GH100F,0.3889780149930545,SKEMPI_2.0,A_HL
1mhp,GH100L,2.726841001548385,SKEMPI_2.0,A_HL
1mhp,GH100M,0.1021235332545624,SKEMPI_2.0,A_HL
1mhp,GH100S,0.557690205648467,SKEMPI_2.0,A_HL
1mhp,GH53A,0.5125540006908007,SKEMPI_2.0,A_HL
1mhp,GH53N,1.2551844535219026,SKEMPI_2.0,A_HL
1mhp,GH53S,0.6755240174330873,SKEMPI_2.0,A_HL
1mhp,GH54I,1.3634205007741924,SKEMPI_2.0,A_HL
1mhp,GH54T,1.1640472010343113,SKEMPI_2.0,A_HL
1mhp,GH54Y,0.0,SKEMPI_2.0,A_HL
1mhp,GL91Q,1.572523455475623,SKEMPI_2.0,A_HL
1mhp,GL91S,0.5125540006908007,SKEMPI_2.0,A_HL
1mhp,H:F99W,0.0,AB-BIND,A_HL
1mhp,H:F99Y,0.76,AB-BIND,A_HL
1mhp,H:G100F,0.57,AB-BIND,A_HL
1mhp,H:G100I,8.0,AB-BIND,A_HL
1mhp,H:G100L,2.73,AB-BIND,A_HL
1mhp,H:G100M,0.1,AB-BIND,A_HL
1mhp,H:G100S,0.56,AB-BIND,A_HL
1mhp,H:G100V,8.0,AB-BIND,A_HL
1mhp,H:G102S,8.0,AB-BIND,A_HL
1mhp,H:G53A,0.51,AB-BIND,A_HL
1mhp,H:G53N,1.26,AB-BIND,A_HL
1mhp,H:G53Q,8.0,AB-BIND,A_HL
1mhp,H:G53S,0.68,AB-BIND,A_HL
1mhp,H:G53W,8.0,AB-BIND,A_HL
1mhp,H:G54I,1.36,AB-BIND,A_HL
1mhp,H:G54M,8.0,AB-BIND,A_HL
1mhp,H:G54N,8.0,AB-BIND,A_HL
1mhp,H:G54T,1.17,AB-BIND,A_HL
1mhp,H:G54Y,0.0,AB-BIND,A_HL
1mhp,H:H56Y,8.0,AB-BIND,A_HL
1mhp,H:K64D,-0.12,AB-BIND,A_HL
1mhp,H:K64E,-0.16,AB-BIND,A_HL
1mhp,"H:K64E,L:S28Q",-0.85,AB-BIND,A_HL
1mhp,"H:K64E,L:S28Q,L:N52Y",-0.95,AB-BIND,A_HL
1mhp,H:K64N,-0.07,AB-BIND,A_HL
1mhp,H:K64Q,-0.16,AB-BIND,A_HL
1mhp,H:L60D,-0.12,AB-BIND,A_HL
1mhp,"H:L60D,H:K64E",-0.14,AB-BIND,A_HL
1mhp,"H:L60D,H:K64Q",0.04,AB-BIND,A_HL
1mhp,H:R31Q,1.31,AB-BIND,A_HL
1mhp,H:S35A,1.58,AB-BIND,A_HL
1mhp,"H:S35A,H:G102S",1.58,AB-BIND,A_HL
1mhp,"H:S35A,H:T50V,H:G102S",8.0,AB-BIND,A_HL
1mhp,H:S35Q,2.73,AB-BIND,A_HL
1mhp,H:S35V,8.0,AB-BIND,A_HL
1mhp,"H:S35V,H:G102S",1.43,AB-BIND,A_HL
1mhp,"H:S35V,H:T50V,H:G102S",8.0,AB-BIND,A_HL
1mhp,H:S52M,2.08,AB-BIND,A_HL
1mhp,H:S52T,8.0,AB-BIND,A_HL
1mhp,"H:T33E,H:G53Q",1.67,AB-BIND,A_HL
1mhp,"H:T33I,H:S52T,H:G53N,H:G54N",1.91,AB-BIND,A_HL
1mhp,"H:T33I,H:S52T,H:G53Q,H:G54F",1.26,AB-BIND,A_HL
1mhp,H:T33N,2.73,AB-BIND,A_HL
1mhp,H:T33Q,8.0,AB-BIND,A_HL
1mhp,"H:T33Q,H:G54W",8.0,AB-BIND,A_HL
1mhp,"H:T33S,H:G53W",8.0,AB-BIND,A_HL
1mhp,H:T33V,0.43,AB-BIND,A_HL
1mhp,H:T50E,8.0,AB-BIND,A_HL
1mhp,H:T50Q,8.0,AB-BIND,A_HL
1mhp,H:T50V,-0.26,AB-BIND,A_HL
1mhp,"H:T50V,H:G102S",1.67,AB-BIND,A_HL
1mhp,"H:T50V,H:K64E",-0.36,AB-BIND,A_HL
1mhp,"H:T50V,H:K64E,L:S28Q,L:N52E",-1.24,AB-BIND,A_HL
1mhp,"H:T50V,H:K64E,L:S28Q,L:N52Y",-1.04,AB-BIND,A_HL
1mhp,"H:T50V,H:S35A",2.08,AB-BIND,A_HL
1mhp,"H:T50V,H:S35V",2.73,AB-BIND,A_HL
1mhp,"H:T50V,L:S28Q",-0.69,AB-BIND,A_HL
1mhp,"H:T50V,L:S28Q,L:N52Y",-1.2,AB-BIND,A_HL
1mhp,H:Y58E,2.08,AB-BIND,A_HL
1mhp,"H:Y58E,H:H56N",8.0,AB-BIND,A_HL
1mhp,H:Y58Q,2.08,AB-BIND,A_HL
1mhp,"H:Y58Q,H:H56N",8.0,AB-BIND,A_HL
1mhp,H:Y58W,0.82,AB-BIND,A_HL
1mhp,H:Y59E,0.54,AB-BIND,A_HL
1mhp,HL30K,1.1640472010343113,SKEMPI_2.0,A_HL
1mhp,HL30R,1.1236822751785138,SKEMPI_2.0,A_HL
1mhp,HL30W,1.2551844535219026,SKEMPI_2.0,A_HL
1mhp,KH64D,-0.1714243511691106,SKEMPI_2.0,A_HL
1mhp,KH64E,-0.077606697542916,SKEMPI_2.0,A_HL
1mhp,"KH64E,SL27Q",-0.8567583496901546,SKEMPI_2.0,A_HL
1mhp,"KH64E,SL27Q,NL51Y",-1.0190545825706931,SKEMPI_2.0,A_HL
1mhp,KH64N,-0.0362677250598272,SKEMPI_2.0,A_HL
1mhp,KH64Q,-0.077606697542916,SKEMPI_2.0,A_HL
1mhp,L:G92Q,1.58,AB-BIND,A_HL
1mhp,L:G92S,0.51,AB-BIND,A_HL
1mhp,L:H31K,1.17,AB-BIND,A_HL
1mhp,L:H31R,1.12,AB-BIND,A_HL
1mhp,L:H31W,1.26,AB-BIND,A_HL
1mhp,L:L49F,0.71,AB-BIND,A_HL
1mhp,L:L49K,0.93,AB-BIND,A_HL
1mhp,L:L49W,1.91,AB-BIND,A_HL
1mhp,L:L49Y,8.0,AB-BIND,A_HL
1mhp,L:N30K,8.0,AB-BIND,A_HL
1mhp,L:N30V,1.05,AB-BIND,A_HL
1mhp,L:N30W,1.58,AB-BIND,A_HL
1mhp,L:N30Y,1.91,AB-BIND,A_HL
1mhp,"L:N30Y,L:S91I",0.43,AB-BIND,A_HL
1mhp,L:N52D,0.5,AB-BIND,A_HL
1mhp,L:N52E,-0.18,AB-BIND,A_HL
1mhp,L:N52K,0.66,AB-BIND,A_HL
1mhp,L:N52R,0.85,AB-BIND,A_HL
1mhp,L:N52Y,-0.1,AB-BIND,A_HL
1mhp,L:N93D,8.0,AB-BIND,A_HL
1mhp,L:S24R,-0.07,AB-BIND,A_HL
1mhp,L:S28Q,-0.67,AB-BIND,A_HL
1mhp,L:S91K,8.0,AB-BIND,A_HL
1mhp,L:S91Q,1.78,AB-BIND,A_HL
1mhp,L:S91R,2.73,AB-BIND,A_HL
1mhp,L:S91T,2.32,AB-BIND,A_HL
1mhp,L:S91W,8.0,AB-BIND,A_HL
1mhp,L:W90Q,2.08,AB-BIND,A_HL
1mhp,"L:W90Q,L:F33Y",0.87,AB-BIND,A_HL
1mhp,LH60D,-0.061313618693261,SKEMPI_2.0,A_HL
1mhp,"LH60D,KH64E",-0.1417859262872901,SKEMPI_2.0,A_HL
1mhp,"LH60D,KH64Q",0.0429849262780825,SKEMPI_2.0,A_HL
1mhp,LL48F,0.7122065718133146,SKEMPI_2.0,A_HL
1mhp,LL48K,0.8611124769245317,SKEMPI_2.0,A_HL
1mhp,LL48W,1.9073716677864665,SKEMPI_2.0,A_HL
1mhp,NL29V,1.0492217169857536,SKEMPI_2.0,A_HL
1mhp,NL29W,1.572523455475623,SKEMPI_2.0,A_HL
1mhp,NL29Y,1.9073716677864665,SKEMPI_2.0,A_HL
1mhp,"NL29Y,SL90I",0.4343235186494261,SKEMPI_2.0,A_HL
1mhp,NL51D,0.5007110859164472,SKEMPI_2.0,A_HL
1mhp,NL51E,-0.0886757624506362,SKEMPI_2.0,A_HL
1mhp,NL51K,0.6574424292807125,SKEMPI_2.0,A_HL
1mhp,NL51R,0.8447539860856643,SKEMPI_2.0,A_HL
1mhp,NL51Y,-0.0516195868582443,SKEMPI_2.0,A_HL
1mhp,RH31Q,1.3071938140232908,SKEMPI_2.0,A_HL
1mhp,SH35A,1.572523455475623,SKEMPI_2.0,A_HL
1mhp,"SH35A,GH102S",1.572523455475623,SKEMPI_2.0,A_HL
1mhp,SH35Q,2.726841001548385,SKEMPI_2.0,A_HL
1mhp,"SH35V,GH102S",1.4255284883544856,SKEMPI_2.0,A_HL
1mhp,SH52M,2.075627072587507,SKEMPI_2.0,A_HL
1mhp,SL23R,-0.215310168297848,SKEMPI_2.0,A_HL
1mhp,SL27Q,-0.6875339173602412,SKEMPI_2.0,A_HL
1mhp,SL90Q,1.7738509682104304,SKEMPI_2.0,A_HL
1mhp,SL90R,2.726841001548385,SKEMPI_2.0,A_HL
1mhp,"SL90R,NL29E",2.726841001548385,SKEMPI_2.0,A_HL
1mhp,SL90T,2.3164105341121464,SKEMPI_2.0,A_HL
1mhp,"TH33E,GH53Q",1.6672852351828116,SKEMPI_2.0,A_HL
1mhp,"TH33I,SH52T,GH53N,GH54N",1.9073716677864665,SKEMPI_2.0,A_HL
1mhp,"TH33I,SH52T,GH53Q,GH54F",1.2551844535219026,SKEMPI_2.0,A_HL
1mhp,TH33N,2.726841001548385,SKEMPI_2.0,A_HL
1mhp,TH33V,0.4343235186494261,SKEMPI_2.0,A_HL
1mhp,TH50V,-0.1315853646120046,SKEMPI_2.0,A_HL
1mhp,"TH50V,GH102S",1.6672852351828116,SKEMPI_2.0,A_HL
1mhp,"TH50V,KH64E",-0.1805011609890558,SKEMPI_2.0,A_HL
1mhp,"TH50V,KH64E,SL27Q,NL51E",-1.267188817126393,SKEMPI_2.0,A_HL
1mhp,"TH50V,KH64E,SL27Q,NL51Y",-1.0843837300537524,SKEMPI_2.0,A_HL
1mhp,"TH50V,SH35A",2.075627072587507,SKEMPI_2.0,A_HL
1mhp,"TH50V,SH35V",2.726841001548385,SKEMPI_2.0,A_HL
1mhp,"TH50V,SL27Q",-0.6946125402174864,SKEMPI_2.0,A_HL
1mhp,"TH50V,SL27Q,NL51Y",-1.0588328536016451,SKEMPI_2.0,A_HL
1mhp,WL89Q,2.075627072587507,SKEMPI_2.0,A_HL
1mhp,"WL89Q,FL32Y",0.8709295628159812,SKEMPI_2.0,A_HL
1mhp,YH58E,2.075627072587507,SKEMPI_2.0,A_HL
1mhp,YH58Q,2.075627072587507,SKEMPI_2.0,A_HL
1mhp,YH58W,0.8208609348724764,SKEMPI_2.0,A_HL
1mhp,YH59E,0.543951167012274,SKEMPI_2.0,A_HL
1mi5,AD91G,0.607970216992172,SKEMPI_2.0,ABC_DE
1mi5,AE97G,1.2312914023087145,SKEMPI_2.0,ABC_DE
1mi5,DD29A,1.2312914023087145,SKEMPI_2.0,ABC_DE
1mi5,EE50A,0.8184876811944373,SKEMPI_2.0,ABC_DE
1mi5,EE99A,0.1196829846285549,SKEMPI_2.0,ABC_DE
1mi5,GD92A,0.7637143214735689,SKEMPI_2.0,ABC_DE
1mi5,GD93A,1.2312914023087145,SKEMPI_2.0,ABC_DE
1mi5,GD97A,1.2312914023087145,SKEMPI_2.0,ABC_DE
1mi5,GE26A,-0.2892014610416668,SKEMPI_2.0,ABC_DE
1mi5,GE95A,1.2312914023087145,SKEMPI_2.0,ABC_DE
1mi5,HD32A,1.2312914023087145,SKEMPI_2.0,ABC_DE
1mi5,HD47A,1.1166648391793137,SKEMPI_2.0,ABC_DE
1mi5,KD98A,1.2312914023087145,SKEMPI_2.0,ABC_DE
1mi5,LD49A,1.2312914023087145,SKEMPI_2.0,ABC_DE
1mi5,LD90A,1.2312914023087145,SKEMPI_2.0,ABC_DE
1mi5,LE94A,0.1158001772727599,SKEMPI_2.0,ABC_DE
1mi5,ND52A,-0.0192578274118465,SKEMPI_2.0,ABC_DE
1mi5,NE49A,-0.4326317607271238,SKEMPI_2.0,ABC_DE
1mi5,PD89A,1.2312914023087145,SKEMPI_2.0,ABC_DE
1mi5,QE100A,1.2312914023087145,SKEMPI_2.0,ABC_DE
1mi5,QE48A,-0.0703348200315951,SKEMPI_2.0,ABC_DE
1mi5,QE96A,1.2312914023087145,SKEMPI_2.0,ABC_DE
1mi5,SD23A,0.100009214800988,SKEMPI_2.0,ABC_DE
1mi5,SD26A,-0.0391630966978062,SKEMPI_2.0,ABC_DE
1mi5,SD51A,0.481749766272439,SKEMPI_2.0,ABC_DE
1mi5,SD95A,0.8267527844792394,SKEMPI_2.0,ABC_DE
1mi5,SE25A,0.0322638711995151,SKEMPI_2.0,ABC_DE
1mi5,SE29A,1.0633111470623775,SKEMPI_2.0,ABC_DE
1mi5,SE92A,0.3015249729673602,SKEMPI_2.0,ABC_DE
1mi5,SE93A,-0.6115622683860875,SKEMPI_2.0,ABC_DE
1mi5,TD24A,0.2602656802796699,SKEMPI_2.0,ABC_DE
1mi5,TD28A,0.5872523252039602,SKEMPI_2.0,ABC_DE
1mi5,TD50A,-0.5581585186436531,SKEMPI_2.0,ABC_DE
1mi5,TD94A,0.9424758168101928,SKEMPI_2.0,ABC_DE
1mi5,VE28A,0.2929225068934467,SKEMPI_2.0,ABC_DE
1mi5,YD30A,0.4493850990900437,SKEMPI_2.0,ABC_DE
1mi5,YD96A,1.2312914023087145,SKEMPI_2.0,ABC_DE
1mi5,YE101A,0.2602656802796699,SKEMPI_2.0,ABC_DE
1mi5,YE98A,1.2312914023087145,SKEMPI_2.0,ABC_DE
1mlc,H:K65D,0.02,AB-BIND,E_HL
1mlc,H:S57A,-0.38,AB-BIND,E_HL
1mlc,H:S57V,-0.49,AB-BIND,E_HL
1mlc,"H:S57V,H:T58D",-0.99,AB-BIND,E_HL
1mlc,"H:S57V,H:T58D,L:N32G,L:N92A",-1.74,AB-BIND,E_HL
1mlc,"H:S57V,H:T58D,L:N92A",-2.4,AB-BIND,E_HL
1mlc,H:T28D,-0.15,AB-BIND,E_HL
1mlc,"H:T28D,H:E35S,H:S57V,H:T58D,H:G99D,L:N92A",-2.95,AB-BIND,E_HL
1mlc,"H:T28D,H:E35S,H:S57V,H:T58D,L:N92A",1.91,AB-BIND,E_HL
1mlc,"H:T28D,H:S30G,H:S57V,H:T58D,L:N92A",-2.36,AB-BIND,E_HL
1mlc,"H:T28D,H:S57V,H:T58D,H:G99D,L:N92A",-0.2,AB-BIND,E_HL
1mlc,"H:T28D,H:S57V,H:T58D,H:R98M,H:D100Q,L:N92A",-0.41,AB-BIND,E_HL
1mlc,"H:T28D,H:S57V,H:T58D,H:Y59E,L:N92A",-1.47,AB-BIND,E_HL
1mlc,"H:T28D,H:S57V,H:T58D,L:N32L,L:N92A",-2.59,AB-BIND,E_HL
1mlc,"H:T28D,H:S57V,H:T58D,L:N92A",-2.74,AB-BIND,E_HL
1mlc,"H:T28D,H:S57V,H:T58D,L:S91N,L:N92A",1.78,AB-BIND,E_HL
1mlc,"H:T28D,H:S57V,H:T58D,L:S91N,L:N92A,L:S93A",-1.61,AB-BIND,E_HL
1mlc,"H:T28D,H:Y32R,H:S57V,H:T58D,H:R98S,L:N92A",1.78,AB-BIND,E_HL
1mlc,"H:T28D,H:Y32W,H:S57V,H:T58D,H:R98V,H:D100Q,L:N92A",0.41,AB-BIND,E_HL
1mlc,H:T31A,0.45,AB-BIND,E_HL
1mlc,H:T31V,0.53,AB-BIND,E_HL
1mlc,H:T31W,0.13,AB-BIND,E_HL
1mlc,H:T58D,-0.56,AB-BIND,E_HL
1mlc,KB65D,0.0185468495397545,SKEMPI_2.0,E_HL
1mlc,L:N32G,-0.85,AB-BIND,E_HL
1mlc,"L:N32G,L:N92A",-0.69,AB-BIND,E_HL
1mlc,L:N32Y,0.0,AB-BIND,E_HL
1mlc,L:N92A,-1.25,AB-BIND,E_HL
1mlc,NA32G,-0.877296570399292,SKEMPI_2.0,E_HL
1mlc,"NA32G,NA92A",-0.6865825563702816,SKEMPI_2.0,E_HL
1mlc,"NA32G,NA92A,SB57V,TB58D",-1.7347955405737447,SKEMPI_2.0,E_HL
1mlc,NA32Y,0.0,SKEMPI_2.0,E_HL
1mlc,NA92A,-1.253224502343713,SKEMPI_2.0,E_HL
1mlc,"NA92A,SB57V,TB58D",-2.3939419478280906,SKEMPI_2.0,E_HL
1mlc,"NA92A,TB28D,SB57V,TB58D",-2.3286903667407106,SKEMPI_2.0,E_HL
1mlc,"NA92A,TB28D,SB57V,TB58D,EB35S",1.9059800666759088,SKEMPI_2.0,E_HL
1mlc,"NA92A,TB28D,SB57V,TB58D,EB35S,GB99D",-2.953620671907784,SKEMPI_2.0,E_HL
1mlc,"NA92A,TB28D,SB57V,TB58D,GB99D",-0.203556066362799,SKEMPI_2.0,E_HL
1mlc,"NA92A,TB28D,SB57V,TB58D,NA32L",-2.5840426774936285,SKEMPI_2.0,E_HL
1mlc,"NA92A,TB28D,SB57V,TB58D,RB98M,DB100Q",-0.4104304674362382,SKEMPI_2.0,E_HL
1mlc,"NA92A,TB28D,SB57V,TB58D,SA91N",1.8495444311490927,SKEMPI_2.0,E_HL
1mlc,"NA92A,TB28D,SB57V,TB58D,SA91N,SA93A",-1.6102741613211058,SKEMPI_2.0,E_HL
1mlc,"NA92A,TB28D,SB57V,TB58D,SB30G",-2.358225031716276,SKEMPI_2.0,E_HL
1mlc,"NA92A,TB28D,SB57V,TB58D,YB32R,RB98S",1.8495444311490927,SKEMPI_2.0,E_HL
1mlc,"NA92A,TB28D,SB57V,TB58D,YB32W,RB98V,DB100Q",0.3613505289860882,SKEMPI_2.0,E_HL
1mlc,"NA92A,TB28D,SB57V,TB58D,YB59E",-1.4660191920053025,SKEMPI_2.0,E_HL
1mlc,SB57A,-0.3789827590123912,SKEMPI_2.0,E_HL
1mlc,SB57V,-0.4941299160921379,SKEMPI_2.0,E_HL
1mlc,"SB57V,TB58D",-0.9876271582155084,SKEMPI_2.0,E_HL
1mlc,TB28D,-0.1509283282036969,SKEMPI_2.0,E_HL
1mlc,TB31A,0.4469608336770941,SKEMPI_2.0,E_HL
1mlc,TB31V,0.5261863752611065,SKEMPI_2.0,E_HL
1mlc,TB31W,0.1321290984654777,SKEMPI_2.0,E_HL
1mlc,TB58D,-0.5596248968899826,SKEMPI_2.0,E_HL
1mq8,"CB170F,TB171C",0.676265565432323,SKEMPI_2.0,A_B
1mq8,"CB32L,CB170F",3.679831034886339,SKEMPI_2.0,A_B
1mq8,"CB32L,CB170F,EB155C,EB172C",-1.2554631666360152,SKEMPI_2.0,A_B
1mq8,"CB32L,CB170F,KB158C,KB165C",-1.7738509682104309,SKEMPI_2.0,A_B
1mq8,"CB32L,CB170F,KB31C,TB171C",2.96692743415204,SKEMPI_2.0,A_B
1mq8,"CB32L,CB170F,LB160C,KB165C",3.718045971253445,SKEMPI_2.0,A_B
1mq8,"CB32L,KB31C",0.6096644270178104,SKEMPI_2.0,A_B
1n8o,ME80K,1.458911563937694,SKEMPI_2.0,ABC_E
1n8o,ME80L,-0.062386700694406,SKEMPI_2.0,ABC_E
1n8o,ME80R,1.3484291684036869,SKEMPI_2.0,ABC_E
1n8z,DB102W,-0.7129561942500218,SKEMPI_2.0,C_HL
1n8z,FC539A,0.0350992219311388,SKEMPI_2.0,C_HL
1n8z,H:D31A,0.25,AB-BIND,C_HL
1n8z,H:D98A,1.21,AB-BIND,C_HL
1n8z,H:D98W,-0.69,AB-BIND,C_HL
1n8z,H:F100A,1.17,AB-BIND,C_HL
1n8z,H:K30A,0.61,AB-BIND,C_HL
1n8z,H:N54A,-0.15,AB-BIND,C_HL
1n8z,H:R50A,8.0,AB-BIND,C_HL
1n8z,H:T32A,0.38,AB-BIND,C_HL
1n8z,H:T53A,0.78,AB-BIND,C_HL
1n8z,H:W95A,8.0,AB-BIND,C_HL
1n8z,"H:W95A,H:Y100aA",8.0,AB-BIND,C_HL
1n8z,H:Y100aA,8.0,AB-BIND,C_HL
1n8z,H:Y100aF,0.3849999999999999,AB-BIND,C_HL
1n8z,H:Y102V,0.22,AB-BIND,C_HL
1n8z,H:Y33A,-0.09,AB-BIND,C_HL
1n8z,H:Y52A,0.23,AB-BIND,C_HL
1n8z,H:Y56A,0.87,AB-BIND,C_HL
1n8z,HA91F,0.0342293612158288,SKEMPI_2.0,C_HL
1n8z,L:D28N,-0.28,AB-BIND,C_HL
1n8z,L:F53N,1.21,AB-BIND,C_HL
1n8z,L:H91A,8.0,AB-BIND,C_HL
1n8z,"L:H91A,H:Y100aA",8.0,AB-BIND,C_HL
1n8z,L:H91F,-0.2,AB-BIND,C_HL
1n8z,L:N30A,1.12,AB-BIND,C_HL
1n8z,L:N30S,0.06,AB-BIND,C_HL
1n8z,"L:N30S,L:H91F,L:Y92W",-0.07,AB-BIND,C_HL
1n8z,"L:N30S,L:H91F,L:Y92W,L:T94S,H:D98W,H:Y100aF,H:Y102V",0.05,AB-BIND,C_HL
1n8z,L:R66G,0.22,AB-BIND,C_HL
1n8z,L:S50A,-0.07,AB-BIND,C_HL
1n8z,L:S52A,-0.31,AB-BIND,C_HL
1n8z,L:T31A,0.8,AB-BIND,C_HL
1n8z,L:T93A,0.82,AB-BIND,C_HL
1n8z,L:T94A,-0.12,AB-BIND,C_HL
1n8z,L:T94S,0.31,AB-BIND,C_HL
1n8z,L:Y49A,1.05,AB-BIND,C_HL
1n8z,L:Y92A,1.36,AB-BIND,C_HL
1n8z,L:Y92F,-0.21,AB-BIND,C_HL
1n8z,LC509A,-0.0230428297622542,SKEMPI_2.0,C_HL
1n8z,NA30S,0.0666563217308442,SKEMPI_2.0,C_HL
1n8z,"NA30S,HA91F,YA92W",-0.0747546470889185,SKEMPI_2.0,C_HL
1n8z,"NA30S,HA91F,YA92W,TA94S,DB102W,YB105F,YB109V",0.0506562013710276,SKEMPI_2.0,C_HL
1n8z,RB50A,2.97517017859858,SKEMPI_2.0,C_HL
1n8z,RB59A,1.803613568348189,SKEMPI_2.0,C_HL
1n8z,SC535A,0.0308239253795899,SKEMPI_2.0,C_HL
1n8z,TA94S,0.3216529938869719,SKEMPI_2.0,C_HL
1n8z,VC536A,0.0089717776996291,SKEMPI_2.0,C_HL
1n8z,YB105F,0.8539157376190191,SKEMPI_2.0,C_HL
1n8z,YB109V,0.2318988895535688,SKEMPI_2.0,C_HL
1nca,DH101K,0.7140866700589371,SKEMPI_2.0,N_LH
1nca,EH100D,0.4104304674362382,SKEMPI_2.0,N_LH
1nca,NH102Q,0.5425595659017161,SKEMPI_2.0,N_LH
1nca,NH31Q,0.0,SKEMPI_2.0,N_LH
1ohz,"SB11A,TB12A",0.0903517548956861,SKEMPI_2.0,A_B
1ohz,"SB11A,TB12A,SB45A,TB46A",0.0,SKEMPI_2.0,A_B
1ohz,"SB11L,TB12L,SB45Q",3.4085171853539293,SKEMPI_2.0,A_B
1ohz,"SB11Q,SB45Q",2.477473574659645,SKEMPI_2.0,A_B
1ohz,"SB45A,TB46A",0.0903517548956861,SKEMPI_2.0,A_B
1qab,"DA99A,DB90A,DC90A,DD90A",1.676243429052803,SKEMPI_2.0,ABCD_E
1qab,"LA55P,LB46P,LC46P,LD46P",0.3692876406485235,SKEMPI_2.0,ABCD_E
1qab,"LA58H,LB49H,LC49H,LD49H",-0.0706551987001714,SKEMPI_2.0,ABCD_E
1qab,"SA100E,SB91E,SC91E,SD91E",1.635608964615788,SKEMPI_2.0,ABCD_E
1qab,"SA85A,SB76A,SC76A,SD76A",0.8992046922148147,SKEMPI_2.0,ABCD_E
1qab,"TA60A,TB51A,TC51A,TD51A",0.1198452132891676,SKEMPI_2.0,ABCD_E
1qab,"VA30M,VB21M,VC21M,VD21M",-0.2703145463034518,SKEMPI_2.0,ABCD_E
1qab,"YA114F,YB105F,YC105F,YD105F",-0.3871432191652572,SKEMPI_2.0,ABCD_E
1qab,"YA114H,YB105H,YC105H,YD105H",0.6771759331115792,SKEMPI_2.0,ABCD_E
1qse,RC7V,-1.2247485070068969,SKEMPI_2.0,ABC_DE
1r0r,AI10C,-0.4767157211261351,SKEMPI_2.0,E_I
1r0r,AI10D,5.155416399051225,SKEMPI_2.0,E_I
1r0r,"AI10D,GI27A",5.821048839735638,SKEMPI_2.0,E_I
1r0r,"AI10D,GI27A,NI28S",5.7527097370946425,SKEMPI_2.0,E_I
1r0r,"AI10D,LI13A",5.453245020007722,SKEMPI_2.0,E_I
1r0r,"AI10D,LI13A,YI15D",8.819893142981352,SKEMPI_2.0,E_I
1r0r,AI10E,4.513923285483747,SKEMPI_2.0,E_I
1r0r,AI10F,-2.2116744867916305,SKEMPI_2.0,E_I
1r0r,AI10G,1.0962104245711446,SKEMPI_2.0,E_I
1r0r,"AI10G,LI13M,LI18V,KI24I,EI38K",1.0216712646170305,SKEMPI_2.0,E_I
1r0r,AI10H,1.7500408881002232,SKEMPI_2.0,E_I
1r0r,AI10I,-1.7743851605381142,SKEMPI_2.0,E_I
1r0r,AI10K,3.030067979440465,SKEMPI_2.0,E_I
1r0r,AI10L,-1.7305013408725158,SKEMPI_2.0,E_I
1r0r,AI10M,-1.715327033176432,SKEMPI_2.0,E_I
1r0r,AI10N,2.0602559564959257,SKEMPI_2.0,E_I
1r0r,AI10P,3.298633550599517,SKEMPI_2.0,E_I
1r0r,AI10Q,1.7856901763704107,SKEMPI_2.0,E_I
1r0r,AI10R,5.453245020007722,SKEMPI_2.0,E_I
1r0r,"AI10R,LI13R",7.629981392021737,SKEMPI_2.0,E_I
1r0r,"AI10R,TI12K,LI13R",9.171022875560062,SKEMPI_2.0,E_I
1r0r,AI10S,1.7173510737294158,SKEMPI_2.0,E_I
1r0r,AI10T,1.2504132892056306,SKEMPI_2.0,E_I
1r0r,"AI10T,LI13M",0.2551208442835519,SKEMPI_2.0,E_I
1r0r,AI10V,-0.9565431279953316,SKEMPI_2.0,E_I
1r0r,"AI10V,TI12S",0.0934478291281692,SKEMPI_2.0,E_I
1r0r,"AI10V,TI12S,LI13P,RI16M,NI23S,GI27N,NI31D,NI34S,SI46G",9.102667648337082,SKEMPI_2.0,E_I
1r0r,"AI10V,TI12S,RI16M,NI23S,KI24Q,GI27S,KI29E,EI38D",1.3817027805740647,SKEMPI_2.0,E_I
1r0r,AI10W,0.2041739815536038,SKEMPI_2.0,E_I
1r0r,AI10Y,-0.8267765486058383,SKEMPI_2.0,E_I
1r0r,"DI2N,EI5D,AI10V,TI12S,EI14L,RI16M,VI37A,EI38D",-0.9045489325397404,SKEMPI_2.0,E_I
1r0r,"DI2N,EI5G,LI13M,RI16M,EI38D,KI50E",-1.0349044860593728,SKEMPI_2.0,E_I
1r0r,EI14A,2.0602559564959257,SKEMPI_2.0,E_I
1r0r,EI14C,2.338461486713668,SKEMPI_2.0,E_I
1r0r,EI14D,0.2551208442835519,SKEMPI_2.0,E_I
1r0r,EI14F,3.567561863573511,SKEMPI_2.0,E_I
1r0r,EI14G,2.674122831646894,SKEMPI_2.0,E_I
1r0r,EI14H,1.684948424985389,SKEMPI_2.0,E_I
1r0r,EI14I,0.7267046612494781,SKEMPI_2.0,E_I
1r0r,EI14K,2.674122831646894,SKEMPI_2.0,E_I
1r0r,EI14L,0.5616936910594916,SKEMPI_2.0,E_I
1r0r,EI14M,1.5492935360086797,SKEMPI_2.0,E_I
1r0r,EI14N,2.0887580970200963,SKEMPI_2.0,E_I
1r0r,EI14P,3.7119103735271817,SKEMPI_2.0,E_I
1r0r,EI14Q,1.2642679622918809,SKEMPI_2.0,E_I
1r0r,EI14R,2.0602559564959257,SKEMPI_2.0,E_I
1r0r,EI14S,3.1308097308254865,SKEMPI_2.0,E_I
1r0r,EI14T,4.19289018657842,SKEMPI_2.0,E_I
1r0r,EI14V,0.0934478291281692,SKEMPI_2.0,E_I
1r0r,EI14W,1.8236841765735965,SKEMPI_2.0,E_I
1r0r,EI14Y,1.863462560304313,SKEMPI_2.0,E_I
1r0r,"EI5D,AI10V,EI14D,RI16M,GI27S,EI38D,LI43I,KI50R",-0.2368637959244113,SKEMPI_2.0,E_I
1r0r,"EI5D,AI10V,EI14D,RI16M,KI24T,GI27S,EI38D,LI43I",-0.1774045851278178,SKEMPI_2.0,E_I
1r0r,"EI5D,AI10V,TI12P,EI14D,RI16M,NI23S,GI27S,NI40S,SI46R",4.8714281888486735,SKEMPI_2.0,E_I
1r0r,"EI5D,AI10V,TI12S,EI14D,RI16M,KI24T,GI27N,NI31I,EI38D,LI43I",1.7500408881002232,SKEMPI_2.0,E_I
1r0r,"EI5D,AI10V,TI12S,RI16M,NI23S,GI27N,NI31D,SI46G",0.4785646221185208,SKEMPI_2.0,E_I
1r0r,"EI5D,AI10V,TI12S,RI16M,NI23S,GI27S,EI38D",0.2041739815536038,SKEMPI_2.0,E_I
1r0r,"EI5D,AI10V,TI12S,RI16M,NI23S,GI27S,NI31D,EI38D",0.1134216722040895,SKEMPI_2.0,E_I
1r0r,"EI5D,AI10V,TI12S,RI16M,NI23S,GI27S,NI31D,EI38D,TI44N",0.0727668021874192,SKEMPI_2.0,E_I
1r0r,"EI5D,AI10V,TI12S,RI16M,NI23S,GI27S,NI31D,VI36F,EI38D,TI44S",0.0365832261189891,SKEMPI_2.0,E_I
1r0r,"EI5D,AI10V,TI12S,RI16M,NI23S,GI27S,VI37A,EI38D",-0.0497473181606238,SKEMPI_2.0,E_I
1r0r,"EI5D,AI10V,TI12S,RI16M,VI37A,EI38D",-1.1409455729014717,SKEMPI_2.0,E_I
1r0r,"EI5D,AI10V,TI12S,YI15D,RI16M,NI23S,GI27S,EI38D",5.2570360940999805,SKEMPI_2.0,E_I
1r0r,"EI5D,AI10V,YI15D,RI16M,KI24I,GI27H,NI31Y,VI37A,EI38H,LI45F",5.609339450245251,SKEMPI_2.0,E_I
1r0r,"EI5D,AI10V,YI15E,RI16M,EI38D",2.824555206413528,SKEMPI_2.0,E_I
1r0r,"EI5D,KI8M,LI13M,LI18V",-1.7305013408725158,SKEMPI_2.0,E_I
1r0r,"EI5D,KI8Q,AI10V,TI12M,LI13G,EI14D,RI16M,NI23S,GI27S,EI38D,SI46N",3.062470628184492,SKEMPI_2.0,E_I
1r0r,"EI5D,KI8R,AI10D,RI16M,EI38D",5.690693286216004,SKEMPI_2.0,E_I
1r0r,"EI5D,KI8R,AI10V,EI14D,RI16M,GI27S,EI38D,LI43I,KI50R",-0.4049213336451477,SKEMPI_2.0,E_I
1r0r,"EI5D,LI13F,RI16M,EI38D",1.1200577356859982,SKEMPI_2.0,E_I
1r0r,"EI5D,LI13M,RI16M,EI38D",-0.2368637959244113,SKEMPI_2.0,E_I
1r0r,"EI5D,LI13M,RI16M,GI27D,EI38D",2.00451942555711,SKEMPI_2.0,E_I
1r0r,"EI5D,LI13V,RI16M,EI38D",2.3492466176592592,SKEMPI_2.0,E_I
1r0r,"EI5D,LI13V,RI16M,GI27D,EI38D",4.597052354424718,SKEMPI_2.0,E_I
1r0r,"EI5D,RI16M,EI38D",0.4049213336451477,SKEMPI_2.0,E_I
1r0r,"EI5D,RI16M,KI24Q,GI27S,NI31S,EI38D",0.6593998711020348,SKEMPI_2.0,E_I
1r0r,"EI5D,RI16M,KI29R,EI38D",-0.0808515921631945,SKEMPI_2.0,E_I
1r0r,"EI5D,RI16M,LI18F,NI23S,GI27S,EI38D",1.2800270913402414,SKEMPI_2.0,E_I
1r0r,"EI5D,TI12L,RI16M,GI27D,NI31S,EI38D,TI44S",3.764753427223456,SKEMPI_2.0,E_I
1r0r,"EI5D,TI12R,LI13M,RI16M,EI38D",3.3496389800121857,SKEMPI_2.0,E_I
1r0r,"EI5D,TI12S,EI14D,RI16M,NI23S,GI27S,EI38D,GI49E",1.2800270913402414,SKEMPI_2.0,E_I
1r0r,"EI5D,YI6H,AI10V,TI12S,RI16M,NI23S,GI27S,NI31D",0.3398288705303134,SKEMPI_2.0,E_I
1r0r,"EI5G,KI8Q,PI9S,TI12P,LI13Q,EI14D,RI16V,LI18F,GI27S,VI37A,EI38D",3.5215398079110347,SKEMPI_2.0,E_I
1r0r,"EI5G,KI8Q,TI12S,RI16V,LI18F,GI27S,NI31D,VI37A,EI38D",0.0,SKEMPI_2.0,E_I
1r0r,"EI5G,LI13M,RI16M,EI38D",-0.2368637959244113,SKEMPI_2.0,E_I
1r0r,"EI5G,LI13M,RI16M,EI38D,KI50E",-0.6857196833530409,SKEMPI_2.0,E_I
1r0r,"EI5G,LI13M,YI15S,LI18I,KI24T,GI27S,HI47Y,FI48P,KI50V",3.298633550599517,SKEMPI_2.0,E_I
1r0r,GI27A,1.2962284157122548,SKEMPI_2.0,E_I
1r0r,GI27C,1.4000746720062642,SKEMPI_2.0,E_I
1r0r,GI27D,2.847770632123344,SKEMPI_2.0,E_I
1r0r,GI27E,1.953513996144441,SKEMPI_2.0,E_I
1r0r,GI27F,0.1134216722040895,SKEMPI_2.0,E_I
1r0r,GI27H,2.161875651544682,SKEMPI_2.0,E_I
1r0r,GI27I,1.953513996144441,SKEMPI_2.0,E_I
1r0r,GI27K,2.894413090463755,SKEMPI_2.0,E_I
1r0r,GI27L,2.377069876061704,SKEMPI_2.0,E_I
1r0r,GI27M,2.1264600812212,SKEMPI_2.0,E_I
1r0r,GI27N,1.2642679622918809,SKEMPI_2.0,E_I
1r0r,GI27P,1.0649635115738474,SKEMPI_2.0,E_I
1r0r,GI27Q,2.00451942555711,SKEMPI_2.0,E_I
1r0r,GI27R,3.4226431129268624,SKEMPI_2.0,E_I
1r0r,GI27S,0.8990419104191215,SKEMPI_2.0,E_I
1r0r,GI27T,1.6553346228507784,SKEMPI_2.0,E_I
1r0r,GI27V,1.930163620829504,SKEMPI_2.0,E_I
1r0r,GI27W,1.3817027805740647,SKEMPI_2.0,E_I
1r0r,GI27Y,0.4785646221185208,SKEMPI_2.0,E_I
1r0r,KI8A,-0.6014810118900547,SKEMPI_2.0,E_I
1r0r,KI8C,-0.6070712746457676,SKEMPI_2.0,E_I
1r0r,KI8D,-0.585024205325404,SKEMPI_2.0,E_I
1r0r,KI8E,-0.1088975218090443,SKEMPI_2.0,E_I
1r0r,KI8F,-0.7834258633955838,SKEMPI_2.0,E_I
1r0r,KI8G,-0.8267765486058383,SKEMPI_2.0,E_I
1r0r,KI8H,-0.585024205325404,SKEMPI_2.0,E_I
1r0r,KI8I,1.1082557585306645,SKEMPI_2.0,E_I
1r0r,KI8L,-0.3234482898380451,SKEMPI_2.0,E_I
1r0r,KI8M,-0.5534393241381768,SKEMPI_2.0,E_I
1r0r,KI8N,-0.3853817864174404,SKEMPI_2.0,E_I
1r0r,KI8P,1.329003277191819,SKEMPI_2.0,E_I
1r0r,KI8Q,-0.5234749100094463,SKEMPI_2.0,E_I
1r0r,KI8R,0.1343160975033769,SKEMPI_2.0,E_I
1r0r,KI8S,-0.3030679206496857,SKEMPI_2.0,E_I
1r0r,"KI8S,PI9D,AI10Y",-1.909379433043744,SKEMPI_2.0,E_I
1r0r,"KI8S,PI9D,AI10Y,LI13G,EI14I,RI16K",0.790010149025966,SKEMPI_2.0,E_I
1r0r,KI8T,0.8773227546633602,SKEMPI_2.0,E_I
1r0r,"KI8T,PI9E,AI10Y",-0.8634903966723012,SKEMPI_2.0,E_I
1r0r,"KI8T,PI9E,AI10Y,LI13G,RI16M,GI27P,NI31V",2.391167149169489,SKEMPI_2.0,E_I
1r0r,KI8V,0.4049213336451477,SKEMPI_2.0,E_I
1r0r,KI8W,-1.0899987101715236,SKEMPI_2.0,E_I
1r0r,KI8Y,-0.6857196833530409,SKEMPI_2.0,E_I
1r0r,LI13A,0.4142790371224699,SKEMPI_2.0,E_I
1r0r,LI13C,-1.3275048129225997,SKEMPI_2.0,E_I
1r0r,LI13D,4.475929285280562,SKEMPI_2.0,E_I
1r0r,LI13E,2.1206275144759417,SKEMPI_2.0,E_I
1r0r,LI13F,0.6083944416893654,SKEMPI_2.0,E_I
1r0r,LI13G,2.3200316301887947,SKEMPI_2.0,E_I
1r0r,LI13H,0.5616936910594916,SKEMPI_2.0,E_I
1r0r,LI13I,3.208582114759388,SKEMPI_2.0,E_I
1r0r,"LI13I,GI27D",5.229392407808177,SKEMPI_2.0,E_I
1r0r,LI13K,3.0511471658568787,SKEMPI_2.0,E_I
1r0r,LI13M,-0.5090500289716283,SKEMPI_2.0,E_I
1r0r,"LI13M,GI27D",2.35983623693577,SKEMPI_2.0,E_I
1r0r,"LI13M,HI47R",-0.3131692328484471,SKEMPI_2.0,E_I
1r0r,"LI13M,HI47R,KI50E",-0.9045489325397404,SKEMPI_2.0,E_I
1r0r,"LI13M,LI18V,KI24I,EI38K",-0.8267765486058383,SKEMPI_2.0,E_I
1r0r,"LI13M,NI31D,SI46N",-0.3030679206496857,SKEMPI_2.0,E_I
1r0r,"LI13M,SI46N",-0.4903547375311693,SKEMPI_2.0,E_I
1r0r,"LI13M,SI46N,HI47R,KI50Q",-0.6299831524142252,SKEMPI_2.0,E_I
1r0r,"LI13M,TI25S,GI27D",2.1159340667136566,SKEMPI_2.0,E_I
1r0r,"LI13M,TI44N,KI50T",-0.8267765486058383,SKEMPI_2.0,E_I
1r0r,"LI13M,YI15Q",3.589281019329273,SKEMPI_2.0,E_I
1r0r,LI13N,1.4794356519584526,SKEMPI_2.0,E_I
1r0r,LI13P,7.580362589199284,SKEMPI_2.0,E_I
1r0r,LI13Q,0.5850440663744285,SKEMPI_2.0,E_I
1r0r,LI13R,2.894413090463755,SKEMPI_2.0,E_I
1r0r,LI13S,1.5492935360086797,SKEMPI_2.0,E_I
1r0r,"LI13S,RI16V,LI18I",1.863462560304313,SKEMPI_2.0,E_I
1r0r,LI13T,0.1575315232131928,SKEMPI_2.0,E_I
1r0r,LI13V,2.1264600812212,SKEMPI_2.0,E_I
1r0r,LI13W,1.5026510776682684,SKEMPI_2.0,E_I
1r0r,LI13Y,0.4405706219153351,SKEMPI_2.0,E_I
1r0r,NI23S,-0.0650924631148342,SKEMPI_2.0,E_I
1r0r,"NI23S,GI27A",1.2362220326460311,SKEMPI_2.0,E_I
1r0r,NI31A,-0.0326898143708074,SKEMPI_2.0,E_I
1r0r,NI31C,0.5616936910594916,SKEMPI_2.0,E_I
1r0r,NI31D,0.5616936910594916,SKEMPI_2.0,E_I
1r0r,NI31E,-0.2021499410006198,SKEMPI_2.0,E_I
1r0r,NI31F,-0.1774045851278178,SKEMPI_2.0,E_I
1r0r,NI31G,0.281479209924826,SKEMPI_2.0,E_I
1r0r,NI31H,0.281479209924826,SKEMPI_2.0,E_I
1r0r,NI31I,0.3102150683957027,SKEMPI_2.0,E_I
1r0r,NI31K,1.131625994894626,SKEMPI_2.0,E_I
1r0r,NI31L,1.524979069331146,SKEMPI_2.0,E_I
1r0r,NI31M,0.3102150683957027,SKEMPI_2.0,E_I
1r0r,NI31P,1.4585412266591653,SKEMPI_2.0,E_I
1r0r,NI31Q,-0.2706052361417708,SKEMPI_2.0,E_I
1r0r,NI31R,1.4385673835832449,SKEMPI_2.0,E_I
1r0r,NI31S,0.4785646221185208,SKEMPI_2.0,E_I
1r0r,NI31T,0.5616936910594916,SKEMPI_2.0,E_I
1r0r,NI31V,0.6593998711020348,SKEMPI_2.0,E_I
1r0r,NI31W,0.0549551175511887,SKEMPI_2.0,E_I
1r0r,NI31Y,0.1798595148760702,SKEMPI_2.0,E_I
1r0r,PI9A,-0.6299831524142252,SKEMPI_2.0,E_I
1r0r,PI9C,-0.9728880351807352,SKEMPI_2.0,E_I
1r0r,PI9D,-2.4860651273565475,SKEMPI_2.0,E_I
1r0r,PI9E,-2.2116744867916305,SKEMPI_2.0,E_I
1r0r,PI9F,1.3627342959875512,SKEMPI_2.0,E_I
1r0r,PI9G,-0.3409924912508917,SKEMPI_2.0,E_I
1r0r,PI9H,-0.2134935595604498,SKEMPI_2.0,E_I
1r0r,PI9I,1.7173510737294158,SKEMPI_2.0,E_I
1r0r,PI9K,0.3398288705303134,SKEMPI_2.0,E_I
1r0r,PI9L,1.1677149693272575,SKEMPI_2.0,E_I
1r0r,PI9M,-0.0326898143708074,SKEMPI_2.0,E_I
1r0r,PI9N,-0.9045489325397404,SKEMPI_2.0,E_I
1r0r,PI9Q,-1.3948668726156994,SKEMPI_2.0,E_I
1r0r,PI9R,1.087010580894211,SKEMPI_2.0,E_I
1r0r,PI9S,0.1343160975033769,SKEMPI_2.0,E_I
1r0r,"PI9S,AI10L,TI12K,LI13R",4.824433227769961,SKEMPI_2.0,E_I
1r0r,PI9T,1.1810225607180835,SKEMPI_2.0,E_I
1r0r,PI9V,1.3124297400842682,SKEMPI_2.0,E_I
1r0r,PI9W,0.4785646221185208,SKEMPI_2.0,E_I
1r0r,PI9Y,0.8454919555604828,SKEMPI_2.0,E_I
1r0r,RI16A,-0.0947062652494449,SKEMPI_2.0,E_I
1r0r,RI16C,0.1134216722040895,SKEMPI_2.0,E_I
1r0r,RI16D,-0.1774045851278178,SKEMPI_2.0,E_I
1r0r,RI16E,0.3398288705303134,SKEMPI_2.0,E_I
1r0r,RI16F,0.4405706219153351,SKEMPI_2.0,E_I
1r0r,RI16G,2.0602559564959257,SKEMPI_2.0,E_I
1r0r,RI16H,0.5183430058492372,SKEMPI_2.0,E_I
1r0r,RI16I,0.2041739815536038,SKEMPI_2.0,E_I
1r0r,RI16K,-0.0947062652494449,SKEMPI_2.0,E_I
1r0r,RI16L,0.2288612324249488,SKEMPI_2.0,E_I
1r0r,RI16M,0.4405706219153351,SKEMPI_2.0,E_I
1r0r,"RI16M,KI24Q,GI27S,EI38D",1.0962104245711446,SKEMPI_2.0,E_I
1r0r,RI16N,-0.0497473181606238,SKEMPI_2.0,E_I
1r0r,RI16P,7.28729146333487,SKEMPI_2.0,E_I
1r0r,RI16Q,0.1798595148760702,SKEMPI_2.0,E_I
1r0r,RI16S,-0.0161162772632565,SKEMPI_2.0,E_I
1r0r,RI16T,0.3398288705303134,SKEMPI_2.0,E_I
1r0r,RI16V,0.1134216722040895,SKEMPI_2.0,E_I
1r0r,"RI16V,LI18I",-0.0161162772632565,SKEMPI_2.0,E_I
1r0r,RI16W,0.9321956573104656,SKEMPI_2.0,E_I
1r0r,RI16Y,0.8118262956818023,SKEMPI_2.0,E_I
1r0r,TI12A,0.9664737274917178,SKEMPI_2.0,E_I
1r0r,TI12C,0.801840103790833,SKEMPI_2.0,E_I
1r0r,TI12D,2.847770632123344,SKEMPI_2.0,E_I
1r0r,TI12E,2.9762453345334965,SKEMPI_2.0,E_I
1r0r,TI12F,-0.0650924631148342,SKEMPI_2.0,E_I
1r0r,TI12G,3.0951604425552985,SKEMPI_2.0,E_I
1r0r,TI12H,0.5183430058492372,SKEMPI_2.0,E_I
1r0r,TI12I,0.2551208442835519,SKEMPI_2.0,E_I
1r0r,TI12K,1.9068132455145672,SKEMPI_2.0,E_I
1r0r,"TI12K,LI13R",5.186062314458291,SKEMPI_2.0,E_I
1r0r,TI12L,0.6593998711020348,SKEMPI_2.0,E_I
1r0r,TI12M,1.3124297400842682,SKEMPI_2.0,E_I
1r0r,"TI12M,LI13S,GI27V",2.971718318834977,SKEMPI_2.0,E_I
1r0r,TI12N,0.0176147415324758,SKEMPI_2.0,E_I
1r0r,TI12P,4.8808506189257095,SKEMPI_2.0,E_I
1r0r,"TI12P,LI13K,EI14D,LI18V,GI27S,SI46N",7.571089727835861,SKEMPI_2.0,E_I
1r0r,"TI12P,LI13K,EI14D,LI18V,SI46N",7.440734174316228,SKEMPI_2.0,E_I
1r0r,TI12Q,2.1906115100155583,SKEMPI_2.0,E_I
1r0r,TI12R,3.298633550599517,SKEMPI_2.0,E_I
1r0r,"TI12R,LI13R",6.405405661063689,SKEMPI_2.0,E_I
1r0r,TI12S,0.8470394258764833,SKEMPI_2.0,E_I
1r0r,TI12V,0.9945227275602592,SKEMPI_2.0,E_I
1r0r,TI12W,2.894413090463755,SKEMPI_2.0,E_I
1r0r,TI12Y,-0.8665549323365548,SKEMPI_2.0,E_I
1r0r,"VI1I,EI5D,AI10V,TI12S,RI16M,NI23S,GI27S,EI38D,TI44I",0.281479209924826,SKEMPI_2.0,E_I
1r0r,YI15A,5.398092959352778,SKEMPI_2.0,E_I
1r0r,YI15C,3.208582114759388,SKEMPI_2.0,E_I
1r0r,YI15D,5.544393122784391,SKEMPI_2.0,E_I
1r0r,YI15E,4.553701669214464,SKEMPI_2.0,E_I
1r0r,YI15F,0.6083944416893654,SKEMPI_2.0,E_I
1r0r,YI15G,6.312673875130768,SKEMPI_2.0,E_I
1r0r,YI15H,3.211548645116358,SKEMPI_2.0,E_I
1r0r,YI15I,2.824555206413528,SKEMPI_2.0,E_I
1r0r,YI15K,5.435433335371491,SKEMPI_2.0,E_I
1r0r,YI15L,2.5391532988980257,SKEMPI_2.0,E_I
1r0r,YI15M,3.0951604425552985,SKEMPI_2.0,E_I
1r0r,YI15N,5.538009741033496,SKEMPI_2.0,E_I
1r0r,YI15P,6.561500778538385,SKEMPI_2.0,E_I
1r0r,YI15Q,4.440279997010374,SKEMPI_2.0,E_I
1r0r,YI15R,4.407590182639567,SKEMPI_2.0,E_I
1r0r,YI15S,5.090612621780366,SKEMPI_2.0,E_I
1r0r,YI15T,5.398092959352778,SKEMPI_2.0,E_I
1r0r,YI15V,3.461053621168732,SKEMPI_2.0,E_I
1r0r,YI15W,-0.359079942279766,SKEMPI_2.0,E_I
1r0r,"YI6H,EI14D,LI18I,NI23S,GI27S,NI31D,VI37M,EI38D",0.7708145122585813,SKEMPI_2.0,E_I
1rew,"AA23D,AB23D",0.0,SKEMPI_2.0,AB_C
1rew,"AA23D,DA42A,AB23D,DB42A",-0.1838122272850365,SKEMPI_2.0,AB_C
1rew,"DA19A,AA23D,DB19A,AB23D",0.4759161524006187,SKEMPI_2.0,AB_C
1rew,"DA19A,DB19A",0.6677234463670573,SKEMPI_2.0,AB_C
1rew,"DA19A,WA20A,DB19A,WB20A",2.061947043183048,SKEMPI_2.0,AB_C
1rew,"DA42A,DB42A",-0.0608338772262331,SKEMPI_2.0,AB_C
1rew,"DA42A,EA98R,DB42A,EB98R",0.0436275613144142,SKEMPI_2.0,AB_C
1rew,"DA42P,DB42P",2.3546254704792524,SKEMPI_2.0,AB_C
1rew,"EA98R,EB98R",0.2686803683437314,SKEMPI_2.0,AB_C
1rew,"FA38A,FB38A",1.3634205007741924,SKEMPI_2.0,AB_C
1rew,"FA38A,PA39A,FB38A,PB39A",2.8821254119857054,SKEMPI_2.0,AB_C
1rew,"HA28D,HB28D",0.1955446890799271,SKEMPI_2.0,AB_C
1rew,"HA28D,LA89A,HB28D,LB89A",0.1186609060130244,SKEMPI_2.0,AB_C
1rew,"HA28D,SA77A,HB28D,SB77A",0.1832955925070992,SKEMPI_2.0,AB_C
1rew,"KC57R,SC59T,KC61I,AC62P,QC63H,LC64Q,TC67D",0.7295843094290813,SKEMPI_2.0,AB_C
1rew,"KC57R,SC59T,KC61I,AC62P,QC63H,LC64Q,TC67D,AC43T,MC47L,KC48G,YC49L",0.2676321433814815,SKEMPI_2.0,AB_C
1rew,"KC57R,SC59T,KC61I,AC62P,QC63H,LC64Q,TC67D,AC43T,MC47L,KC48G,YC49L,GC11H,DC15E,AC30T,IC31M",1.1522239929195264,SKEMPI_2.0,AB_C
1rew,"LA40P,LB40P",5.30487219593651,SKEMPI_2.0,AB_C
1rew,"LA89A,LB89A",0.2397904435947423,SKEMPI_2.0,AB_C
1rew,"PA39A,PB39A",1.293789060747285,SKEMPI_2.0,AB_C
1rew,QC55A,2.657098603777313,SKEMPI_2.0,AB_C
1rew,"SA58R,SB58R",1.6658936340722534,SKEMPI_2.0,AB_C
1rew,"SA77A,SB77A",0.2031524082927661,SKEMPI_2.0,AB_C
1rew,"WA17F,WB17F",0.6720511277122165,SKEMPI_2.0,AB_C
1rew,"WA20A,WB20A",1.0867149207615117,SKEMPI_2.0,AB_C
1rew,"YA92A,YB92A",1.2146106936139327,SKEMPI_2.0,AB_C
1s1q,DA44A,0.9487987743476136,SKEMPI_2.0,A_B
1s1q,FA42A,0.1958911079107405,SKEMPI_2.0,A_B
1s1q,FA86A,0.7618234762100634,SKEMPI_2.0,A_B
1s1q,NA43A,1.2106321505921254,SKEMPI_2.0,A_B
1s1q,VA41A,0.6591355881826596,SKEMPI_2.0,A_B
1s1q,WA73A,0.2759194732837445,SKEMPI_2.0,A_B
1sbn,RI38K,-0.3098288303747267,SKEMPI_2.0,E_I
1sgd,DI13L,-5.589492221697044,SKEMPI_2.0,E_I
1sge,EI13L,-5.899205046285187,SKEMPI_2.0,E_I
1sgn,NI13L,-3.352336224224427,SKEMPI_2.0,E_I
1sgp,AI13L,-2.94741489057928,SKEMPI_2.0,E_I
1sgq,GI13L,-4.933618701094527,SKEMPI_2.0,E_I
1sgy,YI13L,-1.6525998920274871,SKEMPI_2.0,E_I
1sib,KI46R,-0.7311242998940095,SKEMPI_2.0,E_I
1tm1,EI41A,2.9877919579377954,SKEMPI_2.0,E_I
1tm1,EI41S,2.746256708177271,SKEMPI_2.0,E_I
1tm1,"EI41S,MI40R",3.547701936420861,SKEMPI_2.0,E_I
1tm1,MI40A,1.027102384522738,SKEMPI_2.0,E_I
1tm1,MI40F,1.027102384522738,SKEMPI_2.0,E_I
1tm1,MI40G,2.231676803970569,SKEMPI_2.0,E_I
1tm1,MI40K,1.0929619749380146,SKEMPI_2.0,E_I
1tm1,MI40Y,0.0564356355268155,SKEMPI_2.0,E_I
1tm1,RI43A,1.2554631666360152,SKEMPI_2.0,E_I
1tm1,RI46A,3.416054319603216,SKEMPI_2.0,E_I
1tm1,RI48A,3.009124654045742,SKEMPI_2.0,E_I
1tm1,"RI48A,RI46A",5.0491433852672944,SKEMPI_2.0,E_I
1tm1,RI48C,3.2340210363413275,SKEMPI_2.0,E_I
1tm1,TI39A,2.6489107732116075,SKEMPI_2.0,E_I
1tm1,"TI39A,EI41A",3.388530421725495,SKEMPI_2.0,E_I
1tm1,TI39D,2.097918747118728,SKEMPI_2.0,E_I
1tm1,"TI39D,EI41A",0.7537560737563818,SKEMPI_2.0,E_I
1tm1,TI39P,3.753943386071122,SKEMPI_2.0,E_I
1tm1,VI51A,0.0248480933557135,SKEMPI_2.0,E_I
1tm1,YI42A,2.57913604337544,SKEMPI_2.0,E_I
1tm1,YI42G,4.6783917016680645,SKEMPI_2.0,E_I
1tm3,KI40M,-1.0929619749380146,SKEMPI_2.0,E_I
1tm4,GI40M,-2.231676803970569,SKEMPI_2.0,E_I
1tm5,AI40M,-1.027102384522738,SKEMPI_2.0,E_I
1tm7,YI40M,-0.0564356355268156,SKEMPI_2.0,E_I
1tmg,FI40M,-1.027102384522738,SKEMPI_2.0,E_I
1to1,AI42Y,-2.979941716271801,SKEMPI_2.0,E_I
1u7f,DB140A,2.7799530028970216,SKEMPI_2.0,B_AC
1u7f,RB65A,1.80694181354195,SKEMPI_2.0,B_AC
1uuz,CA64A,0.6505169000398933,SKEMPI_2.0,A_D
1uuz,HA62A,1.7738509682104304,SKEMPI_2.0,A_D
1uuz,HA62D,3.3773579015882778,SKEMPI_2.0,A_D
1uuz,HA62N,1.51877320323627,SKEMPI_2.0,A_D
1uuz,HA62Q,1.51877320323627,SKEMPI_2.0,A_D
1vfb,C:D119A,1.0,AB-BIND,C_HL
1vfb,C:D18A,0.3,AB-BIND,C_HL
1vfb,C:I124A,1.2,AB-BIND,C_HL
1vfb,C:K116A,0.7,AB-BIND,C_HL
1vfb,C:L129A,0.2,AB-BIND,C_HL
1vfb,C:N19A,0.3,AB-BIND,C_HL
1vfb,C:Q121A,2.9,AB-BIND,C_HL
1vfb,C:R125A,1.8,AB-BIND,C_HL
1vfb,C:S24A,0.8,AB-BIND,C_HL
1vfb,C:T118A,0.8,AB-BIND,C_HL
1vfb,C:V120A,0.9,AB-BIND,C_HL
1vfb,C:Y23A,0.4,AB-BIND,C_HL
1vfb,DB100A,3.004693309644799,SKEMPI_2.0,C_HL
1vfb,"DB100A,SC24A",3.3694097822510884,SKEMPI_2.0,C_HL
1vfb,DB54A,0.8150276552403859,SKEMPI_2.0,C_HL
1vfb,"DB54A,TC118A",1.2545150063053143,SKEMPI_2.0,C_HL
1vfb,DB58A,-0.2069820701345595,SKEMPI_2.0,C_HL
1vfb,DB58E,0.0780730749825623,SKEMPI_2.0,C_HL
1vfb,DB58N,-0.1281683746676992,SKEMPI_2.0,C_HL
1vfb,DC119A,0.9529900333379542,SKEMPI_2.0,C_HL
1vfb,DC18A,0.340095647404643,SKEMPI_2.0,C_HL
1vfb,EB98A,1.156438430639633,SKEMPI_2.0,C_HL
1vfb,GB31A,0.3064338570958396,SKEMPI_2.0,C_HL
1vfb,GB31E,-0.5097089173549483,SKEMPI_2.0,C_HL
1vfb,GB31W,0.0039607237977785,SKEMPI_2.0,C_HL
1vfb,H:D100A,2.9,AB-BIND,C_HL
1vfb,"H:D100A,C:S24A",3.4,AB-BIND,C_HL
1vfb,H:D54A,1.0,AB-BIND,C_HL
1vfb,"H:D54A,C:T118A",1.2,AB-BIND,C_HL
1vfb,H:D58E,0.08,AB-BIND,C_HL
1vfb,H:D58N,-0.13,AB-BIND,C_HL
1vfb,H:G31A,0.3,AB-BIND,C_HL
1vfb,H:G31E,-0.51,AB-BIND,C_HL
1vfb,H:G31W,0.01,AB-BIND,C_HL
1vfb,H:R99W,0.71,AB-BIND,C_HL
1vfb,H:R99Y,1.26,AB-BIND,C_HL
1vfb,H:S28D,0.0,AB-BIND,C_HL
1vfb,H:S28E,-0.1,AB-BIND,C_HL
1vfb,H:S28N,0.15,AB-BIND,C_HL
1vfb,H:S28Q,0.08,AB-BIND,C_HL
1vfb,H:W52A,0.9,AB-BIND,C_HL
1vfb,"H:W52A,C:D119A",2.2,AB-BIND,C_HL
1vfb,H:Y101A,4.0,AB-BIND,C_HL
1vfb,H:Y101F,1.6,AB-BIND,C_HL
1vfb,"H:Y101F,C:D119A",2.7,AB-BIND,C_HL
1vfb,"H:Y101F,C:V120A",2.5,AB-BIND,C_HL
1vfb,H:Y32A,1.1,AB-BIND,C_HL
1vfb,"H:Y32A,C:K116A",1.6,AB-BIND,C_HL
1vfb,H:Y32E,1.91,AB-BIND,C_HL
1vfb,HA30A,0.8447958014170612,SKEMPI_2.0,C_HL
1vfb,IC124A,1.2312914023087145,SKEMPI_2.0,C_HL
1vfb,KC116A,0.7133771121549749,SKEMPI_2.0,C_HL
1vfb,L:L46D,8.0,AB-BIND,C_HL
1vfb,L:L46E,8.0,AB-BIND,C_HL
1vfb,L:N31W,0.17,AB-BIND,C_HL
1vfb,L:T52F,0.47,AB-BIND,C_HL
1vfb,L:T53R,1.67,AB-BIND,C_HL
1vfb,L:W92A,3.3,AB-BIND,C_HL
1vfb,"L:W92A,C:I124A",3.8,AB-BIND,C_HL
1vfb,"L:W92A,C:L129A",3.3,AB-BIND,C_HL
1vfb,"L:W92A,C:Q121A",3.5,AB-BIND,C_HL
1vfb,"L:W92A,C:R125A",3.4,AB-BIND,C_HL
1vfb,L:Y32A,1.7,AB-BIND,C_HL
1vfb,"L:Y32A,C:I124A",2.9,AB-BIND,C_HL
1vfb,"L:Y32A,C:Q121A",2.6,AB-BIND,C_HL
1vfb,L:Y32W,8.0,AB-BIND,C_HL
1vfb,L:Y50A,0.5,AB-BIND,C_HL
1vfb,"L:Y50A,C:D119A",1.2,AB-BIND,C_HL
1vfb,"L:Y50A,C:D18A",1.3,AB-BIND,C_HL
1vfb,L:Y50K,1.67,AB-BIND,C_HL
1vfb,L:Y50R,0.85,AB-BIND,C_HL
1vfb,LA46D,5.627986761727132,SKEMPI_2.0,C_HL
1vfb,LA46E,5.627986761727132,SKEMPI_2.0,C_HL
1vfb,LC129A,0.1715271041572212,SKEMPI_2.0,C_HL
1vfb,NA31W,0.1743047586303618,SKEMPI_2.0,C_HL
1vfb,NB56A,0.1776997319092489,SKEMPI_2.0,C_HL
1vfb,NC19A,0.3960461325561002,SKEMPI_2.0,C_HL
1vfb,QC121A,2.8767025425553125,SKEMPI_2.0,C_HL
1vfb,RB99A,-0.0997250625120829,SKEMPI_2.0,C_HL
1vfb,RB99W,0.7049017762589843,SKEMPI_2.0,C_HL
1vfb,RB99Y,1.2352521261064933,SKEMPI_2.0,C_HL
1vfb,RC125A,1.8367111803255125,SKEMPI_2.0,C_HL
1vfb,SA93A,0.3430887085374278,SKEMPI_2.0,C_HL
1vfb,SB28D,0.0,SKEMPI_2.0,C_HL
1vfb,SB28E,-0.1039966103403985,SKEMPI_2.0,C_HL
1vfb,SB28N,0.143932665397839,SKEMPI_2.0,C_HL
1vfb,SB28Q,0.0780730749825623,SKEMPI_2.0,C_HL
1vfb,SC24A,0.850877645879667,SKEMPI_2.0,C_HL
1vfb,TA52F,0.4708268267608325,SKEMPI_2.0,C_HL
1vfb,TA53R,1.6456825935427315,SKEMPI_2.0,C_HL
1vfb,TB30A,-0.0558438053925882,SKEMPI_2.0,C_HL
1vfb,TC118A,0.7650171294798882,SKEMPI_2.0,C_HL
1vfb,VC120A,0.91685572073756,SKEMPI_2.0,C_HL
1vfb,WA92A,3.037536040302479,SKEMPI_2.0,C_HL
1vfb,"WA92A,IC124A",3.849938171936206,SKEMPI_2.0,C_HL
1vfb,"WA92A,LC129A",3.307023081556683,SKEMPI_2.0,C_HL
1vfb,"WA92A,QC121A",3.518575113889157,SKEMPI_2.0,C_HL
1vfb,"WA92A,RC125A",3.392941064093012,SKEMPI_2.0,C_HL
1vfb,WB52A,0.6405615662347518,SKEMPI_2.0,C_HL
1vfb,"WB52A,DC119A",2.24714164776175,SKEMPI_2.0,C_HL
1vfb,YA32A,1.5279765456292074,SKEMPI_2.0,C_HL
1vfb,"YA32A,IC124A",2.9054173080070624,SKEMPI_2.0,C_HL
1vfb,"YA32A,QC121A",1.585878064352365,SKEMPI_2.0,C_HL
1vfb,YA32W,5.627986761727132,SKEMPI_2.0,C_HL
1vfb,YA49A,0.7974596664248762,SKEMPI_2.0,C_HL
1vfb,YA50A,0.456039172377522,SKEMPI_2.0,C_HL
1vfb,"YA50A,DC119A",1.2312914023087145,SKEMPI_2.0,C_HL
1vfb,"YA50A,DC18A",1.2657939378005318,SKEMPI_2.0,C_HL
1vfb,YA50K,1.715424991313803,SKEMPI_2.0,C_HL
1vfb,YA50R,0.8442373652991412,SKEMPI_2.0,C_HL
1vfb,YB101F,1.2694340488451594,SKEMPI_2.0,C_HL
1vfb,"YB101F,DC119A",2.736240024290902,SKEMPI_2.0,C_HL
1vfb,"YB101F,VC120A",2.538217051995264,SKEMPI_2.0,C_HL
1vfb,YB32A,0.7915980227038085,SKEMPI_2.0,C_HL
1vfb,"YB32A,KC116A",1.585878064352365,SKEMPI_2.0,C_HL
1vfb,YB32E,1.9019926711364976,SKEMPI_2.0,C_HL
1vfb,YC23A,0.4104304674362382,SKEMPI_2.0,C_HL
1wqj,RI20A,0.6791791278047267,SKEMPI_2.0,I_B
1wqj,"RI35A,RI36A",1.0279454400907615,SKEMPI_2.0,I_B
1wqj,RI49A,0.2680976146734337,SKEMPI_2.0,I_B
1wqj,RI54A,0.0594083483912519,SKEMPI_2.0,I_B
1wqj,RI55A,0.4021777066667311,SKEMPI_2.0,I_B
1x1w,AD81E,-0.4104304674362382,SKEMPI_2.0,A_D
1x1x,AD76E,-0.8230995991647786,SKEMPI_2.0,A_D
1xgq,VB33A,1.1524608907022424,SKEMPI_2.0,AB_C
1xgq,VB33F,-2.9077839006131443,SKEMPI_2.0,AB_C
1xgq,VB33I,-1.1075140078830883,SKEMPI_2.0,AB_C
1xgq,VB33L,-1.0462048798245644,SKEMPI_2.0,AB_C
1xgr,IB33A,2.2599748985853307,SKEMPI_2.0,AB_C
1xgr,IB33F,-1.8002698927300558,SKEMPI_2.0,AB_C
1xgr,IB33L,0.061309128058524,SKEMPI_2.0,AB_C
1xgr,IB33V,1.1075140078830883,SKEMPI_2.0,AB_C
1xgt,LB33A,2.198665770526807,SKEMPI_2.0,AB_C
1xgt,LB33F,-1.86157902078858,SKEMPI_2.0,AB_C
1xgt,LB33I,-0.061309128058524,SKEMPI_2.0,AB_C
1xgt,LB33V,1.0462048798245644,SKEMPI_2.0,AB_C
1y1k,AI39T,-2.7268410015483844,SKEMPI_2.0,E_I
1y33,PI39T,-3.753943386071122,SKEMPI_2.0,E_I
1y34,AI41E,-3.052537738843045,SKEMPI_2.0,E_I
1y3d,AI48R,-3.0964189959625403,SKEMPI_2.0,E_I
1y48,AI46R,-3.753943386071122,SKEMPI_2.0,E_I
1y4a,"SI40E,RI39M",-3.547701936420861,SKEMPI_2.0,E_I
1ycs,"MA37L,VA107A,NA143Y,NA172D",-0.1365658511334218,SKEMPI_2.0,A_B
1ycs,"MA37L,VA107A,NA143Y,NA172D,FA174L",-0.1854008961736308,SKEMPI_2.0,A_B
1ycs,"MA37L,VA107A,NA143Y,NA172D,RA153S,HA72R",0.5008014348015085,SKEMPI_2.0,A_B
1ycs,"MA37L,VA107A,NA143Y,NA172D,RA186W",0.0506572405809694,SKEMPI_2.0,A_B
1ycs,"MA37L,VA107A,NA143Y,NA172D,VA47A",0.1404023790202808,SKEMPI_2.0,A_B
1ycs,RA177H,-0.1168286728618053,SKEMPI_2.0,A_B
1yy9,AC25P,0.0722482246170454,SKEMPI_2.0,A_HL
1yy9,AD98P,1.037120783794023,SKEMPI_2.0,A_HL
1yy9,GD54P,0.2680429141228944,SKEMPI_2.0,A_HL
1yy9,H:N56A,-0.06,AB-BIND,A_HL
1yy9,H:T61E,-0.06,AB-BIND,A_HL
1yy9,L:N93A,-0.74,AB-BIND,A_HL
1yy9,L:S26D,-0.2,AB-BIND,A_HL
1yy9,"L:S26D,L:T31E,L:N93A",-1.33,AB-BIND,A_HL
1yy9,"L:S26D,L:T31E,L:N93A,H:N56A,H:T61E",-0.65,AB-BIND,A_HL
1yy9,L:T31E,-0.52,AB-BIND,A_HL
1yy9,"L:T31E,L:N93A",-0.82,AB-BIND,A_HL
1yy9,LD29P,0.0308239253795899,SKEMPI_2.0,A_HL
1yy9,NC93A,-0.7417935254832883,SKEMPI_2.0,A_HL
1yy9,ND56A,-0.0570401542112779,SKEMPI_2.0,A_HL
1yy9,SC26D,-0.1992339595815723,SKEMPI_2.0,A_HL
1yy9,"SC26D,TC31E,NC93A",-1.3328067727699016,SKEMPI_2.0,A_HL
1yy9,"SC26D,TC31E,NC93A,ND56A,TD61E",-0.6517265552103402,SKEMPI_2.0,A_HL
1yy9,SC26P,-0.0091098104527455,SKEMPI_2.0,A_HL
1yy9,SC28P,-0.2222767893438265,SKEMPI_2.0,A_HL
1yy9,SC54P,-0.0183619674414252,SKEMPI_2.0,A_HL
1yy9,SD53P,0.8174611590254491,SKEMPI_2.0,A_HL
1yy9,TC31E,-0.5188713671382448,SKEMPI_2.0,A_HL
1yy9,"TC31E,NC93A",-0.8184490130039972,SKEMPI_2.0,A_HL
1yy9,TC96P,4.002739651667636,SKEMPI_2.0,A_HL
1yy9,TD61E,-0.0570401542112779,SKEMPI_2.0,A_HL
1yy9,WD52P,1.478119380220244,SKEMPI_2.0,A_HL
1yy9,YD101P,1.6512498954892465,SKEMPI_2.0,A_HL
2a9k,EB65A,3.1512999389342222,SKEMPI_2.0,A_B
2a9k,GB55D,2.4096888106535754,SKEMPI_2.0,A_B
2abz,"AE14C,AE38C",-0.5532287914909949,SKEMPI_2.0,B_E
2ajf,DA20A,0.5850808921593121,SKEMPI_2.0,A_E
2ajf,FE38S,-0.0822086687457473,SKEMPI_2.0,A_E
2ajf,KE22R,-0.0073556970766656,SKEMPI_2.0,A_E
2ajf,NE151K,2.0114956406528743,SKEMPI_2.0,A_E
2ajf,TE159S,1.8229309066605808,SKEMPI_2.0,A_E
2ajf,YA23A,1.451601844731145,SKEMPI_2.0,A_E
2ajf,YA23F,1.3970253190518134,SKEMPI_2.0,A_E
2ak4,AA158G,0.873107833819435,SKEMPI_2.0,ABC_DE
2ak4,EA154A,0.2347853587015431,SKEMPI_2.0,ABC_DE
2ak4,EA161A,0.4648476534799083,SKEMPI_2.0,ABC_DE
2ak4,EE97A,0.0486119826824583,SKEMPI_2.0,ABC_DE
2ak4,LA163A,0.1403051582661417,SKEMPI_2.0,ABC_DE
2ak4,LC10A,0.5133529115383282,SKEMPI_2.0,ABC_DE
2ak4,LC5A,1.4032165488951762,SKEMPI_2.0,ABC_DE
2ak4,LE94A,0.8380252091310877,SKEMPI_2.0,ABC_DE
2ak4,ND51A,1.4032165488951762,SKEMPI_2.0,ABC_DE
2ak4,ND98A,1.4032165488951762,SKEMPI_2.0,ABC_DE
2ak4,NE26A,0.2086579144700333,SKEMPI_2.0,ABC_DE
2ak4,NE28A,0.8224420466263546,SKEMPI_2.0,ABC_DE
2ak4,NE63A,-0.0426646427609367,SKEMPI_2.0,ABC_DE
2ak4,PC4A,1.095788357392711,SKEMPI_2.0,ABC_DE
2ak4,PC6A,1.4032165488951762,SKEMPI_2.0,ABC_DE
2ak4,QA155A,0.9290820809998692,SKEMPI_2.0,ABC_DE
2ak4,QA65A,-0.2577631482616231,SKEMPI_2.0,ABC_DE
2ak4,QA72A,0.2390300077025561,SKEMPI_2.0,ABC_DE
2ak4,QC7A,1.4032165488951762,SKEMPI_2.0,ABC_DE
2ak4,QC9A,0.0658595904152767,SKEMPI_2.0,ABC_DE
2ak4,RA151A,1.3665785135932,SKEMPI_2.0,ABC_DE
2ak4,RA157A,1.4032165488951762,SKEMPI_2.0,ABC_DE
2ak4,SD94A,1.4032165488951762,SKEMPI_2.0,ABC_DE
2ak4,SE29G,1.4032165488951762,SKEMPI_2.0,ABC_DE
2ak4,SE49A,-0.3141987837884387,SKEMPI_2.0,ABC_DE
2ak4,TA69A,-0.3417444945662654,SKEMPI_2.0,ABC_DE
2ak4,TD30A,-0.1266135802097651,SKEMPI_2.0,ABC_DE
2ak4,YD32A,0.0989170669352618,SKEMPI_2.0,ABC_DE
2ak4,YD97A,1.4032165488951762,SKEMPI_2.0,ABC_DE
2aw2,PB16A,2.57417368237377,SKEMPI_2.0,A_B
2aw2,VB35A,1.095788357392711,SKEMPI_2.0,A_B
2aw2,YB22A,1.88404696664091,SKEMPI_2.0,A_B
2b0u,FC47A,0.5425595659017161,SKEMPI_2.0,AB_C
2b0u,FC47E,0.4104304674362382,SKEMPI_2.0,AB_C
2b0u,FC52A,0.0,SKEMPI_2.0,AB_C
2b0u,FC52E,0.0,SKEMPI_2.0,AB_C
2b0u,IC51A,0.0,SKEMPI_2.0,AB_C
2b0u,IC51E,0.2400864326036549,SKEMPI_2.0,AB_C
2b0u,VC15E,0.0,SKEMPI_2.0,AB_C
2b0z,IB87F,-2.527607041966813,SKEMPI_2.0,A_B
2b10,SB87F,-1.1641865411926202,SKEMPI_2.0,A_B
2b11,WB87F,-0.7537560737563819,SKEMPI_2.0,A_B
2b12,YB87F,-1.5746170086288584,SKEMPI_2.0,A_B
2b2x,EH64K,-0.0334302304850191,SKEMPI_2.0,HL_A
2b2x,"EH64K,QL28S,YL52N",0.9115213995771024,SKEMPI_2.0,HL_A
2b2x,"EH64K,QL28S,YL52N,GH102S",2.710391999371918,SKEMPI_2.0,HL_A
2b2x,"EH64K,QL28S,YL52N,SH35A",3.118733836776614,SKEMPI_2.0,HL_A
2b2x,"EH64K,QL28S,YL52N,SH35V",3.769947765737492,SKEMPI_2.0,HL_A
2b2x,"EH64K,YL52N",0.3484942239716205,SKEMPI_2.0,HL_A
2b2x,"QL28S,YL52N",0.8626056032000513,SKEMPI_2.0,HL_A
2b2x,VH50T,0.024052181618414,SKEMPI_2.0,HL_A
2b2x,"VH50T,EH64D,QL28S,YL52N",0.8716824130199965,SKEMPI_2.0,HL_A
2b2x,"VH50T,EH64K,QL28S",0.9914871773308628,SKEMPI_2.0,HL_A
2b2x,"VH50T,EH64K,QL28S,YL52D",1.5438178501055542,SKEMPI_2.0,HL_A
2b2x,"VH50T,EH64K,QL28S,YL52E",0.954431001738471,SKEMPI_2.0,HL_A
2b2x,"VH50T,EH64K,QL28S,YL52K",1.7005491934698198,SKEMPI_2.0,HL_A
2b2x,"VH50T,EH64K,QL28S,YL52N",1.0431067641891072,SKEMPI_2.0,HL_A
2b2x,"VH50T,EH64K,QL28S,YL52N,FH99W",1.0431067641891072,SKEMPI_2.0,HL_A
2b2x,"VH50T,EH64K,QL28S,YL52N,FH99Y",1.7976981910113825,SKEMPI_2.0,HL_A
2b2x,"VH50T,EH64K,QL28S,YL52N,GH100F",1.4320847791821616,SKEMPI_2.0,HL_A
2b2x,"VH50T,EH64K,QL28S,YL52N,GH100L",3.769947765737492,SKEMPI_2.0,HL_A
2b2x,"VH50T,EH64K,QL28S,YL52N,GH100M",1.1452302974436694,SKEMPI_2.0,HL_A
2b2x,"VH50T,EH64K,QL28S,YL52N,GH100S",1.600796969837574,SKEMPI_2.0,HL_A
2b2x,"VH50T,EH64K,QL28S,YL52N,GH53A",1.5556607648799077,SKEMPI_2.0,HL_A
2b2x,"VH50T,EH64K,QL28S,YL52N,GH53N",2.298291217711009,SKEMPI_2.0,HL_A
2b2x,"VH50T,EH64K,QL28S,YL52N,GH53S",1.7186307816221942,SKEMPI_2.0,HL_A
2b2x,"VH50T,EH64K,QL28S,YL52N,GH54I",2.4065272649632994,SKEMPI_2.0,HL_A
2b2x,"VH50T,EH64K,QL28S,YL52N,GH54T",2.2071539652234184,SKEMPI_2.0,HL_A
2b2x,"VH50T,EH64K,QL28S,YL52N,GH54Y",1.0431067641891072,SKEMPI_2.0,HL_A
2b2x,"VH50T,EH64K,QL28S,YL52N,GL92Q",2.6156302196647303,SKEMPI_2.0,HL_A
2b2x,"VH50T,EH64K,QL28S,YL52N,GL92S",1.5556607648799077,SKEMPI_2.0,HL_A
2b2x,"VH50T,EH64K,QL28S,YL52N,HL31K",2.2071539652234184,SKEMPI_2.0,HL_A
2b2x,"VH50T,EH64K,QL28S,YL52N,HL31R",2.166789039367621,SKEMPI_2.0,HL_A
2b2x,"VH50T,EH64K,QL28S,YL52N,HL31W",2.298291217711009,SKEMPI_2.0,HL_A
2b2x,"VH50T,EH64K,QL28S,YL52N,LH60D",0.9817931454958462,SKEMPI_2.0,HL_A
2b2x,"VH50T,EH64K,QL28S,YL52N,LL49F",1.7553133360024218,SKEMPI_2.0,HL_A
2b2x,"VH50T,EH64K,QL28S,YL52N,LL49K",1.9042192411136387,SKEMPI_2.0,HL_A
2b2x,"VH50T,EH64K,QL28S,YL52N,LL49W",2.950478431975573,SKEMPI_2.0,HL_A
2b2x,"VH50T,EH64K,QL28S,YL52N,NL30V",2.0923284811748606,SKEMPI_2.0,HL_A
2b2x,"VH50T,EH64K,QL28S,YL52N,NL30W",2.6156302196647303,SKEMPI_2.0,HL_A
2b2x,"VH50T,EH64K,QL28S,YL52N,NL30Y",2.950478431975573,SKEMPI_2.0,HL_A
2b2x,"VH50T,EH64K,QL28S,YL52N,NL30Y,SL91I",1.477430282838533,SKEMPI_2.0,HL_A
2b2x,"VH50T,EH64K,QL28S,YL52N,RH31Q",2.350300578212398,SKEMPI_2.0,HL_A
2b2x,"VH50T,EH64K,QL28S,YL52N,SH35A",2.6156302196647303,SKEMPI_2.0,HL_A
2b2x,"VH50T,EH64K,QL28S,YL52N,SH35A,GH102S",2.6156302196647303,SKEMPI_2.0,HL_A
2b2x,"VH50T,EH64K,QL28S,YL52N,SH35Q",3.769947765737492,SKEMPI_2.0,HL_A
2b2x,"VH50T,EH64K,QL28S,YL52N,SH35V,GH102S",2.4686352525435926,SKEMPI_2.0,HL_A
2b2x,"VH50T,EH64K,QL28S,YL52N,SH52M",3.118733836776614,SKEMPI_2.0,HL_A
2b2x,"VH50T,EH64K,QL28S,YL52N,SL24R",0.8277965958912592,SKEMPI_2.0,HL_A
2b2x,"VH50T,EH64K,QL28S,YL52N,SL91Q",2.816957732399538,SKEMPI_2.0,HL_A
2b2x,"VH50T,EH64K,QL28S,YL52N,SL91R",3.769947765737492,SKEMPI_2.0,HL_A
2b2x,"VH50T,EH64K,QL28S,YL52N,SL91R,NL30E",3.769947765737492,SKEMPI_2.0,HL_A
2b2x,"VH50T,EH64K,QL28S,YL52N,SL91T",3.359517298301254,SKEMPI_2.0,HL_A
2b2x,"VH50T,EH64K,QL28S,YL52N,TH33E,GH53Q",2.710391999371918,SKEMPI_2.0,HL_A
2b2x,"VH50T,EH64K,QL28S,YL52N,TH33I,SH52T,GH53N,GH54N",2.950478431975573,SKEMPI_2.0,HL_A
2b2x,"VH50T,EH64K,QL28S,YL52N,TH33I,SH52T,GH53Q,GH54F",2.298291217711009,SKEMPI_2.0,HL_A
2b2x,"VH50T,EH64K,QL28S,YL52N,TH33N",3.769947765737492,SKEMPI_2.0,HL_A
2b2x,"VH50T,EH64K,QL28S,YL52N,TH33V",1.477430282838533,SKEMPI_2.0,HL_A
2b2x,"VH50T,EH64K,QL28S,YL52N,WL90Q",3.118733836776614,SKEMPI_2.0,HL_A
2b2x,"VH50T,EH64K,QL28S,YL52N,WL90Q,FL33Y",1.9140363270050884,SKEMPI_2.0,HL_A
2b2x,"VH50T,EH64K,QL28S,YL52N,YH58E",3.118733836776614,SKEMPI_2.0,HL_A
2b2x,"VH50T,EH64K,QL28S,YL52N,YH58Q",3.118733836776614,SKEMPI_2.0,HL_A
2b2x,"VH50T,EH64K,QL28S,YL52N,YH58W",1.863967699061584,SKEMPI_2.0,HL_A
2b2x,"VH50T,EH64K,QL28S,YL52N,YH59E",1.5870579312013808,SKEMPI_2.0,HL_A
2b2x,"VH50T,EH64K,QL28S,YL52R",1.8878607502747715,SKEMPI_2.0,HL_A
2b2x,"VH50T,EH64K,YL52N",0.2817054215134576,SKEMPI_2.0,HL_A
2b2x,"VH50T,EH64N,QL28S,YL52N",1.00683903912928,SKEMPI_2.0,HL_A
2b2x,"VH50T,EH64Q,QL28S,YL52N",0.965500066646191,SKEMPI_2.0,HL_A
2b2x,"VH50T,EH64Q,QL28S,YL52N,LH60D",1.0860916904671896,SKEMPI_2.0,HL_A
2b2x,"VH50T,QL28S,YL52N",0.965500066646191,SKEMPI_2.0,HL_A
2b2x,"VH50T,QL28S,YL52N,LH60D",0.901320837901817,SKEMPI_2.0,HL_A
2b2x,"VH50T,YL52N",0.1863484144989524,SKEMPI_2.0,HL_A
2b2x,YL52E,-0.2240820529372858,SKEMPI_2.0,HL_A
2b42,HA357A,1.6210713681360585,SKEMPI_2.0,A_B
2b42,HA357K,2.540539117660028,SKEMPI_2.0,A_B
2b42,HA357Q,1.0646960948179414,SKEMPI_2.0,A_B
2bdn,DH31E,1.085119131803432,SKEMPI_2.0,HL_A
2bdn,LH27K,0.8739226239487661,SKEMPI_2.0,HL_A
2bdn,LH27R,0.6505169000398933,SKEMPI_2.0,HL_A
2bdn,NH28D,0.1321290984654777,SKEMPI_2.0,HL_A
2bdn,NH28Q,1.399317915591871,SKEMPI_2.0,HL_A
2bdn,NL31K,3.489413009866241,SKEMPI_2.0,HL_A
2bdn,NL31R,-0.917092618520276,SKEMPI_2.0,HL_A
2bdn,SL53D,-0.1605566053854207,SKEMPI_2.0,HL_A
2bdn,SL53E,-0.8512330281049991,SKEMPI_2.0,HL_A
2bdn,TL56D,-0.4254217998067439,SKEMPI_2.0,HL_A
2bdn,TL56E,-0.6887318364069986,SKEMPI_2.0,HL_A
2bdn,YL30K,0.6746886643671938,SKEMPI_2.0,HL_A
2bnq,VC9C,0.5017070928796334,SKEMPI_2.0,ABC_DE
2bnr,AA149G,0.0182206991597101,SKEMPI_2.0,ABC_DE
2bnr,AA150G,0.7364829428010765,SKEMPI_2.0,ABC_DE
2bnr,AA69G,1.8541891586941448,SKEMPI_2.0,ABC_DE
2bnr,CC9V,-0.5017070928796334,SKEMPI_2.0,ABC_DE
2bnr,DA61A,-0.0897366349784669,SKEMPI_2.0,ABC_DE
2bnr,EA154A,0.0182206991597101,SKEMPI_2.0,ABC_DE
2bnr,EA58A,0.0,SKEMPI_2.0,ABC_DE
2bnr,EA63A,0.3345266951364592,SKEMPI_2.0,ABC_DE
2bnr,HA151A,0.53285848186702,SKEMPI_2.0,ABC_DE
2bnr,HA70A,1.6947835588212423,SKEMPI_2.0,ABC_DE
2bnr,HA74A,0.9747885439872156,SKEMPI_2.0,ABC_DE
2bnr,KA146A,0.6240276141631655,SKEMPI_2.0,ABC_DE
2bnr,KA66A,1.6884051201237316,SKEMPI_2.0,ABC_DE
2bnr,KA68A,0.0055253215851556,SKEMPI_2.0,ABC_DE
2bnr,QA155A,0.2326382086106357,SKEMPI_2.0,ABC_DE
2bnr,QA43A,0.0827566798908333,SKEMPI_2.0,ABC_DE
2bnr,QA72A,-0.0962316836477994,SKEMPI_2.0,ABC_DE
2bnr,RA65A,1.8053784296143969,SKEMPI_2.0,ABC_DE
2bnr,RA75A,0.5305970176286224,SKEMPI_2.0,ABC_DE
2bnr,TA163A,0.458394914131669,SKEMPI_2.0,ABC_DE
2bnr,TA64A,0.2713214138831267,SKEMPI_2.0,ABC_DE
2bnr,TA73A,1.2843530913850043,SKEMPI_2.0,ABC_DE
2bnr,TA80A,0.5351113419086969,SKEMPI_2.0,ABC_DE
2bnr,VA152A,0.9028125486977552,SKEMPI_2.0,ABC_DE
2bnr,VA67A,0.3925855102655599,SKEMPI_2.0,ABC_DE
2bnr,VA76A,0.6717206080273858,SKEMPI_2.0,ABC_DE
2btf,FP59A,1.594862604671798,SKEMPI_2.0,A_P
2btf,GP120F,1.7199842130685865,SKEMPI_2.0,A_P
2btf,KP125A,0.4598028860108828,SKEMPI_2.0,A_P
2btf,VP60E,0.978190687585298,SKEMPI_2.0,A_P
2c0l,NA48A,0.7035185160233844,SKEMPI_2.0,A_B
2c0l,QA239R,1.520588486189158,SKEMPI_2.0,A_B
2c0l,SA242Y,0.2799540576647223,SKEMPI_2.0,A_B
2c5d,"AA126V,AB126V",0.7584742341780703,SKEMPI_2.0,AB_CD
2c5d,DC61G,-0.5035041382650302,SKEMPI_2.0,AB_CD
2c5d,"DC61G,GC101R",-0.5607802650614262,SKEMPI_2.0,AB_CD
2c5d,"DC61G,VC66A",-1.039797762097293,SKEMPI_2.0,AB_CD
2c5d,"DC61G,VC66A,GC101R",-0.8694537272647094,SKEMPI_2.0,AB_CD
2c5d,"EC30R,EC33R,ED30R,EC33R",1.8479633193952143,SKEMPI_2.0,AB_CD
2c5d,"EC30R,ED30R",0.302473133298061,SKEMPI_2.0,AB_CD
2c5d,"EC33R,ED33R",1.6539310857991598,SKEMPI_2.0,AB_CD
2c5d,"EC33R,TC51R",6.1101499683042535,SKEMPI_2.0,AB_CD
2c5d,"FA207A,FB207A",0.3708967627416442,SKEMPI_2.0,AB_CD
2c5d,"FA209A,FB209A",1.0609473674761314,SKEMPI_2.0,AB_CD
2c5d,GC101R,-0.0182206991597102,SKEMPI_2.0,AB_CD
2c5d,GC6S,0.0989170669352618,SKEMPI_2.0,AB_CD
2c5d,"GC6S,DC61G",-0.52925280365746,SKEMPI_2.0,AB_CD
2c5d,"GC6S,DC61G,GC101R",-0.5515998331046312,SKEMPI_2.0,AB_CD
2c5d,"GC6S,DC61G,VC66R",-1.2348909635457386,SKEMPI_2.0,AB_CD
2c5d,"GC6S,DC61G,VC66R,GC101R",-1.482242836995414,SKEMPI_2.0,AB_CD
2c5d,"GC6S,GC101R",0.0348409899165794,SKEMPI_2.0,AB_CD
2c5d,"GC6S,VC66A",-0.8465298580252059,SKEMPI_2.0,AB_CD
2c5d,"GC6S,VC66A,GC101R",-0.796258689973689,SKEMPI_2.0,AB_CD
2c5d,"KA34E,KB34E",1.9471482560477795,SKEMPI_2.0,AB_CD
2c5d,"KC178E,KD178E",0.7417935254832884,SKEMPI_2.0,AB_CD
2c5d,"LA324A,LB324A",2.033353107442972,SKEMPI_2.0,AB_CD
2c5d,"LC105E,LD105E",0.2400864326036549,SKEMPI_2.0,AB_CD
2c5d,"QC28R,QD28R",0.0912766254433951,SKEMPI_2.0,AB_CD
2c5d,"QC96R,QD96R",0.302473133298061,SKEMPI_2.0,AB_CD
2c5d,"RA32E,KA34E,RB32E,KA34E",3.9581324038570993,SKEMPI_2.0,AB_CD
2c5d,"RA32E,RB32E",1.7114642675160243,SKEMPI_2.0,AB_CD
2c5d,"TA26D,TB26D",0.7246292512246769,SKEMPI_2.0,AB_CD
2c5d,"TC182E,TD182E",0.7417935254832884,SKEMPI_2.0,AB_CD
2c5d,"TC51R,TD51R",2.33773325044091,SKEMPI_2.0,AB_CD
2c5d,VC66A,-0.5989952014285316,SKEMPI_2.0,AB_CD
2c5d,"VC66A,GC101R",-0.6559244810022795,SKEMPI_2.0,AB_CD
2c5d,"WA238F,WB238F",0.9818799580869432,SKEMPI_2.0,AB_CD
2c5d,"YA364A,YB364A",0.9818799580869432,SKEMPI_2.0,AB_CD
2ccl,"AB48S,AB49T",-0.0903517548956861,SKEMPI_2.0,A_B
2dsq,RI20A,0.0610980690650222,SKEMPI_2.0,I_G
2dsq,RI35A,0.6100729306559514,SKEMPI_2.0,I_G
2dsq,RI40A,-0.0877117380952375,SKEMPI_2.0,I_G
2dsq,RI41A,0.0888196675613557,SKEMPI_2.0,I_G
2dvw,"DA37A,DA69A",0.191516793195843,SKEMPI_2.0,A_B
2dvw,EA180A,0.4379361845630415,SKEMPI_2.0,A_B
2dvw,"EB21A,EB22A",0.0383249049810346,SKEMPI_2.0,A_B
2dvw,KA114A,0.0341870404830213,SKEMPI_2.0,A_B
2dvw,KB62E,0.2053609647296579,SKEMPI_2.0,A_B
2dvw,RA39A,0.9101230961147572,SKEMPI_2.0,A_B
2dvw,"RA39A,KA114A",2.36129645912908,SKEMPI_2.0,A_B
2dvw,"RB3A,RB4A,RB7A",2.788611500299125,SKEMPI_2.0,A_B
2dvw,"RB3A,RB7A",2.152193504427649,SKEMPI_2.0,A_B
2dvw,RB7A,0.6932238860754765,SKEMPI_2.0,A_B
2e7l,FQ5R,3.058204059595435,SKEMPI_2.0,EQ_AD
2ftl,FI33A,4.049084373104565,SKEMPI_2.0,E_I
2ftl,GI12A,4.3461631129968685,SKEMPI_2.0,E_I
2ftl,GI36A,4.890280693870781,SKEMPI_2.0,E_I
2ftl,GI37A,4.049084373104565,SKEMPI_2.0,E_I
2ftl,II18A,4.968552122628534,SKEMPI_2.0,E_I
2ftl,II19A,4.049084373104565,SKEMPI_2.0,E_I
2ftl,KI15A,10.288711534539887,SKEMPI_2.0,E_I
2ftl,KI15D,11.380653199593118,SKEMPI_2.0,E_I
2ftl,KI15E,9.324001542354546,SKEMPI_2.0,E_I
2ftl,KI15F,6.952639148620003,SKEMPI_2.0,E_I
2ftl,KI15G,12.221146895162828,SKEMPI_2.0,E_I
2ftl,KI15H,8.688590775430104,SKEMPI_2.0,E_I
2ftl,KI15I,11.052902438992382,SKEMPI_2.0,E_I
2ftl,KI15L,8.770039258036022,SKEMPI_2.0,E_I
2ftl,KI15M,7.610743531537493,SKEMPI_2.0,E_I
2ftl,KI15N,7.947858731373515,SKEMPI_2.0,E_I
2ftl,KI15Q,9.271204592142084,SKEMPI_2.0,E_I
2ftl,KI15R,-0.5762584607073666,SKEMPI_2.0,E_I
2ftl,KI15S,7.641953602390413,SKEMPI_2.0,E_I
2ftl,KI15T,10.485025390073028,SKEMPI_2.0,E_I
2ftl,KI15V,11.631686580677686,SKEMPI_2.0,E_I
2ftl,KI15W,8.572176974781826,SKEMPI_2.0,E_I
2ftl,KI15Y,6.784244499527014,SKEMPI_2.0,E_I
2ftl,KI46A,4.049084373104565,SKEMPI_2.0,E_I
2ftl,PI13A,4.049084373104565,SKEMPI_2.0,E_I
2ftl,RI17A,4.049084373104565,SKEMPI_2.0,E_I
2ftl,RI20A,4.049084373104565,SKEMPI_2.0,E_I
2ftl,RI39A,4.049084373104565,SKEMPI_2.0,E_I
2ftl,TI11A,4.049084373104565,SKEMPI_2.0,E_I
2ftl,VI34A,4.049084373104565,SKEMPI_2.0,E_I
2ftl,YI35A,4.049084373104565,SKEMPI_2.0,E_I
2g2u,DA79A,-1.5477789192916962,SKEMPI_2.0,A_B
2g2u,"DA79A,EB73M",-2.153268064713388,SKEMPI_2.0,A_B
2g2u,"DA79A,EB73M,FB142A",-0.6936894045152038,SKEMPI_2.0,A_B
2g2u,"DA79A,EB73M,KB74A",-1.5613334159433896,SKEMPI_2.0,A_B
2g2u,"DA79A,EB73M,KB74A,FB142A",-0.990146543191654,SKEMPI_2.0,A_B
2g2u,DA79E,-4.39657389405282,SKEMPI_2.0,A_B
2g2u,DA79K,-0.5627395578414001,SKEMPI_2.0,A_B
2g2u,EB31A,0.6505169000398933,SKEMPI_2.0,A_B
2g2u,EB73A,-1.9783483046703871,SKEMPI_2.0,A_B
2g2u,"EB73A,YB143A",-1.834493555714532,SKEMPI_2.0,A_B
2g2u,"EB73A,YB50A",-2.451165472801032,SKEMPI_2.0,A_B
2g2u,EB73M,-3.0037910688528644,SKEMPI_2.0,A_B
2g2u,"EB73M,FB142A",0.3229690038193196,SKEMPI_2.0,A_B
2g2u,"EB73M,FB142W,YB143F",-1.1074827124099174,SKEMPI_2.0,A_B
2g2u,"EB73M,KB74A",0.4744038029230289,SKEMPI_2.0,A_B
2g2u,"EB73M,KB74A,FB142A",1.4872168062470763,SKEMPI_2.0,A_B
2g2u,"EB73M,SB130K",-2.807878881973988,SKEMPI_2.0,A_B
2g2u,"EB73M,SB130K,FB142W,YB143F",-2.015316041716273,SKEMPI_2.0,A_B
2g2u,"EB73M,SB130K,FB142W,YB143F,SB146M",-2.930220550992303,SKEMPI_2.0,A_B
2g2u,"EB73M,SB130K,SB146M",-3.507768200588526,SKEMPI_2.0,A_B
2g2u,"EB73M,YB143F",-1.5915788120357788,SKEMPI_2.0,A_B
2g2u,FB142A,0.2756755287473533,SKEMPI_2.0,A_B
2g2u,FB36A,2.762430097692083,SKEMPI_2.0,A_B
2g2u,GB141A,-0.4135828759469039,SKEMPI_2.0,A_B
2g2u,GB48A,-0.4263630699039012,SKEMPI_2.0,A_B
2g2u,HB148A,1.1183349742690911,SKEMPI_2.0,A_B
2g2u,HB41A,1.716103868138638,SKEMPI_2.0,A_B
2g2u,KB74A,-0.2172156295708054,SKEMPI_2.0,A_B
2g2u,RB144A,-0.3422038011219588,SKEMPI_2.0,A_B
2g2u,RB160A,0.6694252874888096,SKEMPI_2.0,A_B
2g2u,SB113A,-0.6119745508914293,SKEMPI_2.0,A_B
2g2u,SB130K,-1.468630145527096,SKEMPI_2.0,A_B
2g2u,SB35A,-0.9503757862658628,SKEMPI_2.0,A_B
2g2u,SB39A,-0.9556158735613612,SKEMPI_2.0,A_B
2g2u,SB71A,-0.511925527962422,SKEMPI_2.0,A_B
2g2u,WB112A,0.9582070362491296,SKEMPI_2.0,A_B
2g2u,"WB112A,YB143A",-0.4093833831669178,SKEMPI_2.0,A_B
2g2u,WB150A,1.7842394101067849,SKEMPI_2.0,A_B
2g2u,"WB150A,YB143A",0.9885791294816528,SKEMPI_2.0,A_B
2g2u,WB162A,0.5309177503258207,SKEMPI_2.0,A_B
2g2u,YB143A,-1.8462192062049088,SKEMPI_2.0,A_B
2g2u,YB50A,-2.0745799883181864,SKEMPI_2.0,A_B
2g2u,"YB50A,YB143A",-2.0745799883181864,SKEMPI_2.0,A_B
2g2u,YB51A,-0.628402807653161,SKEMPI_2.0,A_B
2g2u,YB53A,2.300477931644484,SKEMPI_2.0,A_B
2g2w,KA79D,0.4526379204546294,SKEMPI_2.0,A_B
2gyk,AA49D,-5.914872200180644,SKEMPI_2.0,A_B
2hle,KA141Q,-0.4104304674362382,SKEMPI_2.0,A_B
2hle,LA87R,2.286038440879624,SKEMPI_2.0,A_B
2i26,AN29V,0.0303720932325227,SKEMPI_2.0,N_L
2i26,SN60R,-0.6260958719749609,SKEMPI_2.0,N_L
2j12,SA116A,0.9529900333379542,SKEMPI_2.0,A_B
2j1k,GC10D,0.1836507970768393,SKEMPI_2.0,C_T
2j1k,RC155A,0.0515216986113615,SKEMPI_2.0,C_T
2j1k,RC24A,0.7644252993456607,SKEMPI_2.0,C_T
2j8u,AA66K,-0.9401072112583784,SKEMPI_2.0,ABC_EF
2jcc,AA167W,-0.2986405891739077,SKEMPI_2.0,ABC_EF
2jel,AP82S,0.0,SKEMPI_2.0,HL_P
2jel,DP69E,0.9529900333379542,SKEMPI_2.0,HL_P
2jel,EP5D,0.4104304674362382,SKEMPI_2.0,HL_P
2jel,EP5Q,0.7129036007342993,SKEMPI_2.0,HL_P
2jel,EP66K,4.090261502322577,SKEMPI_2.0,HL_P
2jel,EP68A,0.4104304674362382,SKEMPI_2.0,HL_P
2jel,EP70A,2.726841001548385,SKEMPI_2.0,HL_P
2jel,EP70K,4.090261502322577,SKEMPI_2.0,HL_P
2jel,EP75R,2.726841001548385,SKEMPI_2.0,HL_P
2jel,EP83A,0.0,SKEMPI_2.0,HL_P
2jel,EP85A,0.0,SKEMPI_2.0,HL_P
2jel,EP85D,0.0,SKEMPI_2.0,HL_P
2jel,EP85K,0.0,SKEMPI_2.0,HL_P
2jel,EP85Q,0.0,SKEMPI_2.0,HL_P
2jel,FP2W,2.618883667410208,SKEMPI_2.0,HL_P
2jel,FP2Y,0.0,SKEMPI_2.0,HL_P
2jel,HP76A,-0.4104304674362382,SKEMPI_2.0,HL_P
2jel,HP76D,-0.650516900039893,SKEMPI_2.0,HL_P
2jel,KP24E,0.0,SKEMPI_2.0,HL_P
2jel,KP27E,0.0,SKEMPI_2.0,HL_P
2jel,KP72E,0.4104304674362382,SKEMPI_2.0,HL_P
2jel,KP72R,0.0,SKEMPI_2.0,HL_P
2jel,KP79E,0.4104304674362382,SKEMPI_2.0,HL_P
2jel,NP12D,0.0,SKEMPI_2.0,HL_P
2jel,NP38T,0.0,SKEMPI_2.0,HL_P
2jel,P:A82S,0.0,AB-BIND,HL_P
2jel,P:D69E,0.96,AB-BIND,HL_P
2jel,P:E5D,0.41,AB-BIND,HL_P
2jel,P:E5Q,0.72,AB-BIND,HL_P
2jel,P:E66K,4.13,AB-BIND,HL_P
2jel,P:E68A,0.41,AB-BIND,HL_P
2jel,P:E70A,2.75,AB-BIND,HL_P
2jel,P:E70K,4.13,AB-BIND,HL_P
2jel,P:E75R,2.75,AB-BIND,HL_P
2jel,P:E83A,0.0,AB-BIND,HL_P
2jel,P:E85A,0.0,AB-BIND,HL_P
2jel,P:E85D,0.0,AB-BIND,HL_P
2jel,P:E85K,0.0,AB-BIND,HL_P
2jel,P:E85Q,0.0,AB-BIND,HL_P
2jel,P:F2W,2.64,AB-BIND,HL_P
2jel,P:F2Y,0.0,AB-BIND,HL_P
2jel,P:H76A,-0.41,AB-BIND,HL_P
2jel,P:H76D,-0.66,AB-BIND,HL_P
2jel,P:K24E,0.0,AB-BIND,HL_P
2jel,P:K27E,0.0,AB-BIND,HL_P
2jel,P:K72E,0.41,AB-BIND,HL_P
2jel,P:K72R,0.0,AB-BIND,HL_P
2jel,P:K79E,0.41,AB-BIND,HL_P
2jel,P:N12D,0.0,AB-BIND,HL_P
2jel,P:N38T,0.0,AB-BIND,HL_P
2jel,P:P11E,0.0,AB-BIND,HL_P
2jel,P:Q3K,4.13,AB-BIND,HL_P
2jel,P:Q4K,1.38,AB-BIND,HL_P
2jel,P:Q57E,-0.41,AB-BIND,HL_P
2jel,P:Q71E,2.75,AB-BIND,HL_P
2jel,P:R17G,0.0,AB-BIND,HL_P
2jel,P:R17K,0.0,AB-BIND,HL_P
2jel,P:S41C,1.51,AB-BIND,HL_P
2jel,P:S43C,0.0,AB-BIND,HL_P
2jel,P:S46C,0.0,AB-BIND,HL_P
2jel,P:S64T,4.13,AB-BIND,HL_P
2jel,P:T34Q,0.0,AB-BIND,HL_P
2jel,P:T36Q,0.41,AB-BIND,HL_P
2jel,P:T62A,0.0,AB-BIND,HL_P
2jel,P:T62N,0.0,AB-BIND,HL_P
2jel,P:T7N,0.41,AB-BIND,HL_P
2jel,P:T7S,0.0,AB-BIND,HL_P
2jel,P:V6F,0.0,AB-BIND,HL_P
2jel,PP11E,0.0,SKEMPI_2.0,HL_P
2jel,QP3K,4.090261502322577,SKEMPI_2.0,HL_P
2jel,QP4K,1.3634205007741924,SKEMPI_2.0,HL_P
2jel,QP57E,-0.4104304674362382,SKEMPI_2.0,HL_P
2jel,QP71E,2.726841001548385,SKEMPI_2.0,HL_P
2jel,RP17G,0.0,SKEMPI_2.0,HL_P
2jel,RP17K,0.0,SKEMPI_2.0,HL_P
2jel,SP41C,1.4955495992396703,SKEMPI_2.0,HL_P
2jel,SP43C,0.0,SKEMPI_2.0,HL_P
2jel,SP46C,0.0,SKEMPI_2.0,HL_P
2jel,SP64T,4.090261502322577,SKEMPI_2.0,HL_P
2jel,TP34N,6.817102503870962,SKEMPI_2.0,HL_P
2jel,TP34Q,0.0,SKEMPI_2.0,HL_P
2jel,TP36Q,0.4104304674362382,SKEMPI_2.0,HL_P
2jel,TP62A,0.0,SKEMPI_2.0,HL_P
2jel,TP62N,0.0,SKEMPI_2.0,HL_P
2jel,TP7N,0.4104304674362382,SKEMPI_2.0,HL_P
2jel,TP7S,0.0,SKEMPI_2.0,HL_P
2jel,VP6F,0.0,SKEMPI_2.0,HL_P
2kso,HB20E,-0.1553527024620776,SKEMPI_2.0,A_B
2kso,KA10D,0.33136305804705,SKEMPI_2.0,A_B
2kso,"KA10D,DB25K",0.3872068634396384,SKEMPI_2.0,A_B
2kso,"KA10E,EB27K",0.6428764585480263,SKEMPI_2.0,A_B
2kso,KA49D,1.3401968967775926,SKEMPI_2.0,A_B
2kso,"KA49D,DB36K",0.1760103555849724,SKEMPI_2.0,A_B
2kso,KA49E,1.3401968967775926,SKEMPI_2.0,A_B
2kso,RA43E,-0.6620148535461153,SKEMPI_2.0,A_B
2kso,"RA43E,HB20E",0.4543117245557329,SKEMPI_2.0,A_B
2kso,"RA43E,HB20R",-0.8208609348724764,SKEMPI_2.0,A_B
2noj,"RB24A,NB31A",0.748264912301232,SKEMPI_2.0,A_B
2nu0,WI13L,-1.8391591320486151,SKEMPI_2.0,E_I
2nu1,HI13L,-1.6899402680462,SKEMPI_2.0,E_I
2nu2,RI13L,-3.3199335754804005,SKEMPI_2.0,E_I
2ny7,"CG27I,CG226Q",0.1996985543484437,SKEMPI_2.0,G_HL
2ny7,"CG27I,CG226Q,MG231A",0.2031714440693144,SKEMPI_2.0,G_HL
2ny7,"GG229C,MG231A",-0.3787584263709505,SKEMPI_2.0,G_HL
2ny7,"GG229C,WG13M,MG231A,CG14W,CG110V,CG27I,CG226Q",0.2146028029626338,SKEMPI_2.0,G_HL
2ny7,"H:N31H,H:V33T,H:I34L",-0.69,AB-BIND,G_HL
2ny7,"H:N31H,H:V33T,H:I34V",-0.81,AB-BIND,G_HL
2ny7,"H:P97E,H:Y98W,H:S99G",-1.23,AB-BIND,G_HL
2ny7,"H:P97E,H:Y98W,H:S99G,H:D100aD,H:D100bQ,H:S100cR,H:P100dR,H:Q100eY",-0.74,AB-BIND,G_HL
2ny7,"H:P97E,H:Y98W,H:S99G,H:D100aD,H:D100bQ,H:S100cV,H:P100dR,H:Q100eY",-2.26,AB-BIND,G_HL
2ny7,"H:P97E,H:Y98W,H:S99G,H:D100aE,H:D100bM,H:S100cF,H:P100dR,H:Q100eY",-2.46,AB-BIND,G_HL
2ny7,"H:P97E,H:Y98W,H:S99G,H:D100aE,H:D100bM,H:S100cR,H:P100dR,H:Q100eF",-2.3,AB-BIND,G_HL
2ny7,"H:P97E,H:Y98W,H:S99G,H:D100aE,H:D100bQ,H:S100cF,H:P100dR,H:Q100eF",-1.61,AB-BIND,G_HL
2ny7,"H:P97E,H:Y98W,H:S99G,H:D100aH,H:D100bQ,H:S100cR,H:P100dR,H:Q100eY",-2.27,AB-BIND,G_HL
2ny7,"H:P97E,H:Y98W,H:S99G,H:D100aT,H:D100bQ,H:S100cR,H:P100dR,H:Q100eF",-2.12,AB-BIND,G_HL
2ny7,"H:V33T,H:H35M",-0.57,AB-BIND,G_HL
2ny7,"H:V33T,H:I34V",-1.25,AB-BIND,G_HL
2ny7,"KG66C,EG102C,CG27I,CG226Q",0.0408524730220826,SKEMPI_2.0,G_HL
2ny7,"KG66C,EG102C,WG13M,MG231A,CG14W,CG110V,CG27I,CG226Q",0.3997612418469592,SKEMPI_2.0,G_HL
2ny7,"KG66C,EG103C,WG13M,MG231A,CG14W,CG110V,CG27I,CG226Q",0.2998646444980775,SKEMPI_2.0,G_HL
2ny7,"L:A93G,L:S95A",-0.38,AB-BIND,G_HL
2ny7,"L:A93W,L:S95Q",-1.47,AB-BIND,G_HL
2ny7,"L:S28K,L:I28aE,L:R29F,L:S30G",-0.16,AB-BIND,G_HL
2ny7,"L:S28P,L:I28aL,L:R29H,L:S30R,L:R31A",-1.3,AB-BIND,G_HL
2ny7,"L:S28Q,L:I28aL,L:R29D,L:S30G,L:R31S",-2.0,AB-BIND,G_HL
2ny7,"L:S28T,L:I28aV,L:R29Y,L:S30R,L:R31D",-1.03,AB-BIND,G_HL
2ny7,"L:V90K,L:A93D,L:S95F",-2.0,AB-BIND,G_HL
2ny7,"L:V90K,L:A93G,L:S94G,L:S95T",-1.93,AB-BIND,G_HL
2ny7,"L:V90L,L:A93R,L:S94G,L:S95N",-1.61,AB-BIND,G_HL
2ny7,"L:V90M,L:A93G,L:S94F,L:S95T",-1.36,AB-BIND,G_HL
2ny7,"L:V90M,L:A93G,L:S94R,L:S95D",-0.24,AB-BIND,G_HL
2ny7,"L:V90Q,L:A93D,L:S95L",-1.61,AB-BIND,G_HL
2ny7,"L:V90Q,L:A93W,L:S94P,L:S95F",-2.27,AB-BIND,G_HL
2ny7,"L:V90S,L:A93G,L:S94R,L:S95D",-1.52,AB-BIND,G_HL
2ny7,"L:V90T,L:A93R,L:S94G",-2.65,AB-BIND,G_HL
2ny7,"L:V90T,L:A93R,L:S94G,L:S95H",-2.71,AB-BIND,G_HL
2ny7,"L:V90T,L:A93R,L:S94G,L:S95I",-2.31,AB-BIND,G_HL
2ny7,"L:V90T,L:A93R,L:S94G,L:S95V",-0.98,AB-BIND,G_HL
2ny7,"L:V90T,L:A93W,L:S95G",-1.56,AB-BIND,G_HL
2ny7,"WG13M,MG231A,CG14W,CG110V",1.1573145955905866,SKEMPI_2.0,G_HL
2ny7,"WG13M,MG231A,CG14W,CG110V,CG27I,CG226Q",0.4490011418735209,SKEMPI_2.0,G_HL
2ny7,"WG13M,MG231A,CG14W,CG110V,KG66C,EG102C",0.5509586570809631,SKEMPI_2.0,G_HL
2ny7,"WG13M,SG92T,WG181S,MG231A,CG14W,CG110V,CG27I,CG226Q",-0.3035586074792206,SKEMPI_2.0,G_HL
2nyy,A:D1058A,0.01,AB-BIND,A_HL
2nyy,A:D1062A,2.53,AB-BIND,A_HL
2nyy,A:E920A,2.84,AB-BIND,A_HL
2nyy,A:F917A,0.42,AB-BIND,A_HL
2nyy,A:F953A,4.06,AB-BIND,A_HL
2nyy,A:H1064A,7.32,AB-BIND,A_HL
2nyy,A:I956A,-0.01,AB-BIND,A_HL
2nyy,A:K1056A,-0.03,AB-BIND,A_HL
2nyy,A:K903A,0.29,AB-BIND,A_HL
2nyy,A:K923A,-0.14,AB-BIND,A_HL
2nyy,A:L919A,2.59,AB-BIND,A_HL
2nyy,A:N918A,0.89,AB-BIND,A_HL
2nyy,A:N954A,0.1,AB-BIND,A_HL
2nyy,A:Q915A,0.52,AB-BIND,A_HL
2nyy,A:R1061A,0.82,AB-BIND,A_HL
2nyy,A:R1294A,0.3,AB-BIND,A_HL
2nyy,A:S902A,-0.23,AB-BIND,A_HL
2nyy,A:S955A,0.0,AB-BIND,A_HL
2nyy,A:T1063A,1.62,AB-BIND,A_HL
2nyy,DA1030A,0.0093359420529703,SKEMPI_2.0,A_HL
2nyy,DA1034A,2.5295338727180687,SKEMPI_2.0,A_HL
2nyy,DC30Y,0.641069756418276,SKEMPI_2.0,A_HL
2nyy,EA892A,2.838840584383275,SKEMPI_2.0,A_HL
2nyy,ED5Q,-0.2479616425048581,SKEMPI_2.0,A_HL
2nyy,FA889A,0.4193228553901956,SKEMPI_2.0,A_HL
2nyy,FA925A,4.058085944995812,SKEMPI_2.0,A_HL
2nyy,H:K30R,0.07,AB-BIND,A_HL
2nyy,H:M34Q,-0.06,AB-BIND,A_HL
2nyy,H:Y31D,0.07,AB-BIND,A_HL
2nyy,H:Y31Q,0.13,AB-BIND,A_HL
2nyy,H:Y57Q,0.52,AB-BIND,A_HL
2nyy,HA1036A,7.318677352960817,SKEMPI_2.0,A_HL
2nyy,HC34R,0.1008743263429513,SKEMPI_2.0,A_HL
2nyy,IA928A,-0.0094865282408249,SKEMPI_2.0,A_HL
2nyy,KA1028A,-0.0289313405012908,SKEMPI_2.0,A_HL
2nyy,KA875A,0.29095658402839,SKEMPI_2.0,A_HL
2nyy,KA895A,-0.1401314422978106,SKEMPI_2.0,A_HL
2nyy,KD29R,0.0713786307687738,SKEMPI_2.0,A_HL
2nyy,"KD29S,YD30D,DD31H,SD60P",0.0496054151336073,SKEMPI_2.0,A_HL
2nyy,L:D30Y,0.65,AB-BIND,A_HL
2nyy,L:H34R,0.1,AB-BIND,A_HL
2nyy,L:S28Q,0.42,AB-BIND,A_HL
2nyy,L:S31N,-0.36,AB-BIND,A_HL
2nyy,LA891A,2.588944684086216,SKEMPI_2.0,A_HL
2nyy,MD33Q,-0.0598636952237812,SKEMPI_2.0,A_HL
2nyy,NA890A,0.8903490154418595,SKEMPI_2.0,A_HL
2nyy,NA926A,0.0993380120170887,SKEMPI_2.0,A_HL
2nyy,QA887A,0.5207609958041234,SKEMPI_2.0,A_HL
2nyy,RA1033A,0.8200382959968886,SKEMPI_2.0,A_HL
2nyy,RA1266A,0.2995013154306665,SKEMPI_2.0,A_HL
2nyy,SA874A,-0.2302980927830804,SKEMPI_2.0,A_HL
2nyy,SA927A,0.0,SKEMPI_2.0,A_HL
2nyy,SC28Q,0.4133403295562834,SKEMPI_2.0,A_HL
2nyy,SC31N,-0.3533463475589962,SKEMPI_2.0,A_HL
2nyy,TA1035A,1.630703602162772,SKEMPI_2.0,A_HL
2nyy,VD36I,-0.2131495894188923,SKEMPI_2.0,A_HL
2nyy,"VD36I,ED5Q",-0.0490410600607208,SKEMPI_2.0,A_HL
2nyy,YD30D,0.0646181885207688,SKEMPI_2.0,A_HL
2nyy,YD30Q,0.1289611906184975,SKEMPI_2.0,A_HL
2nyy,YD56Q,0.5196328266602603,SKEMPI_2.0,A_HL
2nz9,A:D1058A,-0.03,AB-BIND,A_HL
2nz9,A:D1062A,2.34,AB-BIND,A_HL
2nz9,A:E920A,2.77,AB-BIND,A_HL
2nz9,A:F917A,-0.05,AB-BIND,A_HL
2nz9,A:F953A,3.34,AB-BIND,A_HL
2nz9,A:H1064A,7.42,AB-BIND,A_HL
2nz9,A:I956A,0.07,AB-BIND,A_HL
2nz9,A:K1056A,-0.01,AB-BIND,A_HL
2nz9,A:K903A,0.54,AB-BIND,A_HL
2nz9,A:K923A,-0.3,AB-BIND,A_HL
2nz9,A:L919A,2.28,AB-BIND,A_HL
2nz9,A:N918A,2.16,AB-BIND,A_HL
2nz9,A:N954A,-0.15,AB-BIND,A_HL
2nz9,A:Q915A,0.1,AB-BIND,A_HL
2nz9,A:R1061A,0.29,AB-BIND,A_HL
2nz9,A:R1294A,0.39,AB-BIND,A_HL
2nz9,A:S902A,-0.12,AB-BIND,A_HL
2nz9,A:S955A,-0.08,AB-BIND,A_HL
2nz9,A:T1063A,2.37,AB-BIND,A_HL
2nz9,DA1030A,-0.0310794111053043,SKEMPI_2.0,A_HL
2nz9,DA1034A,2.339362947578437,SKEMPI_2.0,A_HL
2nz9,EA892A,2.770075429456209,SKEMPI_2.0,A_HL
2nz9,FA889A,-0.0496054151336074,SKEMPI_2.0,A_HL
2nz9,FA925A,3.34009597868589,SKEMPI_2.0,A_HL
2nz9,HA1036A,7.418940938174625,SKEMPI_2.0,A_HL
2nz9,IA928A,0.0692743279873732,SKEMPI_2.0,A_HL
2nz9,KA1028A,-0.008713522334702,SKEMPI_2.0,A_HL
2nz9,KA875A,0.5406455464238246,SKEMPI_2.0,A_HL
2nz9,KA895A,-0.299722779049964,SKEMPI_2.0,A_HL
2nz9,LA891A,2.2797306715982475,SKEMPI_2.0,A_HL
2nz9,NA890A,2.159809982979584,SKEMPI_2.0,A_HL
2nz9,NA926A,-0.1521517084895827,SKEMPI_2.0,A_HL
2nz9,QA887A,0.0992503437189115,SKEMPI_2.0,A_HL
2nz9,RA1033A,0.2908510953723814,SKEMPI_2.0,A_HL
2nz9,RA1266A,0.3901178205582817,SKEMPI_2.0,A_HL
2nz9,SA874A,-0.1194681893931784,SKEMPI_2.0,A_HL
2nz9,SA927A,-0.0785367556348982,SKEMPI_2.0,A_HL
2nz9,"SD29K,DD30Y,HD31D",-0.0496054151336074,SKEMPI_2.0,A_HL
2nz9,TA1035A,2.370138482675948,SKEMPI_2.0,A_HL
2o3b,DB75E,5.434882773358551,SKEMPI_2.0,A_B
2o3b,DB75N,5.900009885350686,SKEMPI_2.0,A_B
2o3b,EB24A,5.47190270225648,SKEMPI_2.0,A_B
2o3b,EB24D,0.5989952014285316,SKEMPI_2.0,A_B
2o3b,EB24Q,5.395393076542149,SKEMPI_2.0,A_B
2o3b,QB74A,3.231185631082995,SKEMPI_2.0,A_B
2o3b,"QB74A,WB76A",5.7524427355195416,SKEMPI_2.0,A_B
2o3b,WB76A,4.071462272584358,SKEMPI_2.0,A_B
2oob,"AA6S,KA7E",0.1610721215420816,SKEMPI_2.0,A_B
2oob,"AA6S,KA7E,AA9E,GA13S",3.101652767281057,SKEMPI_2.0,A_B
2oob,AA9E,3.101652767281057,SKEMPI_2.0,A_B
2oob,"AA9E,GA13S",3.101652767281057,SKEMPI_2.0,A_B
2oob,GA13S,0.2352344432741755,SKEMPI_2.0,A_B
2oob,"IA27E,IA38E",0.2841269704235048,SKEMPI_2.0,A_B
2oob,KA7E,-0.1782017463522061,SKEMPI_2.0,A_B
2p5e,"TD52P,PD53F,AE49S,IE50V,QE51G,TE52M,LD96T,LD97S,DD98G,TD100S,LE94V",1.96162522206244,SKEMPI_2.0,ABC_DE
2p5e,"TD52Q,PD53S,WD54S,AE49G,IE50A,QE51G",4.407446597379686,SKEMPI_2.0,ABC_DE
2p5e,"TD52Q,PD53S,WD54S,AE49G,IE50A,QE51G,TE52I,LD96T,LD97S,DD98G,TD100S,LE94V",7.951504669993453,SKEMPI_2.0,ABC_DE
2p5e,YD32D,7.603460903251621,SKEMPI_2.0,ABC_DE
2p5e,"YD32D,TD52Q,PD53S,WD54S,AE49G,IE50A,QE51G,TE52I,LD96T,LD97S,DD98G,TD100S,LE94V",7.773804938084203,SKEMPI_2.0,ABC_DE
2pye,"QD52P,SD53F,SD54W,GE50S,AE51V,TE53M,LD96T,LD97S,DD98G,TD100S,LE95V",-2.445821375317246,SKEMPI_2.0,ABC_DE
2pye,"QD52T,SD53P,SD54W,GE50A,AE51I,GE52Q",-4.407446597379686,SKEMPI_2.0,ABC_DE
2pye,"TE53I,LD96T,LD97S,DD98G,TD100S,LE95V",3.544058072613767,SKEMPI_2.0,ABC_DE
2pye,"YD32D,QD52T,SD53P,SD54W,GE50A,AE51I,GE52Q",3.1960143058719344,SKEMPI_2.0,ABC_DE
2pye,"YD32D,TE53I,LD96T,LD97S,DD98G,TD100S,LE95V",3.3663583407045183,SKEMPI_2.0,ABC_DE
2qja,"GC11H,DC15E,AC30T,IC31M",0.8845918495380451,SKEMPI_2.0,AB_C
2qja,"RC57K,TC59S,IC61K,PC62A,HC63Q,QC64L,SC67T,TC43A,LC47M,GC48K,LC49Y",-0.2676321433814815,SKEMPI_2.0,AB_C
2qja,"TC43A,LC47M,GC48K,LC49Y",0.4619521660475998,SKEMPI_2.0,AB_C
2sgp,PI13L,-8.327893108399582,SKEMPI_2.0,E_I
2sgq,QI13L,-2.567180807805477,SKEMPI_2.0,E_I
2uwe,AA163T,0.4040975086726948,SKEMPI_2.0,ABC_EF
2vir,SC115L,3.679831034886339,SKEMPI_2.0,AB_C
2vir,TC89I,4.911122437195053,SKEMPI_2.0,AB_C
2vis,IC89T,-4.911122437195053,SKEMPI_2.0,AB_C
2vln,AB75N,-2.3343008979773754,SKEMPI_2.0,A_B
2vlo,AB95K,-1.95943602915512,SKEMPI_2.0,A_B
2vlp,AB54R,-1.6655302551102509,SKEMPI_2.0,A_B
2vlq,AB86F,-3.878545813373712,SKEMPI_2.0,A_B
2vlr,AE95S,0.0175930761348467,SKEMPI_2.0,ABC_DE
2vn5,"AB14S,LB15T",1.3182914554811294,SKEMPI_2.0,A_B
2vn5,"SB42A,TB43F",0.2642491117227634,SKEMPI_2.0,A_B
2vn5,"SB42A,TB43F,AB14Q,LB15Q",0.1558400190757579,SKEMPI_2.0,A_B
2vn5,"SB42A,TB43F,AB14S,LB15T",0.3597230877734372,SKEMPI_2.0,A_B
2vn5,"SB42A,TB43F,FB17A,LB45A",5.127260336214135,SKEMPI_2.0,A_B
2vn5,"SB42A,TB43F,IA83A",0.9497007781184494,SKEMPI_2.0,A_B
2vn5,"SB42A,TB43F,KA127G",0.5228987631702007,SKEMPI_2.0,A_B
2vn5,"SB42A,TB43F,LA77A",3.254668163752685,SKEMPI_2.0,A_B
2vn5,"SB42A,TB43F,LA77A,LA79A",5.928144878896999,SKEMPI_2.0,A_B
2vn5,"SB42A,TB43F,LA79A",2.940041663292574,SKEMPI_2.0,A_B
2vn5,"SB42A,TB43F,MA125G",1.5973522728789369,SKEMPI_2.0,A_B
2vn5,"SB42A,TB43F,MA125G,KA127A",2.4193211359809097,SKEMPI_2.0,A_B
2vn5,"SB42A,TB43F,NA37A",1.2257242175347358,SKEMPI_2.0,A_B
2vn5,"SB42A,TB43F,NA81A",0.6123827082209172,SKEMPI_2.0,A_B
2vn5,"SB42A,TB43F,SA66A",-0.0908814110908544,SKEMPI_2.0,A_B
2vn5,"SB42A,TB43F,SA66A,SA68A,SA75A",0.1414394487827087,SKEMPI_2.0,A_B
2vn5,"SB42A,TB43F,SA75A",0.0,SKEMPI_2.0,A_B
2vn5,"SB42A,TB43F,TA35A",0.3138460080798365,SKEMPI_2.0,A_B
2vn5,"SB42A,TB43F,TA35A,NA37A",1.685229341317959,SKEMPI_2.0,A_B
2vn5,"SB42A,TB43F,TA35A,NA37A,NA81A",3.1608283568972944,SKEMPI_2.0,A_B
2vn5,"SB42A,TB43F,TA35A,NA37A,YA39A",3.768046511262417,SKEMPI_2.0,A_B
2vn5,"SB42A,TB43F,TA35A,NA37A,YA39A,NA81A",5.212488164373972,SKEMPI_2.0,A_B
2vn5,"SB42A,TB43F,YA39A",1.2973479557275711,SKEMPI_2.0,A_B
2vn5,"SB42Q,TB43Q",0.9701025339765345,SKEMPI_2.0,A_B
3aaa,DC43A,5.036373996307275,SKEMPI_2.0,AB_C
3aaa,EC77A,1.9320041320876893,SKEMPI_2.0,AB_C
3aaa,EC77R,4.02163295362589,SKEMPI_2.0,AB_C
3aaa,KA248A,2.445030498995993,SKEMPI_2.0,AB_C
3aaa,"KA248A,RA258A",4.714198091103235,SKEMPI_2.0,AB_C
3aaa,KA248E,3.390288933504516,SKEMPI_2.0,AB_C
3aaa,RA252A,2.9948875475086565,SKEMPI_2.0,AB_C
3aaa,RA252E,3.931887815186578,SKEMPI_2.0,AB_C
3aaa,RA258A,2.2068893868530464,SKEMPI_2.0,AB_C
3aaa,RA258E,3.501875979963082,SKEMPI_2.0,AB_C
3aaa,WC7A,3.329859374394206,SKEMPI_2.0,AB_C
3b4v,FC52A,3.8480565486754847,SKEMPI_2.0,AB_C
3b4v,FC52E,3.879064994467911,SKEMPI_2.0,AB_C
3b4v,LC16E,0.8208609348724764,SKEMPI_2.0,AB_C
3b4v,LC49A,3.578602477702738,SKEMPI_2.0,AB_C
3b4v,LC49E,4.13111397534466,SKEMPI_2.0,AB_C
3b4v,LC53A,3.391290920897786,SKEMPI_2.0,AB_C
3b4v,LC53E,4.090261502322577,SKEMPI_2.0,AB_C
3bdy,"DL28N,PL30A,RL31K,SL32T,TL97S,TL98S",-0.9689797989979873,SKEMPI_2.0,HL_V
3bdy,"DL28N,PL30A,RL31K,SL32T,TL97S,TL98S,KH31S,DH32G,TH55S,NH56E,GH101V,DH103V",-2.715210825183005,SKEMPI_2.0,HL_V
3bdy,"DL28N,PL30A,RL31K,SL32T,TL97S,TL98S,KH31S,DH32G,TH55S,NH56E,GH101V,DH103V,RH51A,RH60A",-2.772593367346176,SKEMPI_2.0,HL_V
3bdy,"DL28N,PL30A,RL31K,SL32T,YL57F,TL97S,TL98S",-0.9730640235254686,SKEMPI_2.0,HL_V
3bdy,"DL28N,PL30A,RL31K,SL32T,YL57F,TL97S,TL98S,KH31S,DH32G,TH55S,NH56E,GH101V,DH103V",-2.7268410015483844,SKEMPI_2.0,HL_V
3bdy,H:D31A,0.2,AB-BIND,HL_V
3bdy,H:D98A,0.0,AB-BIND,HL_V
3bdy,H:F100A,0.7,AB-BIND,HL_V
3bdy,H:G96A,0.2,AB-BIND,HL_V
3bdy,H:G97A,-0.1,AB-BIND,HL_V
3bdy,H:G99A,0.8,AB-BIND,HL_V
3bdy,H:K30A,0.2,AB-BIND,HL_V
3bdy,H:N54A,-0.2,AB-BIND,HL_V
3bdy,H:R50A,-0.3,AB-BIND,HL_V
3bdy,H:R58A,-0.2,AB-BIND,HL_V
3bdy,H:T32A,-0.4,AB-BIND,HL_V
3bdy,H:T53A,-0.5,AB-BIND,HL_V
3bdy,H:W95A,2.0,AB-BIND,HL_V
3bdy,H:Y100aA,0.5,AB-BIND,HL_V
3bdy,H:Y33A,0.3,AB-BIND,HL_V
3bdy,H:Y52A,0.4,AB-BIND,HL_V
3bdy,H:Y56A,0.2,AB-BIND,HL_V
3bdy,L:D27aA,0.0,AB-BIND,HL_V
3bdy,L:G31A,1.2,AB-BIND,HL_V
3bdy,L:G51A,1.0,AB-BIND,HL_V
3bdy,L:H91A,2.0,AB-BIND,HL_V
3bdy,L:I27bA,1.1,AB-BIND,HL_V
3bdy,L:I29A,0.8,AB-BIND,HL_V
3bdy,L:P27cA,0.2,AB-BIND,HL_V
3bdy,L:R27dA,-0.2,AB-BIND,HL_V
3bdy,L:S28A,1.0,AB-BIND,HL_V
3bdy,L:S30A,1.3,AB-BIND,HL_V
3bdy,L:S52A,0.1,AB-BIND,HL_V
3bdy,L:T93A,-0.3,AB-BIND,HL_V
3bdy,L:T94A,0.0,AB-BIND,HL_V
3bdy,L:W50A,1.3,AB-BIND,HL_V
3bdy,L:Y32A,1.7,AB-BIND,HL_V
3bdy,L:Y53A,0.7,AB-BIND,HL_V
3bdy,L:Y92A,1.4,AB-BIND,HL_V
3bk3,AC37R,1.3819673503139471,SKEMPI_2.0,A_C
3bk3,IC19A,0.4861239303749003,SKEMPI_2.0,A_C
3bk3,IC19R,0.4237372296804942,SKEMPI_2.0,A_C
3bk3,IC22A,1.306984865247377,SKEMPI_2.0,A_C
3bk3,IC22R,2.120397576126834,SKEMPI_2.0,A_C
3bk3,IC28A,1.2608218095430823,SKEMPI_2.0,A_C
3bk3,IC28R,1.174855766781899,SKEMPI_2.0,A_C
3bk3,IC3A,1.0380825190191338,SKEMPI_2.0,A_C
3bk3,IC3R,0.6505169000398933,SKEMPI_2.0,A_C
3bk3,LC2A,0.0,SKEMPI_2.0,A_C
3bk3,LC2R,0.0263210443640176,SKEMPI_2.0,A_C
3bk3,TC4P,0.4861239303749003,SKEMPI_2.0,A_C
3bk3,TC6P,1.7420606084315913,SKEMPI_2.0,A_C
3bn9,A:D217A,0.57,AB-BIND,A_HL
3bn9,A:D60aA,0.42,AB-BIND,A_HL
3bn9,A:D60bA,0.31,AB-BIND,A_HL
3bn9,A:D96A,6.7,AB-BIND,A_HL
3bn9,A:E169A,0.37,AB-BIND,A_HL
3bn9,A:F60eA,-0.05,AB-BIND,A_HL
3bn9,A:F94A,0.64,AB-BIND,A_HL
3bn9,A:F97A,6.7,AB-BIND,A_HL
3bn9,A:H143A,0.09,AB-BIND,A_HL
3bn9,A:I41A,0.0,AB-BIND,A_HL
3bn9,A:I60A,0.84,AB-BIND,A_HL
3bn9,A:K224A,0.79,AB-BIND,A_HL
3bn9,A:L153A,0.34,AB-BIND,A_HL
3bn9,A:N95A,0.77,AB-BIND,A_HL
3bn9,A:Q145A,0.13,AB-BIND,A_HL
3bn9,A:Q174A,-0.03,AB-BIND,A_HL
3bn9,A:Q175A,2.51,AB-BIND,A_HL
3bn9,A:Q221aA,0.71,AB-BIND,A_HL
3bn9,A:Q38A,-0.42,AB-BIND,A_HL
3bn9,A:R222A,-0.09,AB-BIND,A_HL
3bn9,A:R60cA,-0.05,AB-BIND,A_HL
3bn9,A:R60fA,-0.07,AB-BIND,A_HL
3bn9,A:R87A,-0.16,AB-BIND,A_HL
3bn9,A:T150A,0.29,AB-BIND,A_HL
3bn9,A:T98A,1.13,AB-BIND,A_HL
3bn9,A:Y146A,1.09,AB-BIND,A_HL
3bn9,A:Y60gA,0.02,AB-BIND,A_HL
3bn9,DB214A,0.5661533643461352,SKEMPI_2.0,A_HL
3bn9,DB46A,0.4223448734270986,SKEMPI_2.0,A_HL
3bn9,DB47A,0.3110755993719745,SKEMPI_2.0,A_HL
3bn9,DB91A,6.694524031810099,SKEMPI_2.0,A_HL
3bn9,EB163A,0.3731775556511794,SKEMPI_2.0,A_HL
3bn9,FB50A,-0.044993231155209,SKEMPI_2.0,A_HL
3bn9,FB89A,0.6391762469622985,SKEMPI_2.0,A_HL
3bn9,FB92A,6.694524031810099,SKEMPI_2.0,A_HL
3bn9,H:P100H,8.0,AB-BIND,A_HL
3bn9,H:Q100aV,1.36,AB-BIND,A_HL
3bn9,H:S30G,1.36,AB-BIND,A_HL
3bn9,H:S30N,1.36,AB-BIND,A_HL
3bn9,H:T28R,0.3,AB-BIND,A_HL
3bn9,H:T98Q,0.0,AB-BIND,A_HL
3bn9,H:T98R,-0.06,AB-BIND,A_HL
3bn9,H:Y99S,0.41,AB-BIND,A_HL
3bn9,HB138A,0.085054578699956,SKEMPI_2.0,A_HL
3bn9,IB26A,0.0,SKEMPI_2.0,A_HL
3bn9,IB45A,0.8351297216987792,SKEMPI_2.0,A_HL
3bn9,KB221A,0.7848882960186173,SKEMPI_2.0,A_HL
3bn9,LB147A,0.33615762675325,SKEMPI_2.0,A_HL
3bn9,NB90A,0.7732649478781831,SKEMPI_2.0,A_HL
3bn9,PD104H,2.4270054049053007,SKEMPI_2.0,A_HL
3bn9,QB140A,0.1330911230475244,SKEMPI_2.0,A_HL
3bn9,QB168A,-0.0346951281102008,SKEMPI_2.0,A_HL
3bn9,QB169A,2.508727055208582,SKEMPI_2.0,A_HL
3bn9,QB218A,0.7056381598882786,SKEMPI_2.0,A_HL
3bn9,QB23A,-0.415264175911762,SKEMPI_2.0,A_HL
3bn9,QD105V,1.2239770072234863,SKEMPI_2.0,A_HL
3bn9,RB219A,-0.0936885473118745,SKEMPI_2.0,A_HL
3bn9,RB48A,-0.044993231155209,SKEMPI_2.0,A_HL
3bn9,RB51A,-0.0715504174964341,SKEMPI_2.0,A_HL
3bn9,RB82A,-0.1592165073628398,SKEMPI_2.0,A_HL
3bn9,SD30G,1.1859850518418815,SKEMPI_2.0,A_HL
3bn9,SD30N,1.1453873114544009,SKEMPI_2.0,A_HL
3bn9,TB144A,0.2908052483801402,SKEMPI_2.0,A_HL
3bn9,TB93A,1.131936534244451,SKEMPI_2.0,A_HL
3bn9,TD102Q,-0.0215342276723235,SKEMPI_2.0,A_HL
3bn9,TD102R,-0.0582889265546199,SKEMPI_2.0,A_HL
3bn9,TD28R,0.3328716601369809,SKEMPI_2.0,A_HL
3bn9,YB141A,1.0845411659205504,SKEMPI_2.0,A_HL
3bn9,YB52A,0.0189496491471317,SKEMPI_2.0,A_HL
3bn9,YD103S,0.4586386375349864,SKEMPI_2.0,A_HL
3bp8,AC51F,0.6151555884729605,SKEMPI_2.0,A_C
3bp8,FA115A,0.7085972108438086,SKEMPI_2.0,A_C
3bp8,"FA115A,AC51F",-0.774126052952809,SKEMPI_2.0,A_C
3btd,DI13K,-11.380653199593118,SKEMPI_2.0,E_I
3bte,EI13K,-9.324001542354546,SKEMPI_2.0,E_I
3btf,FI13K,-6.952639148620003,SKEMPI_2.0,E_I
3btg,GI13K,-12.221146895162828,SKEMPI_2.0,E_I
3btm,MI13K,-7.610743531537493,SKEMPI_2.0,E_I
3btq,QI13K,-9.271204592142084,SKEMPI_2.0,E_I
3btt,TI13K,-10.485025390073028,SKEMPI_2.0,E_I
3btw,WI13K,-8.572176974781826,SKEMPI_2.0,E_I
3bx1,AC86T,1.8362376689048363,SKEMPI_2.0,A_C
3bx1,FC84V,0.4104304674362382,SKEMPI_2.0,A_C
3bx1,RC85G,0.3553092075878529,SKEMPI_2.0,A_C
3bx1,TC88V,2.836987343724904,SKEMPI_2.0,A_C
3bx1,TC89A,0.1703440348325832,SKEMPI_2.0,A_C
3bx1,YC87A,1.2981024772615015,SKEMPI_2.0,A_C
3bx1,YC87I,1.7810441941652098,SKEMPI_2.0,A_C
3c60,DC56A,0.6979122683637936,SKEMPI_2.0,CD_AB
3c60,DD13A,0.0473953683239003,SKEMPI_2.0,CD_AB
3c60,DD86A,0.0473953683239003,SKEMPI_2.0,CD_AB
3c60,ED2A,0.0473953683239003,SKEMPI_2.0,CD_AB
3c60,ED69A,0.0473953683239003,SKEMPI_2.0,CD_AB
3c60,ED76A,0.0,SKEMPI_2.0,CD_AB
3c60,ED79A,0.0473953683239003,SKEMPI_2.0,CD_AB
3c60,ED94A,0.0,SKEMPI_2.0,CD_AB
3c60,FD1A,0.0,SKEMPI_2.0,CD_AB
3c60,HC69A,0.3589087688248766,SKEMPI_2.0,CD_AB
3c60,HD91A,1.085119131803432,SKEMPI_2.0,CD_AB
3c60,ID77A,0.0473953683239003,SKEMPI_2.0,CD_AB
3c60,KC40A,1.593555001637642,SKEMPI_2.0,CD_AB
3c60,KC68A,0.5619752725306023,SKEMPI_2.0,CD_AB
3c60,KC76A,0.0473953683239003,SKEMPI_2.0,CD_AB
3c60,KD10A,0.0,SKEMPI_2.0,CD_AB
3c60,KD5A,1.1522239929195264,SKEMPI_2.0,CD_AB
3c60,KD7A,2.1500009057813974,SKEMPI_2.0,CD_AB
3c60,LC61A,0.9430381015977486,SKEMPI_2.0,CD_AB
3c60,NC63A,0.9529900333379542,SKEMPI_2.0,CD_AB
3c60,ND9A,0.0,SKEMPI_2.0,CD_AB
3c60,PD75A,0.0,SKEMPI_2.0,CD_AB
3c60,QC58A,0.9627774627851166,SKEMPI_2.0,CD_AB
3c60,QC62A,0.8682563031963768,SKEMPI_2.0,CD_AB
3c60,QD4A,1.1661570122290352,SKEMPI_2.0,CD_AB
3c60,QD74A,0.0,SKEMPI_2.0,CD_AB
3c60,RD80A,2.025340454728791,SKEMPI_2.0,CD_AB
3c60,RD82A,0.0,SKEMPI_2.0,CD_AB
3c60,RD90A,0.0473953683239003,SKEMPI_2.0,CD_AB
3c60,SD73A,0.0,SKEMPI_2.0,CD_AB
3c60,TD87A,1.1661570122290352,SKEMPI_2.0,CD_AB
3c60,VC66A,1.2495121014684247,SKEMPI_2.0,CD_AB
3c60,VC73A,0.0,SKEMPI_2.0,CD_AB
3c60,VD12A,0.0,SKEMPI_2.0,CD_AB
3c60,YD70A,0.0,SKEMPI_2.0,CD_AB
3d3v,EE30A,2.671219684752436,SKEMPI_2.0,ABC_DE
3d3v,"EE30A,YC8A",3.898780308139048,SKEMPI_2.0,ABC_DE
3d3v,"EE30A,YC8F",2.572080129220535,SKEMPI_2.0,ABC_DE
3d3v,LE97A,2.6157263867177294,SKEMPI_2.0,ABC_DE
3d3v,"LE97A,YC8A",4.387923370612501,SKEMPI_2.0,ABC_DE
3d3v,YC8A,3.411709733277948,SKEMPI_2.0,ABC_DE
3d3v,YC8F,0.9269649779828492,SKEMPI_2.0,ABC_DE
3d5r,AC38N,-1.450857175501469,SKEMPI_2.0,A_C
3d5s,AC31R,-1.882138545550724,SKEMPI_2.0,A_C
3eg5,HA104F,-2.049301210428807,SKEMPI_2.0,A_B
3eg5,"TB73N,SB74N,HB75N",1.0353314755191614,SKEMPI_2.0,A_B
3eg5,"TB73N,SB74N,HB75N,HA104F",-1.304427871600509,SKEMPI_2.0,A_B
3eqs,EB5A,1.114009056552421,SKEMPI_2.0,A_B
3eqs,FB3A,5.555439008329725,SKEMPI_2.0,A_B
3eqs,LB10A,3.332526963431207,SKEMPI_2.0,A_B
3eqs,LB9A,-0.1703440348325832,SKEMPI_2.0,A_B
3eqs,NB8A,-1.1111248521163304,SKEMPI_2.0,A_B
3eqs,SB11A,0.1171377660949721,SKEMPI_2.0,A_B
3eqs,SB2A,1.2628188637126807,SKEMPI_2.0,A_B
3eqs,TB1A,0.391631237698019,SKEMPI_2.0,A_B
3eqs,WB7A,6.406672036434724,SKEMPI_2.0,A_B
3eqs,YB6A,3.10884396206468,SKEMPI_2.0,A_B
3eqy,EC5A,1.2225190048231025,SKEMPI_2.0,A_C
3eqy,FC3A,5.657871020882746,SKEMPI_2.0,A_C
3eqy,LC10A,2.323336063352966,SKEMPI_2.0,A_C
3eqy,LC9A,0.0338449829533934,SKEMPI_2.0,A_C
3eqy,NC8A,-0.7488010155519775,SKEMPI_2.0,A_C
3eqy,PC12A,0.2954656432293718,SKEMPI_2.0,A_C
3eqy,SC11A,0.1526673191746151,SKEMPI_2.0,A_C
3eqy,SC2A,0.8709295628159812,SKEMPI_2.0,A_C
3eqy,TC1A,0.3745330526185599,SKEMPI_2.0,A_C
3eqy,WC7A,6.04310083407164,SKEMPI_2.0,A_C
3eqy,YC6A,2.585939505597295,SKEMPI_2.0,A_C
3f1s,DA200A,0.5541713679000159,SKEMPI_2.0,A_B
3f1s,DA255A,3.758898444275527,SKEMPI_2.0,A_B
3f1s,DA36A,2.184281435646669,SKEMPI_2.0,A_B
3f1s,KA201A,-2.0786831817193363,SKEMPI_2.0,A_B
3f1s,KA201C,-1.6940135635887783,SKEMPI_2.0,A_B
3f1s,MA33A,1.2382988923774036,SKEMPI_2.0,A_B
3f1s,YA202A,2.9944731449298665,SKEMPI_2.0,A_B
3g6d,"EL3V,GL76R,TL77V,QL78E,EL80G",0.1398025449460657,SKEMPI_2.0,LH_A
3g6d,"EL3V,GL76R,TL77V,QL78E,EL80G,DH54N",0.1111666970085271,SKEMPI_2.0,LH_A
3g6d,"EL3V,GL76R,TL77V,QL78E,EL80G,FH103A,HH104A,WH105A",4.619806786104531,SKEMPI_2.0,LH_A
3g6d,"EL3V,GL76R,TL77V,QL78E,EL80G,TL89S,ML92I,VL93D,TL94K",0.271423162487209,SKEMPI_2.0,LH_A
3g6d,HH104A,-0.9529900333379544,SKEMPI_2.0,LH_A
3g6d,"KH210T,KH215T",-0.1329341645310321,SKEMPI_2.0,LH_A
3g6d,"TL89S,ML92I,VL93D,TL94K",0.7978947210125094,SKEMPI_2.0,LH_A
3g6d,WH105A,-1.4963546653052244,SKEMPI_2.0,LH_A
3h9s,AA150P,0.1630785939865626,SKEMPI_2.0,ABC_DE
3hfm,DH32A,1.8980319473387195,SKEMPI_2.0,HL_Y
3hfm,"DH32A,KY97A",4.591968595202211,SKEMPI_2.0,HL_Y
3hfm,"DH32A,KY97M",1.1233340681705375,SKEMPI_2.0,HL_Y
3hfm,DH32N,0.1703440348325832,SKEMPI_2.0,HL_Y
3hfm,"DH32N,KY97A",4.891048447007539,SKEMPI_2.0,HL_Y
3hfm,"DH32N,KY97M",0.302473133298061,SKEMPI_2.0,HL_Y
3hfm,DY101A,1.2316074557522816,SKEMPI_2.0,HL_Y
3hfm,DY101E,2.132661848788425,SKEMPI_2.0,HL_Y
3hfm,DY101F,2.3280223361104464,SKEMPI_2.0,HL_Y
3hfm,DY101G,0.3588108805779939,SKEMPI_2.0,HL_Y
3hfm,DY101K,2.124321494441033,SKEMPI_2.0,HL_Y
3hfm,DY101N,1.4909593832612726,SKEMPI_2.0,HL_Y
3hfm,DY101Q,2.0849603709229965,SKEMPI_2.0,HL_Y
3hfm,DY101R,2.2796384426611738,SKEMPI_2.0,HL_Y
3hfm,DY101S,1.869207975224936,SKEMPI_2.0,HL_Y
3hfm,GY102V,0.3952444208199768,SKEMPI_2.0,HL_Y
3hfm,H:C95A,5.52,AB-BIND,HL_Y
3hfm,"H:C95A,Y:K96A",8.0,AB-BIND,HL_Y
3hfm,"H:C95A,Y:K97A",8.0,AB-BIND,HL_Y
3hfm,"H:C95A,Y:Y20A",8.0,AB-BIND,HL_Y
3hfm,H:C95F,3.25,AB-BIND,HL_Y
3hfm,"H:C95F,Y:K96A",8.0,AB-BIND,HL_Y
3hfm,"H:C95F,Y:K97A",8.0,AB-BIND,HL_Y
3hfm,"H:C95F,Y:Y20A",6.18,AB-BIND,HL_Y
3hfm,H:D32A,1.9,AB-BIND,HL_Y
3hfm,"H:D32A,Y:K97A",4.6,AB-BIND,HL_Y
3hfm,"H:D32A,Y:K97M",1.12,AB-BIND,HL_Y
3hfm,H:D32N,0.17,AB-BIND,HL_Y
3hfm,"H:D32N,Y:K97A",4.89,AB-BIND,HL_Y
3hfm,"H:D32N,Y:K97M",0.3,AB-BIND,HL_Y
3hfm,H:S31A,0.17,AB-BIND,HL_Y
3hfm,H:Y33A,6.0,AB-BIND,HL_Y
3hfm,"H:Y33A,Y:K96A",8.0,AB-BIND,HL_Y
3hfm,"H:Y33A,Y:K97A",6.83,AB-BIND,HL_Y
3hfm,"H:Y33A,Y:Y20A",8.0,AB-BIND,HL_Y
3hfm,H:Y50A,8.0,AB-BIND,HL_Y
3hfm,"H:Y50A,Y:R21A",8.0,AB-BIND,HL_Y
3hfm,HY15A,-0.4452714573528177,SKEMPI_2.0,HL_Y
3hfm,IY98A,0.0,SKEMPI_2.0,HL_Y
3hfm,KY96A,6.736592992263728,SKEMPI_2.0,HL_Y
3hfm,KY96M,6.776250030848879,SKEMPI_2.0,HL_Y
3hfm,KY96R,5.352453445913169,SKEMPI_2.0,HL_Y
3hfm,KY97A,5.860804469638024,SKEMPI_2.0,HL_Y
3hfm,KY97D,6.767730085296317,SKEMPI_2.0,HL_Y
3hfm,KY97E,3.604137571947677,SKEMPI_2.0,HL_Y
3hfm,KY97G,6.429895640431323,SKEMPI_2.0,HL_Y
3hfm,KY97M,0.9468744598114882,SKEMPI_2.0,HL_Y
3hfm,KY97R,3.052537738843045,SKEMPI_2.0,HL_Y
3hfm,L:N31A,5.22,AB-BIND,HL_Y
3hfm,"L:N31A,Y:K96A",8.0,AB-BIND,HL_Y
3hfm,L:N31D,1.34,AB-BIND,HL_Y
3hfm,L:N31E,5.67,AB-BIND,HL_Y
3hfm,L:N32A,5.11,AB-BIND,HL_Y
3hfm,"L:N32A,Y:Y20A",8.0,AB-BIND,HL_Y
3hfm,L:Q53A,0.95,AB-BIND,HL_Y
3hfm,L:Y50A,4.57,AB-BIND,HL_Y
3hfm,"L:Y50A,Y:K96A",8.0,AB-BIND,HL_Y
3hfm,"L:Y50A,Y:K97A",8.0,AB-BIND,HL_Y
3hfm,"L:Y50A,Y:R21A",6.42,AB-BIND,HL_Y
3hfm,"L:Y50A,Y:Y20A",8.0,AB-BIND,HL_Y
3hfm,L:Y50F,2.36,AB-BIND,HL_Y
3hfm,"L:Y50F,Y:K96A",8.0,AB-BIND,HL_Y
3hfm,"L:Y50F,Y:K97A",8.0,AB-BIND,HL_Y
3hfm,"L:Y50F,Y:R21A",4.33,AB-BIND,HL_Y
3hfm,"L:Y50F,Y:Y20A",6.18,AB-BIND,HL_Y
3hfm,L:Y50L,4.4,AB-BIND,HL_Y
3hfm,L:Y96A,2.71,AB-BIND,HL_Y
3hfm,"L:Y96A,Y:R21A",5.76,AB-BIND,HL_Y
3hfm,L:Y96F,1.4,AB-BIND,HL_Y
3hfm,"L:Y96F,Y:R21A",4.19,AB-BIND,HL_Y
3hfm,LY75A,0.7043836551817373,SKEMPI_2.0,HL_Y
3hfm,NL31A,5.213595570493115,SKEMPI_2.0,HL_Y
3hfm,"NL31A,KY96A",7.467619403910855,SKEMPI_2.0,HL_Y
3hfm,NL31D,1.3433465105866778,SKEMPI_2.0,HL_Y
3hfm,NL31E,5.706782717820186,SKEMPI_2.0,HL_Y
3hfm,NL32A,5.106821305679576,SKEMPI_2.0,HL_Y
3hfm,NY19D,0.4104304674362382,SKEMPI_2.0,HL_Y
3hfm,NY19K,0.2400864326036549,SKEMPI_2.0,HL_Y
3hfm,NY19Q,-0.0424814314084462,SKEMPI_2.0,HL_Y
3hfm,NY93A,0.2111965078546658,SKEMPI_2.0,HL_Y
3hfm,QL53A,0.9529900333379542,SKEMPI_2.0,HL_Y
3hfm,RY21A,0.9032255757632578,SKEMPI_2.0,HL_Y
3hfm,RY21E,2.45318318974832,SKEMPI_2.0,HL_Y
3hfm,RY21G,2.4218265393418195,SKEMPI_2.0,HL_Y
3hfm,RY21H,2.1690953890304074,SKEMPI_2.0,HL_Y
3hfm,RY21K,1.7661605877794222,SKEMPI_2.0,HL_Y
3hfm,RY21M,2.0496799912093886,SKEMPI_2.0,HL_Y
3hfm,RY21N,2.3280223361104464,SKEMPI_2.0,HL_Y
3hfm,RY21Q,2.3972882506171542,SKEMPI_2.0,HL_Y
3hfm,RY21W,2.132661848788425,SKEMPI_2.0,HL_Y
3hfm,RY73A,-0.3313630580470502,SKEMPI_2.0,HL_Y
3hfm,SH31A,0.1703440348325832,SKEMPI_2.0,HL_Y
3hfm,SY100A,0.2676321433814814,SKEMPI_2.0,HL_Y
3hfm,TY89A,0.0,SKEMPI_2.0,HL_Y
3hfm,WH98A,5.510117638623585,SKEMPI_2.0,HL_Y
3hfm,"WH98A,KY96A",7.729240064186833,SKEMPI_2.0,HL_Y
3hfm,WH98F,3.2452288031228003,SKEMPI_2.0,HL_Y
3hfm,"WH98F,YY20A",6.228379882264951,SKEMPI_2.0,HL_Y
3hfm,WY63A,0.3191538419928429,SKEMPI_2.0,HL_Y
3hfm,Y:K96A,6.83,AB-BIND,HL_Y
3hfm,Y:K97A,6.18,AB-BIND,HL_Y
3hfm,Y:K97M,1.09,AB-BIND,HL_Y
3hfm,Y:R21A,1.03,AB-BIND,HL_Y
3hfm,Y:Y20A,4.87,AB-BIND,HL_Y
3hfm,YH33A,6.034456505365591,SKEMPI_2.0,HL_Y
3hfm,"YH33A,KY97A",7.2275329713072,SKEMPI_2.0,HL_Y
3hfm,YH33F,1.0711112579727369,SKEMPI_2.0,HL_Y
3hfm,YH33L,2.006732207445773,SKEMPI_2.0,HL_Y
3hfm,YH33W,1.7493848364350508,SKEMPI_2.0,HL_Y
3hfm,YH50A,7.3188095967505955,SKEMPI_2.0,HL_Y
3hfm,"YH50A,RY21A",7.9404365720414996,SKEMPI_2.0,HL_Y
3hfm,YH50F,1.609826124874084,SKEMPI_2.0,HL_Y
3hfm,YH50L,2.8485441363413755,SKEMPI_2.0,HL_Y
3hfm,YH53A,3.2500461267269336,SKEMPI_2.0,HL_Y
3hfm,YH53F,0.6204355237726846,SKEMPI_2.0,HL_Y
3hfm,YH53L,0.8068065456842655,SKEMPI_2.0,HL_Y
3hfm,YH53W,0.7061093601302157,SKEMPI_2.0,HL_Y
3hfm,YH58A,1.6758715646964042,SKEMPI_2.0,HL_Y
3hfm,YH58F,0.3630881527619625,SKEMPI_2.0,HL_Y
3hfm,YH58L,1.5135176479154604,SKEMPI_2.0,HL_Y
3hfm,YL50A,4.557127605285631,SKEMPI_2.0,HL_Y
3hfm,"YL50A,KY96A",7.729240064186833,SKEMPI_2.0,HL_Y
3hfm,"YL50A,KY97A",7.3188095967505955,SKEMPI_2.0,HL_Y
3hfm,"YL50A,RY21A",6.365819563412641,SKEMPI_2.0,HL_Y
3hfm,YL50F,2.3546254704792524,SKEMPI_2.0,HL_Y
3hfm,"YL50F,RY21A",4.330347934926232,SKEMPI_2.0,HL_Y
3hfm,"YL50F,YY20A",6.223021239357885,SKEMPI_2.0,HL_Y
3hfm,YL50L,4.392734635620638,SKEMPI_2.0,HL_Y
3hfm,YL96A,2.7067670113608706,SKEMPI_2.0,HL_Y
3hfm,"YL96A,RY21A",5.756155136394831,SKEMPI_2.0,HL_Y
3hfm,YL96F,1.401635437141298,SKEMPI_2.0,HL_Y
3hfm,"YL96F,RY21A",4.181538127765973,SKEMPI_2.0,HL_Y
3hfm,YY20A,4.573309628998038,SKEMPI_2.0,HL_Y
3hfm,YY20F,-0.4839183930235692,SKEMPI_2.0,HL_Y
3hfm,YY20L,2.184281435646669,SKEMPI_2.0,HL_Y
3hg1,"SE50F,VE51G,GE52P,IE53Y",-2.025435354320308,SKEMPI_2.0,ABC_DE
3hg1,"SE50W,VE51G,GE52P,IE53F",-1.7738509682104304,SKEMPI_2.0,ABC_DE
3hg1,"SE50W,VE51G,GE52P,IE53F,GE99N,TE100L,EE102G,LE103W",-2.978425387658262,SKEMPI_2.0,ABC_DE
3hg1,"SE50W,VE51G,GE52P,IE53F,TE100M,EE102G,LE103W,FE104Q",-2.294063504664975,SKEMPI_2.0,ABC_DE
3hg1,"SE50Y,VE51G,GE52P,IE53F",-1.581159903930676,SKEMPI_2.0,ABC_DE
3hg1,"SE50Y,VE51G,GE52P,IE53F,GE99N,TE100L,EE102G,LE103W",-2.853303779261473,SKEMPI_2.0,ABC_DE
3hg1,"SE50Y,VE51G,GE52P,IE53F,TE100M,EE102G,LE103W,FE104Q",-1.489883278487281,SKEMPI_2.0,ABC_DE
3hg1,"SE50Y,VE51G,GE52P,IE53Y",-1.729969711090936,SKEMPI_2.0,ABC_DE
3hh2,FC47A,1.3245786442849976,SKEMPI_2.0,AB_C
3hh2,FC47E,0.7129036007342991,SKEMPI_2.0,AB_C
3hh2,FC52A,1.2721438753307972,SKEMPI_2.0,AB_C
3hh2,FC52E,0.8161427744507879,SKEMPI_2.0,AB_C
3hh2,IC51A,0.7129036007342991,SKEMPI_2.0,AB_C
3hh2,IC51E,0.861713407894559,SKEMPI_2.0,AB_C
3hh2,VC15E,0.6840136759853102,SKEMPI_2.0,AB_C
3k2m,D:E52A,2.5,AB-BIND,A_D
3k2m,D:M88A,4.0,AB-BIND,A_D
3k2m,D:R38A,2.5,AB-BIND,A_D
3k2m,D:W80A,4.0,AB-BIND,A_D
3k2m,D:Y35A,1.0,AB-BIND,A_D
3k2m,D:Y36A,3.7,AB-BIND,A_D
3k2m,D:Y87A,4.0,AB-BIND,A_D
3kbh,DA20A,0.87292661698558,SKEMPI_2.0,A_E
3kbh,SE54A,1.856311659092351,SKEMPI_2.0,A_E
3kbh,SE54T,2.4893013513654885,SKEMPI_2.0,A_E
3kbh,YA23A,1.8117937253036105,SKEMPI_2.0,A_E
3kbh,YA23F,1.6150048868840696,SKEMPI_2.0,A_E
3kbh,YE17A,0.0999632262179972,SKEMPI_2.0,A_E
3kud,KB30A,1.9528393317490635,SKEMPI_2.0,A_B
3kud,"KB30A,FB6W",2.1666047199887006,SKEMPI_2.0,A_B
3kud,"KB30A,FB6W,NB16R",1.2045744194478314,SKEMPI_2.0,A_B
3kud,"KB30A,FB6W,NB16R,VB33I",1.9528393317490635,SKEMPI_2.0,A_B
3kud,"KB30A,FB6W,RB12L,NB16R,VB33I",1.965573715021732,SKEMPI_2.0,A_B
3kud,"KB30A,FB6W,RB12L,VB14E,NB16R,KB29R,VB33I",4.203995721306453,SKEMPI_2.0,A_B
3kud,"KB30A,FB6W,VB14E,NB16R,VB33I",3.962470342672658,SKEMPI_2.0,A_B
3kud,"KB30A,NB16R",0.766164290316579,SKEMPI_2.0,A_B
3kud,"KB30A,TA35A",3.038987353472539,SKEMPI_2.0,A_B
3kud,"KB30A,TA35A,NB16R",1.5160878199488077,SKEMPI_2.0,A_B
3kud,"KB30A,VB33I",2.7573872238808246,SKEMPI_2.0,A_B
3kud,"KB30A,YA32C,CA118S",2.895440923190663,SKEMPI_2.0,A_B
3kud,"KB30A,YA32C,CA118S,NB16R",1.6588861440035645,SKEMPI_2.0,A_B
3kud,NB16R,-0.7976373308758765,SKEMPI_2.0,A_B
3kud,TA35A,1.9902492020506144,SKEMPI_2.0,A_B
3kud,"TA35A,NB16R",1.4885421091709807,SKEMPI_2.0,A_B
3kud,"YA32C,CA118S",0.9096443945272568,SKEMPI_2.0,A_B
3kud,"YA32C,CA118S,NB16R",-0.0358974148176783,SKEMPI_2.0,A_B
3l5x,"EL93F,YL94G",-0.4279644161254616,SKEMPI_2.0,A_HL
3l5x,"EL93H,YL94G",-0.7625720083178565,SKEMPI_2.0,A_HL
3l5x,"HL91P,NL92I,EL93D,YL94A",-0.6466032968968073,SKEMPI_2.0,A_HL
3l5x,"HL91P,NL92L,EL93D,YL94S",-0.6327247084371785,SKEMPI_2.0,A_HL
3l5x,"HL91P,NL92L,EL93D,YL94T",-0.8099673766417569,SKEMPI_2.0,A_HL
3l5x,"HL91P,NL92L,EL93D,YL94V",-0.8581342447490679,SKEMPI_2.0,A_HL
3l5x,"HL91P,NL92L,YL94A",-0.4443678473625895,SKEMPI_2.0,A_HL
3l5x,"HL91Q,NL92D,EL93I,YL94G",-1.550220911660117,SKEMPI_2.0,A_HL
3l5x,"HL91Q,NL92D,EL93L,YL94G",-1.784948701356705,SKEMPI_2.0,A_HL
3l5x,"HL91Q,NL92D,EL93Y,YL94G",-1.4513038447248552,SKEMPI_2.0,A_HL
3l5x,"NL92D,EL93L,YL94G",-0.4295844609116926,SKEMPI_2.0,A_HL
3l5x,"NL92D,EL93N,YL94S",-0.5339835292204237,SKEMPI_2.0,A_HL
3l5x,"NL92D,EL93P,YL94G",-1.4698092882997664,SKEMPI_2.0,A_HL
3l5x,"NL92D,EL93R,YL94D",-0.5224855757142015,SKEMPI_2.0,A_HL
3l5x,"NL92D,EL93W,YL94E",-1.1962260797506945,SKEMPI_2.0,A_HL
3l5x,"NL92D,EL93W,YL94G",-1.6823500101255948,SKEMPI_2.0,A_HL
3l5x,"NL92D,EL93W,YL94S",-0.7160532145433846,SKEMPI_2.0,A_HL
3l5x,"NL92D,EL93Y,YL94A",-0.8068913905035847,SKEMPI_2.0,A_HL
3l5x,"NL92E,EL93S,YL94G",-1.265228782235066,SKEMPI_2.0,A_HL
3l5x,"NL92E,EL93W,YL94G",-1.550220911660117,SKEMPI_2.0,A_HL
3l5x,"NL92F,EL93W,YL94G",-1.232864115052671,SKEMPI_2.0,A_HL
3l5x,"NL92L,EL93D,YL94S",-0.6169839615980359,SKEMPI_2.0,A_HL
3l5x,"NL92L,EL93L,YL94G",-0.6259055236650358,SKEMPI_2.0,A_HL
3l5x,"NL92L,EL93M,YL94G",-0.8255916604354401,SKEMPI_2.0,A_HL
3l5x,"NL92L,EL93N,YL94G",-0.695365485943035,SKEMPI_2.0,A_HL
3l5x,"NL92S,EL93H,YL94G",-1.245598498325339,SKEMPI_2.0,A_HL
3l5x,"NL92S,EL93I,YL94G",-0.8068913905035847,SKEMPI_2.0,A_HL
3l5x,"NL92S,EL93S,YL94G",-0.2491871115803306,SKEMPI_2.0,A_HL
3l5x,"NL92S,EL93V,YL94G",-0.5168192549618122,SKEMPI_2.0,A_HL
3l5x,"NL92S,EL93W,YL94A",-0.3029969068837393,SKEMPI_2.0,A_HL
3l5x,"NL92S,EL93W,YL94G",-1.2719195426893566,SKEMPI_2.0,A_HL
3l5x,"NL92S,EL93Y,YL94G",-0.9640877664842286,SKEMPI_2.0,A_HL
3l5x,"NL92V,EL93G,YL94G",-0.4629524998199681,SKEMPI_2.0,A_HL
3l5x,"NL92V,EL93W,YL94G",-0.8351680308891009,SKEMPI_2.0,A_HL
3l5x,YL94A,-0.828766606379976,SKEMPI_2.0,A_HL
3lb6,FA103A,5.114491092257032,SKEMPI_2.0,A_C
3lb6,IA10A,3.721083120543801,SKEMPI_2.0,A_C
3lb6,KA100A,5.811226425695906,SKEMPI_2.0,A_C
3lb6,KA101A,2.5438712005213064,SKEMPI_2.0,A_C
3m62,DA46A,2.7984601869445536,SKEMPI_2.0,A_B
3m62,EA32A,0.8292600260517236,SKEMPI_2.0,A_B
3m62,EA55A,1.0509954357359257,SKEMPI_2.0,A_B
3m62,FB7A,0.995419407425166,SKEMPI_2.0,A_B
3m62,GA102A,1.264195755993608,SKEMPI_2.0,A_B
3m62,IA110A,1.8529183775996187,SKEMPI_2.0,A_B
3m62,IB43A,2.8821937040104624,SKEMPI_2.0,A_B
3m62,KB8A,0.4968535739020918,SKEMPI_2.0,A_B
3m62,LA50A,2.8277069215868345,SKEMPI_2.0,A_B
3m62,MB69A,0.6807479941051822,SKEMPI_2.0,A_B
3m62,QB50A,1.0538559533764038,SKEMPI_2.0,A_B
3m62,QB65A,0.2835647458491447,SKEMPI_2.0,A_B
3m62,RA98A,0.788258609248199,SKEMPI_2.0,A_B
3m62,SB45A,1.2780357249375602,SKEMPI_2.0,A_B
3m62,TA54A,0.0166807086947819,SKEMPI_2.0,A_B
3m62,VB48A,1.0898372922251205,SKEMPI_2.0,A_B
3m62,VB67A,1.1375424308935171,SKEMPI_2.0,A_B
3m62,YA103A,4.474755298014592,SKEMPI_2.0,A_B
3m63,DA46A,2.232976751803334,SKEMPI_2.0,A_B
3m63,EA33A,0.6459881896278193,SKEMPI_2.0,A_B
3m63,EA55A,0.3461610115784758,SKEMPI_2.0,A_B
3m63,FA113A,1.7905316769052126,SKEMPI_2.0,A_B
3m63,GA102A,0.1246380428329592,SKEMPI_2.0,A_B
3m63,"GB8F,QB9K,SB65Q,HB67V,VB69M",0.1870247435273652,SKEMPI_2.0,A_B
3m63,IA110A,1.088493078253958,SKEMPI_2.0,A_B
3m63,LA50A,0.5761037100324308,SKEMPI_2.0,A_B
3m63,RA98A,-0.1851907875417673,SKEMPI_2.0,A_B
3m63,TA54A,0.311205722655654,SKEMPI_2.0,A_B
3m63,VA106A,1.837927045229113,SKEMPI_2.0,A_B
3m63,YA103A,3.648567856459312,SKEMPI_2.0,A_B
3mzg,HA125A,-0.1143880241018878,SKEMPI_2.0,A_B
3mzg,HA14A,-0.019172497401212,SKEMPI_2.0,A_B
3mzg,HA160A,0.9231422195902632,SKEMPI_2.0,A_B
3mzg,HA167A,1.4872105360575825,SKEMPI_2.0,A_B
3mzg,"HA167A,HB188A",2.6528677650144847,SKEMPI_2.0,A_B
3mzg,HA17A,0.06199840213544,SKEMPI_2.0,A_B
3mzg,HA182A,0.3696117633879638,SKEMPI_2.0,A_B
3mzg,HA33A,0.1397717506236589,SKEMPI_2.0,A_B
3mzg,HA46A,0.4085188647512676,SKEMPI_2.0,A_B
3mzg,HA84A,0.0793176968583817,SKEMPI_2.0,A_B
3mzg,HB188A,1.7762345817952303,SKEMPI_2.0,A_B
3n06,AA14H,0.019172497401212,SKEMPI_2.0,A_B
3n4i,EA79D,4.39657389405282,SKEMPI_2.0,A_B
3n85,SH32A,-0.1340058860905748,SKEMPI_2.0,A_LH
3n85,SH32Y,0.0571166315765765,SKEMPI_2.0,A_LH
3n85,SH50G,0.4876210892003292,SKEMPI_2.0,A_LH
3n85,SH52Y,-0.784522786130468,SKEMPI_2.0,A_LH
3n85,WH100F,-0.0151835498693531,SKEMPI_2.0,A_LH
3n85,WH30K,-0.784522786130468,SKEMPI_2.0,A_LH
3n85,WH30R,-0.5539105716469158,SKEMPI_2.0,A_LH
3n85,WL91F,0.139577322458497,SKEMPI_2.0,A_LH
3n85,WL94Y,-0.0387148317112752,SKEMPI_2.0,A_LH
3ncb,AA167H,-1.487210536057583,SKEMPI_2.0,A_B
3ncc,AB188H,-1.7762345817952303,SKEMPI_2.0,A_B
3ngb,AH57G,-0.0560245796269338,SKEMPI_2.0,G_HL
3ngb,"AH57G,VH58T,PH63K,VH74T",1.673249331148919,SKEMPI_2.0,G_HL
3ngb,"CH32S,CH102A",0.2589713225228554,SKEMPI_2.0,G_HL
3ngb,DH103A,0.0598652714546047,SKEMPI_2.0,G_HL
3ngb,EL88A,1.319814809616361,SKEMPI_2.0,G_HL
3ngb,FL89A,0.8587730783476225,SKEMPI_2.0,G_HL
3ngb,GH55A,-1.2765279848681632,SKEMPI_2.0,G_HL
3ngb,GH55S,0.7429672146683627,SKEMPI_2.0,G_HL
3ngb,GH56A,1.26548068409245,SKEMPI_2.0,G_HL
3ngb,H:A56G,-0.06,AB-BIND,G_HL
3ngb,"H:A56G,H:V57T,H:P62K,H:V73T",1.67,AB-BIND,G_HL
3ngb,"H:C32S,H:C98A",0.26,AB-BIND,G_HL
3ngb,H:G54S,0.73,AB-BIND,G_HL
3ngb,H:I30T,0.08,AB-BIND,G_HL
3ngb,"H:I30T,H:K52N,H:R53N,H:G54S,H:A56G,H:V57T,H:R61Q,H:P62K,H:V73T,H:Y74S,L:Y28S",0.87,AB-BIND,G_HL
3ngb,H:K52N,0.18,AB-BIND,G_HL
3ngb,H:P62K,0.23,AB-BIND,G_HL
3ngb,H:R53N,0.05,AB-BIND,G_HL
3ngb,H:R61Q,0.1,AB-BIND,G_HL
3ngb,H:T33Y,0.08,AB-BIND,G_HL
3ngb,"H:T33Y,H:G55S,H:A56G,H:V57T,H:P62K,H:V73T,H:Y74S",1.91,AB-BIND,G_HL
3ngb,H:V57T,0.14,AB-BIND,G_HL
3ngb,H:V73T,0.16,AB-BIND,G_HL
3ngb,H:Y74S,0.33,AB-BIND,G_HL
3ngb,IH30A,-0.0027428794593967,SKEMPI_2.0,G_HL
3ngb,IH30T,0.073386261578166,SKEMPI_2.0,G_HL
3ngb,"IH30T,KH52N,RH54N,GH55S,AH57G,VH58T,RH62Q,PH63K,VH74T,YH75S,YL26S",0.8620559742911547,SKEMPI_2.0,G_HL
3ngb,KH52A,0.6228186943933116,SKEMPI_2.0,G_HL
3ngb,KH52N,0.1749520425239754,SKEMPI_2.0,G_HL
3ngb,MH70A,0.5304967030864939,SKEMPI_2.0,G_HL
3ngb,NH105A,1.1184592178496096,SKEMPI_2.0,G_HL
3ngb,NH59A,1.7669427835558815,SKEMPI_2.0,G_HL
3ngb,PH63A,-0.0425160831343998,SKEMPI_2.0,G_HL
3ngb,PH63K,0.2324993911208426,SKEMPI_2.0,G_HL
3ngb,QH65A,-0.3403533971904884,SKEMPI_2.0,G_HL
3ngb,QL25A,-0.2305846983855633,SKEMPI_2.0,G_HL
3ngb,RH54A,-0.2593575932455391,SKEMPI_2.0,G_HL
3ngb,RH54N,0.0464456872863242,SKEMPI_2.0,G_HL
3ngb,RH62A,0.995742471623146,SKEMPI_2.0,G_HL
3ngb,RH62Q,0.0965400023217793,SKEMPI_2.0,G_HL
3ngb,RH72A,1.6430488386195126,SKEMPI_2.0,G_HL
3ngb,SL28A,-0.1446969035095218,SKEMPI_2.0,G_HL
3ngb,TH33A,0.7070907612381565,SKEMPI_2.0,G_HL
3ngb,TH33Y,0.0841852113436676,SKEMPI_2.0,G_HL
3ngb,"TH33Y,GH56S,AH57G,VH58T,PH63K,VH74T,YH75S",1.937994674137792,SKEMPI_2.0,G_HL
3ngb,VH58A,1.358288796539929,SKEMPI_2.0,G_HL
3ngb,VH58T,0.1378580747387973,SKEMPI_2.0,G_HL
3ngb,VH74A,1.0878022172868849,SKEMPI_2.0,G_HL
3ngb,VH74T,0.1649223069599933,SKEMPI_2.0,G_HL
3ngb,VL1A,-0.7732837597818489,SKEMPI_2.0,G_HL
3ngb,WH106A,4.46204361153806,SKEMPI_2.0,G_HL
3ngb,WH47A,1.2020472266749835,SKEMPI_2.0,G_HL
3ngb,WH50A,1.291661374072001,SKEMPI_2.0,G_HL
3ngb,YH104A,1.4234399755220122,SKEMPI_2.0,G_HL
3ngb,YH60A,0.5483699562505313,SKEMPI_2.0,G_HL
3ngb,YH75A,-0.1993017660052005,SKEMPI_2.0,G_HL
3ngb,YH75S,0.3325367472321246,SKEMPI_2.0,G_HL
3ngb,YL26A,0.9851797270104096,SKEMPI_2.0,G_HL
3ngb,YL26S,0.6512018347605689,SKEMPI_2.0,G_HL
3ngb,YL87A,2.022580562315184,SKEMPI_2.0,G_HL
3nps,A:D214A,1.48,AB-BIND,A_BC
3nps,A:D46A,0.34,AB-BIND,A_BC
3nps,A:D47A,1.08,AB-BIND,A_BC
3nps,A:D91A,1.52,AB-BIND,A_BC
3nps,A:E163A,0.62,AB-BIND,A_BC
3nps,A:F50A,0.22,AB-BIND,A_BC
3nps,A:F89A,1.61,AB-BIND,A_BC
3nps,A:F92A,0.47,AB-BIND,A_BC
3nps,A:H138A,1.89,AB-BIND,A_BC
3nps,A:I26A,0.65,AB-BIND,A_BC
3nps,A:I45A,-0.34,AB-BIND,A_BC
3nps,A:K221A,-0.1,AB-BIND,A_BC
3nps,A:L147A,0.3,AB-BIND,A_BC
3nps,A:N90A,0.26,AB-BIND,A_BC
3nps,A:Q140A,0.3,AB-BIND,A_BC
3nps,A:Q168A,-0.06,AB-BIND,A_BC
3nps,A:Q169A,0.75,AB-BIND,A_BC
3nps,A:Q218A,-0.04,AB-BIND,A_BC
3nps,A:Q23A,0.03,AB-BIND,A_BC
3nps,A:R219A,-0.08,AB-BIND,A_BC
3nps,A:R48A,-1.07,AB-BIND,A_BC
3nps,A:R51A,0.14,AB-BIND,A_BC
3nps,A:R82A,-0.15,AB-BIND,A_BC
3nps,A:T144A,0.18,AB-BIND,A_BC
3nps,A:T93A,0.73,AB-BIND,A_BC
3nps,A:Y141A,1.79,AB-BIND,A_BC
3nps,A:Y52A,0.46,AB-BIND,A_BC
3nps,DA214A,1.466592383621809,SKEMPI_2.0,A_BC
3nps,DA46A,0.3399516598696178,SKEMPI_2.0,A_BC
3nps,DA47A,1.067360850472768,SKEMPI_2.0,A_BC
3nps,DA91A,1.506879311233182,SKEMPI_2.0,A_BC
3nps,EA163A,0.6152849725005701,SKEMPI_2.0,A_BC
3nps,FA50A,0.2195482118945176,SKEMPI_2.0,A_BC
3nps,FA89A,1.5712430621783324,SKEMPI_2.0,A_BC
3nps,FA92A,0.4634921565125279,SKEMPI_2.0,A_BC
3nps,HA138A,1.874899264801032,SKEMPI_2.0,A_BC
3nps,IA26A,0.6414766328369779,SKEMPI_2.0,A_BC
3nps,IA45A,-0.3317837514928105,SKEMPI_2.0,A_BC
3nps,KA221A,-0.1035997497958337,SKEMPI_2.0,A_BC
3nps,LA147A,0.2957059053548025,SKEMPI_2.0,A_BC
3nps,NA90A,0.253393194847911,SKEMPI_2.0,A_BC
3nps,QA140A,0.2957059053548025,SKEMPI_2.0,A_BC
3nps,QA168A,-0.0592177518431142,SKEMPI_2.0,A_BC
3nps,QA169A,0.7408315009012415,SKEMPI_2.0,A_BC
3nps,QA218A,-0.0409125537892184,SKEMPI_2.0,A_BC
3nps,QA23A,0.0263210443640175,SKEMPI_2.0,A_BC
3nps,RA219A,-0.0838932388719969,SKEMPI_2.0,A_BC
3nps,RA48A,-1.062631937602381,SKEMPI_2.0,A_BC
3nps,RA51A,0.1381541747574692,SKEMPI_2.0,A_BC
3nps,RA82A,-0.1515798514676689,SKEMPI_2.0,A_BC
3nps,TA144A,0.1749520425239754,SKEMPI_2.0,A_BC
3nps,TA93A,0.7237380170067531,SKEMPI_2.0,A_BC
3nps,YA141A,1.774691459480011,SKEMPI_2.0,A_BC
3nps,YA52A,0.4518434005096292,SKEMPI_2.0,A_BC
3nvn,RA193E,2.526875279756775,SKEMPI_2.0,B_A
3nvn,RB186S,1.289203421463219,SKEMPI_2.0,B_A
3nvq,RA157E,1.5709274332741845,SKEMPI_2.0,B_A
3nvq,RA159E,1.5861702980670138,SKEMPI_2.0,B_A
3q3j,YB100F,0.2111965078546658,SKEMPI_2.0,A_B
3q8d,FA227A,0.302473133298061,SKEMPI_2.0,A_E
3q8d,FA227D,3.029314134846446,SKEMPI_2.0,A_E
3q8d,RA12A,0.3589087688248767,SKEMPI_2.0,A_E
3q8d,RA131A,3.029314134846446,SKEMPI_2.0,A_E
3q8d,RA202A,0.4578258357601387,SKEMPI_2.0,A_E
3q8d,RA202E,1.3828362074030789,SKEMPI_2.0,A_E
3q8d,RA209A,1.3225680277521097,SKEMPI_2.0,A_E
3q8d,RA209E,3.029314134846446,SKEMPI_2.0,A_E
3q8d,RA228A,0.3589087688248767,SKEMPI_2.0,A_E
3q8d,RA228E,1.2060907480613707,SKEMPI_2.0,A_E
3q8d,RA97A,0.4578258357601387,SKEMPI_2.0,A_E
3qdg,AE52P,-0.0658595904152768,SKEMPI_2.0,ABC_DE
3qdg,DD26W,-1.561409189654947,SKEMPI_2.0,ABC_DE
3qdg,"DD26W,LE95W",-3.3529368735233454,SKEMPI_2.0,ABC_DE
3qdg,DD26Y,-1.7928512935525525,SKEMPI_2.0,ABC_DE
3qdg,"DD26Y,LE95W",-3.541501607515639,SKEMPI_2.0,ABC_DE
3qdg,FE97W,0.9339897079958324,SKEMPI_2.0,ABC_DE
3qdg,FE97Y,1.3937925940067153,SKEMPI_2.0,ABC_DE
3qdg,GD28I,0.8658541660276855,SKEMPI_2.0,ABC_DE
3qdg,GD28L,1.3878415288391248,SKEMPI_2.0,ABC_DE
3qdg,GD28N,0.8512330281049991,SKEMPI_2.0,ABC_DE
3qdg,GD28P,1.091319460708654,SKEMPI_2.0,ABC_DE
3qdg,GD28Y,1.5017499281448925,SKEMPI_2.0,ABC_DE
3qdg,LE95W,-0.702605497689291,SKEMPI_2.0,ABC_DE
3qdg,RD27P,0.1383294273706999,SKEMPI_2.0,ABC_DE
3qdg,RD27W,0.5961552631308386,SKEMPI_2.0,ABC_DE
3qdg,TE99F,-0.0386306092518488,SKEMPI_2.0,ABC_DE
3qdj,AC2L,2.2987338184541786,SKEMPI_2.0,ABC_DE
3qdj,AE52P,0.2070509179923197,SKEMPI_2.0,ABC_DE
3qdj,DD26W,-2.170668744178351,SKEMPI_2.0,ABC_DE
3qdj,"DD26W,LE95W",-2.529577513003228,SKEMPI_2.0,ABC_DE
3qdj,DD26Y,-1.3365010470616183,SKEMPI_2.0,ABC_DE
3qdj,"DD26Y,LE95W",-1.912905595916728,SKEMPI_2.0,ABC_DE
3qdj,FE97W,0.3894060340270019,SKEMPI_2.0,ABC_DE
3qdj,FE97Y,0.7780379908139787,SKEMPI_2.0,ABC_DE
3qdj,GD28I,-0.1052096447529037,SKEMPI_2.0,ABC_DE
3qdj,GD28L,0.6550893243052958,SKEMPI_2.0,ABC_DE
3qdj,GD28N,0.4104304674362382,SKEMPI_2.0,ABC_DE
3qdj,GD28P,1.2243658730678952,SKEMPI_2.0,ABC_DE
3qdj,GD28Y,0.556172257370034,SKEMPI_2.0,ABC_DE
3qdj,LE95W,-0.8072482434041585,SKEMPI_2.0,ABC_DE
3qdj,RD27P,0.0399337358323354,SKEMPI_2.0,ABC_DE
3qdj,RD27W,0.2166791951740435,SKEMPI_2.0,ABC_DE
3qdj,TE99F,-0.275553679585487,SKEMPI_2.0,ABC_DE
3qfj,FC5Y,-0.1583399249953877,SKEMPI_2.0,ABC_DE
3qhy,DB127A,0.3800583742037154,SKEMPI_2.0,A_B
3qhy,DB12A,2.2540238334177403,SKEMPI_2.0,A_B
3qhy,DB130A,0.960832876472537,SKEMPI_2.0,A_B
3qhy,DB166A,3.4961802378095,SKEMPI_2.0,A_B
3qhy,DB91A,1.8883511976504253,SKEMPI_2.0,A_B
3qhy,EB228A,3.0112784461553552,SKEMPI_2.0,A_B
3qhy,FB169A,2.061332769137986,SKEMPI_2.0,A_B
3qhy,FB190A,3.073787222100168,SKEMPI_2.0,A_B
3qhy,FB34A,3.9823041681844,SKEMPI_2.0,A_B
3qhy,IB189A,3.066046902730017,SKEMPI_2.0,A_B
3qhy,LB51A,0.815905876668072,SKEMPI_2.0,A_B
3qhy,NB10A,2.2540238334177403,SKEMPI_2.0,A_B
3qhy,NB264A,2.6943876197055494,SKEMPI_2.0,A_B
3qhy,NB72A,1.6048213090562775,SKEMPI_2.0,A_B
3qhy,RB246A,0.5346114465645269,SKEMPI_2.0,A_B
3qhy,SB129A,-0.0847337301415773,SKEMPI_2.0,A_B
3qhy,TB17A,0.0564356355268157,SKEMPI_2.0,A_B
3qhy,WB112A,3.787788369024516,SKEMPI_2.0,A_B
3qhy,WB13A,2.862119713822948,SKEMPI_2.0,A_B
3qhy,WB229A,5.42951023876947,SKEMPI_2.0,A_B
3qhy,YB151A,3.421708913591593,SKEMPI_2.0,A_B
3qhy,YB168A,1.7424391451234027,SKEMPI_2.0,A_B
3qhy,YB208A,0.2400864326036549,SKEMPI_2.0,A_B
3qhy,YB33A,2.901609410639349,SKEMPI_2.0,A_B
3qhy,YB73A,0.8007869446849619,SKEMPI_2.0,A_B
3qib,AA61G,0.8917983401127243,SKEMPI_2.0,ABP_CD
3qib,AA64G,0.6096644270178107,SKEMPI_2.0,ABP_CD
3qib,AA68G,0.8446019054375957,SKEMPI_2.0,ABP_CD
3qib,AB71G,2.202828285186424,SKEMPI_2.0,ABP_CD
3qib,DB74A,0.8624307017436323,SKEMPI_2.0,ABP_CD
3qib,EA75A,0.0,SKEMPI_2.0,ABP_CD
3qib,EB57A,0.0,SKEMPI_2.0,ABP_CD
3qib,EB64A,1.2121447827101353,SKEMPI_2.0,ABP_CD
3qib,EB67A,1.820417608617388,SKEMPI_2.0,ABP_CD
3qib,HB79A,0.0515216986113615,SKEMPI_2.0,ABP_CD
3qib,KA67A,0.5657831698983158,SKEMPI_2.0,ABP_CD
3qib,"KA67A,EB64A",1.506218824828949,SKEMPI_2.0,ABP_CD
3qib,KP8A,3.137271468984624,SKEMPI_2.0,ABP_CD
3qib,KP8R,2.2358031342580302,SKEMPI_2.0,ABP_CD
3qib,LD95P,-0.369520369383698,SKEMPI_2.0,ABP_CD
3qib,NC94P,0.786380009424274,SKEMPI_2.0,ABP_CD
3qib,QA57A,0.2646886775024425,SKEMPI_2.0,ABP_CD
3qib,QB62A,1.762985966127386,SKEMPI_2.0,ABP_CD
3qib,RC89P,-0.1193027630224251,SKEMPI_2.0,ABP_CD
3qib,SB61A,0.0263210443640175,SKEMPI_2.0,ABP_CD
3qib,TB75A,0.7494339669751551,SKEMPI_2.0,ABP_CD
3qib,TP11A,3.137271468984624,SKEMPI_2.0,ABP_CD
3qib,TP11N,1.2231613981597744,SKEMPI_2.0,ABP_CD
3qib,TP11S,1.075130704269816,SKEMPI_2.0,ABP_CD
3qib,YP6A,3.137271468984624,SKEMPI_2.0,ABP_CD
3qib,YP6F,0.1079573341381772,SKEMPI_2.0,ABP_CD
3qib,"YP6F,TP11S",1.2163000699382092,SKEMPI_2.0,ABP_CD
3r9a,AA323W,0.3385695486217293,SKEMPI_2.0,AC_B
3r9a,GA165R,0.0486953161566652,SKEMPI_2.0,AC_B
3r9a,VA331D,0.0,SKEMPI_2.0,AC_B
3r9a,YA325A,1.0140217540360517,SKEMPI_2.0,AC_B
3r9a,YA325W,0.4820496528324071,SKEMPI_2.0,AC_B
3rf3,AC8K,1.7282803347666595,SKEMPI_2.0,A_C
3s9d,AA116G,2.104252624778784,SKEMPI_2.0,A_B
3s9d,AA116M,1.0721723198618691,SKEMPI_2.0,A_B
3s9d,AA12W,-0.1809654137893768,SKEMPI_2.0,A_B
3s9d,"AA43H,AA44E,AA47Q",-0.0087083630958308,SKEMPI_2.0,A_B
3s9d,"AA43Y,AA44N,AA47S",-0.1907140140290104,SKEMPI_2.0,A_B
3s9d,AB67M,-0.1677181946091761,SKEMPI_2.0,A_B
3s9d,DA25A,0.6450644075930955,SKEMPI_2.0,A_B
3s9d,DA28A,0.3012058715877698,SKEMPI_2.0,A_B
3s9d,DB121R,-0.0804725060450329,SKEMPI_2.0,A_B
3s9d,DB40A,0.0,SKEMPI_2.0,A_B
3s9d,DB91A,1.337185571303161,SKEMPI_2.0,A_B
3s9d,"DB91A,FA20A",2.3835153952282413,SKEMPI_2.0,A_B
3s9d,"DB91A,LA124A",3.0197635084418315,SKEMPI_2.0,A_B
3s9d,"DB91A,LA19A",2.9427556698247392,SKEMPI_2.0,A_B
3s9d,"DB91A,RA115A",3.670280408481725,SKEMPI_2.0,A_B
3s9d,"DB91A,SA123A",2.67746858297374,SKEMPI_2.0,A_B
3s9d,EA103A,-0.1694765179524094,SKEMPI_2.0,A_B
3s9d,EA34A,0.0,SKEMPI_2.0,A_B
3s9d,EA82A,0.1703440348325832,SKEMPI_2.0,A_B
3s9d,EB17R,0.0,SKEMPI_2.0,A_B
3s9d,EB39A,0.2055111487852328,SKEMPI_2.0,A_B
3s9d,EB39R,0.650516900039893,SKEMPI_2.0,A_B
3s9d,EB66A,2.4143394028971934,SKEMPI_2.0,A_B
3s9d,"EB66A,AA116G",5.038495477962117,SKEMPI_2.0,A_B
3s9d,"EB66A,LA124A",3.7677143788370016,SKEMPI_2.0,A_B
3s9d,"EB66A,LA23A",6.054826484562018,SKEMPI_2.0,A_B
3s9d,"EB66A,LA8A",4.090261502322577,SKEMPI_2.0,A_B
3s9d,"EB66A,MA119A",4.978227298311148,SKEMPI_2.0,A_B
3s9d,"EB66A,RA115A",4.656044672220893,SKEMPI_2.0,A_B
3s9d,"EB66A,RA120A",3.630458616311696,SKEMPI_2.0,A_B
3s9d,"EB66A,SA123A",3.541750871253271,SKEMPI_2.0,A_B
3s9d,FA20A,0.7102008757271778,SKEMPI_2.0,A_B
3s9d,FA50A,0.1703440348325832,SKEMPI_2.0,A_B
3s9d,HA27A,0.54077036582628,SKEMPI_2.0,A_B
3s9d,HB166A,0.0,SKEMPI_2.0,A_B
3s9d,HB65A,0.8233055235651235,SKEMPI_2.0,A_B
3s9d,"HB65A,LA124A",2.9378006116203346,SKEMPI_2.0,A_B
3s9d,"HB65A,LA19A",3.0548107781027025,SKEMPI_2.0,A_B
3s9d,"HB65A,LA8A",4.0145680393839145,SKEMPI_2.0,A_B
3s9d,"HB65A,RA120A",3.844224004551332,SKEMPI_2.0,A_B
3s9d,"HB65A,RA5A",2.2131713603956578,SKEMPI_2.0,A_B
3s9d,"HB65A,SA123A",1.1350597186609153,SKEMPI_2.0,A_B
3s9d,HB84A,0.043740257952261,SKEMPI_2.0,A_B
3s9d,IA17A,-0.1072948946736991,SKEMPI_2.0,A_B
3s9d,IB34A,1.8515273194414688,SKEMPI_2.0,A_B
3s9d,"IB34A,AA116G",4.471565147227111,SKEMPI_2.0,A_B
3s9d,"IB34A,LA124A",3.5594275869112386,SKEMPI_2.0,A_B
3s9d,"IB34A,MA119A",4.232721371952572,SKEMPI_2.0,A_B
3s9d,"IB34A,RA115A",4.268837808781255,SKEMPI_2.0,A_B
3s9d,"IB34A,RA120A",4.9990057811457165,SKEMPI_2.0,A_B
3s9d,"IB34A,SA123A",3.005142370519145,SKEMPI_2.0,A_B
3s9d,IB90A,1.616245245500216,SKEMPI_2.0,A_B
3s9d,"IB90A,FA20A",2.814724345499048,SKEMPI_2.0,A_B
3s9d,"IB90A,LA124A",3.344904519745443,SKEMPI_2.0,A_B
3s9d,"IB90A,LA19A",3.0340322952681342,SKEMPI_2.0,A_B
3s9d,"IB90A,LA23A",5.446533513860847,SKEMPI_2.0,A_B
3s9d,"IB90A,LA8A",3.738415950449872,SKEMPI_2.0,A_B
3s9d,"IB90A,MA119A",4.033114888923669,SKEMPI_2.0,A_B
3s9d,"IB90A,RA115A",3.523530172093561,SKEMPI_2.0,A_B
3s9d,"IB90A,RA120A",4.905769177227155,SKEMPI_2.0,A_B
3s9d,"IB90A,SA123A",3.2550162325699628,SKEMPI_2.0,A_B
3s9d,KA102A,0.2360491810119616,SKEMPI_2.0,A_B
3s9d,KA104A,0.7550576625965636,SKEMPI_2.0,A_B
3s9d,KA105A,0.1304656292358118,SKEMPI_2.0,A_B
3s9d,KA24A,0.6188692160337547,SKEMPI_2.0,A_B
3s9d,KA56A,0.0,SKEMPI_2.0,A_B
3s9d,KA69A,0.0,SKEMPI_2.0,A_B
3s9d,KA92A,0.0150083555035952,SKEMPI_2.0,A_B
3s9d,KB37A,0.5039222785554458,SKEMPI_2.0,A_B
3s9d,KB42A,0.4844595712132903,SKEMPI_2.0,A_B
3s9d,LA124A,1.4467549255595251,SKEMPI_2.0,A_B
3s9d,LA19A,1.104700375530435,SKEMPI_2.0,A_B
3s9d,LA23A,3.807793942790372,SKEMPI_2.0,A_B
3s9d,LA23V,2.4357511383962884,SKEMPI_2.0,A_B
3s9d,LA66A,0.302473133298061,SKEMPI_2.0,A_B
3s9d,LA8A,1.5355574178820828,SKEMPI_2.0,A_B
3s9d,LA99A,-0.0623867006944061,SKEMPI_2.0,A_B
3s9d,MA119A,2.253502104880479,SKEMPI_2.0,A_B
3s9d,MA9A,0.0620904895641443,SKEMPI_2.0,A_B
3s9d,MB35A,2.9981207844992426,SKEMPI_2.0,A_B
3s9d,MB35V,2.373723108282807,SKEMPI_2.0,A_B
3s9d,"MB35V,AA116G",5.297381140303991,SKEMPI_2.0,A_B
3s9d,"MB35V,LA124A",4.530708680766006,SKEMPI_2.0,A_B
3s9d,"MB35V,LA19A",4.314343555259863,SKEMPI_2.0,A_B
3s9d,"MB35V,LA23A",7.110025010764408,SKEMPI_2.0,A_B
3s9d,"MB35V,LA8A",4.424998506820153,SKEMPI_2.0,A_B
3s9d,"MB35V,MA119A",5.45368200309677,SKEMPI_2.0,A_B
3s9d,"MB35V,RA115A",3.703054638882939,SKEMPI_2.0,A_B
3s9d,"MB35V,RA120A",6.0633464301145805,SKEMPI_2.0,A_B
3s9d,"MB35V,SA123A",4.078298954049483,SKEMPI_2.0,A_B
3s9d,NA127A,-0.0423668650707886,SKEMPI_2.0,A_B
3s9d,NA51A,0.0,SKEMPI_2.0,A_B
3s9d,NA79A,0.1703440348325832,SKEMPI_2.0,A_B
3s9d,NB85A,-0.1716628031600718,SKEMPI_2.0,A_B
3s9d,QA33A,0.0194157066288863,SKEMPI_2.0,A_B
3s9d,QA48A,0.0,SKEMPI_2.0,A_B
3s9d,QA76A,0.1703440348325832,SKEMPI_2.0,A_B
3s9d,RA115A,2.1463119692114128,SKEMPI_2.0,A_B
3s9d,RA120A,3.020578778680183,SKEMPI_2.0,A_B
3s9d,"RA120A,EB66A",3.6004915712768817,SKEMPI_2.0,A_B
3s9d,RA15A,0.1951782386243618,SKEMPI_2.0,A_B
3s9d,RA16A,0.2276195659581421,SKEMPI_2.0,A_B
3s9d,RA26A,5.123104823765996,SKEMPI_2.0,A_B
3s9d,RA26K,4.585863987175107,SKEMPI_2.0,A_B
3s9d,RA26Q,6.078654887905501,SKEMPI_2.0,A_B
3s9d,RA5A,0.6215282793993512,SKEMPI_2.0,A_B
3s9d,RA91K,0.0307667123740861,SKEMPI_2.0,A_B
3s9d,RA96A,0.2104196908760155,SKEMPI_2.0,A_B
3s9d,RB62A,0.1703440348325832,SKEMPI_2.0,A_B
3s9d,SA123A,1.1220668064602464,SKEMPI_2.0,A_B
3s9d,SA18A,-0.0986434126654144,SKEMPI_2.0,A_B
3s9d,SA21A,0.0,SKEMPI_2.0,A_B
3s9d,SA54A,0.0,SKEMPI_2.0,A_B
3s9d,SA59A,0.1703440348325832,SKEMPI_2.0,A_B
3s9d,SB36A,0.5047128344323849,SKEMPI_2.0,A_B
3s9d,SB63A,0.2937725472773974,SKEMPI_2.0,A_B
3s9d,TA55A,0.0,SKEMPI_2.0,A_B
3s9d,TA65A,0.1703440348325832,SKEMPI_2.0,A_B
3s9d,TA72A,0.1703440348325832,SKEMPI_2.0,A_B
3s9d,TB33A,1.7302187062618064,SKEMPI_2.0,A_B
3s9d,"TB33A,AA116G",4.348999114657429,SKEMPI_2.0,A_B
3s9d,"TB33A,FA20A",3.0197635084418315,SKEMPI_2.0,A_B
3s9d,"TB33A,LA124A",3.310568756821972,SKEMPI_2.0,A_B
3s9d,"TB33A,LA19A",3.392941064093011,SKEMPI_2.0,A_B
3s9d,"TB33A,LA23A",5.958089789369748,SKEMPI_2.0,A_B
3s9d,"TB33A,LA8A",3.57659186116985,SKEMPI_2.0,A_B
3s9d,"TB33A,MA119A",4.461528873061009,SKEMPI_2.0,A_B
3s9d,"TB33A,RA115A",4.046015747807762,SKEMPI_2.0,A_B
3s9d,"TB33A,RA120A",5.265709099238703,SKEMPI_2.0,A_B
3s9d,"TB33A,SA123A",3.0615780060459605,SKEMPI_2.0,A_B
3s9d,TB64A,0.255669595108388,SKEMPI_2.0,A_B
3s9d,VB69A,2.3164105341121464,SKEMPI_2.0,A_B
3s9d,WB61F,0.7246292512246769,SKEMPI_2.0,A_B
3s9d,WB87A,1.111641438937439,SKEMPI_2.0,A_B
3s9d,"WB87A,LA124A",2.9427556698247392,SKEMPI_2.0,A_B
3s9d,"WB87A,LA8A",3.0748847682902167,SKEMPI_2.0,A_B
3s9d,"WB87A,MA119A",3.844224004551332,SKEMPI_2.0,A_B
3s9d,"WB87A,RA5A",2.3396341381087464,SKEMPI_2.0,A_B
3s9d,"WB87A,SA123A",2.7500646055449844,SKEMPI_2.0,A_B
3s9d,YA71A,0.302473133298061,SKEMPI_2.0,A_B
3s9d,YA75A,0.302473133298061,SKEMPI_2.0,A_B
3s9d,YB32A,1.307576695381604,SKEMPI_2.0,A_B
3se3,DA117A,0.5425595659017161,SKEMPI_2.0,B_C
3se3,EA96A,0.7126667029515835,SKEMPI_2.0,B_C
3se3,FA223A,1.4964962437258706,SKEMPI_2.0,B_C
3se3,FA273A,0.0,SKEMPI_2.0,B_C
3se3,FA81A,0.4104304674362382,SKEMPI_2.0,B_C
3se3,KA98A,1.4964962437258706,SKEMPI_2.0,B_C
3se3,LA116A,0.0,SKEMPI_2.0,B_C
3se3,NA140T,0.1330757429516783,SKEMPI_2.0,B_C
3se3,NA227A,0.5425595659017161,SKEMPI_2.0,B_C
3se3,NA230A,0.2109596100719501,SKEMPI_2.0,B_C
3se3,NA53A,-0.3475702553211565,SKEMPI_2.0,B_C
3se3,RA226A,0.4104304674362382,SKEMPI_2.0,B_C
3se3,SA120A,0.5425595659017161,SKEMPI_2.0,B_C
3se3,SA167A,-0.2389033632790169,SKEMPI_2.0,B_C
3se3,TA166A,-0.1563008627927783,SKEMPI_2.0,B_C
3se3,YA148A,0.4104304674362382,SKEMPI_2.0,B_C
3se3,YA55A,1.4964962437258706,SKEMPI_2.0,B_C
3se3,"YB43A,NB44A,SB47A",0.4510223305115672,SKEMPI_2.0,B_C
3se3,"YB43A,NB44E,SB47Q",1.9165332611718964,SKEMPI_2.0,B_C
3se3,"YB43H,NB44A,SB47Q",1.4443582889036328,SKEMPI_2.0,B_C
3se3,"YB43H,NB44E,SB47A",1.8228536694094164,SKEMPI_2.0,B_C
3se3,"YB43H,NB44E,SB47Q",1.3235482448706086,SKEMPI_2.0,B_C
3se3,"YB43H,NB44E,SB47Q,DB57A",2.439230261783149,SKEMPI_2.0,B_C
3se3,"YB43H,NB44E,SB47Q,EB82A",2.7606893471735456,SKEMPI_2.0,B_C
3se3,"YB43H,NB44E,SB47Q,FB50A",2.8496424789122656,SKEMPI_2.0,B_C
3se3,"YB43H,NB44E,SB47Q,IB88A",2.325809556854664,SKEMPI_2.0,B_C
3se3,"YB43H,NB44E,SB47Q,KB103A",2.6800374633587114,SKEMPI_2.0,B_C
3se3,"YB43H,NB44E,SB47Q,KB56A",2.6948922760027942,SKEMPI_2.0,B_C
3se3,"YB43H,NB44E,SB47Q,KB69A",2.364407927044688,SKEMPI_2.0,B_C
3se3,"YB43H,NB44E,SB47Q,KB93A",2.609333041005593,SKEMPI_2.0,B_C
3se3,"YB43H,NB44E,SB47Q,LB66A",3.4153182994270628,SKEMPI_2.0,B_C
3se3,"YB43H,NB44E,SB47Q,LB89A",2.8965926141204448,SKEMPI_2.0,B_C
3se3,"YB43H,NB44E,SB47Q,NB51A",3.093191602027954,SKEMPI_2.0,B_C
3se3,"YB43H,NB44E,SB47Q,NB79A",2.8272970462190368,SKEMPI_2.0,B_C
3se3,"YB43H,NB44E,SB47Q,QB48A",2.4897298054653776,SKEMPI_2.0,B_C
3se3,"YB43H,NB44E,SB47Q,QB76A",2.3482379640406696,SKEMPI_2.0,B_C
3se3,"YB43H,NB44E,SB47Q,RB92A",2.834798335686562,SKEMPI_2.0,B_C
3se3,"YB43H,NB44E,SB47Q,RB92K",2.609333041005593,SKEMPI_2.0,B_C
3se3,"YB43H,NB44E,SB47Q,SB54A",2.5451412032945555,SKEMPI_2.0,B_C
3se3,"YB43H,NB44E,SB47Q,SB59A",2.774838394480927,SKEMPI_2.0,B_C
3se3,"YB43H,NB44E,SB47Q,TB55A",2.9089747074143566,SKEMPI_2.0,B_C
3se3,"YB43H,NB44E,SB47Q,TB65A",2.3583718441885884,SKEMPI_2.0,B_C
3se3,"YB43H,NB44E,SB47Q,TB72A",2.7410001016687366,SKEMPI_2.0,B_C
3se3,"YB43H,NB44E,SB47Q,VB85A",2.48675456894473,SKEMPI_2.0,B_C
3se3,"YB43H,NB44E,SB47Q,YB71A",2.9842084929022,SKEMPI_2.0,B_C
3se3,"YB43H,NB44E,SB47Q,YB75A",3.125308920711529,SKEMPI_2.0,B_C
3se3,"YB43M,NB44D,SB47L",0.7129036007342993,SKEMPI_2.0,B_C
3se4,DA117A,0.1321290984654777,SKEMPI_2.0,B_A
3se4,EC69A,1.3820650087383104,SKEMPI_2.0,B_A
3se4,FA223A,1.3634205007741924,SKEMPI_2.0,B_A
3se4,FA273A,0.2107522467359137,SKEMPI_2.0,B_A
3se4,HC172A,-0.4104304674362382,SKEMPI_2.0,B_A
3se4,HC68A,-0.6099013248005264,SKEMPI_2.0,B_A
3se4,IC95A,1.2086596284463422,SKEMPI_2.0,B_A
3se4,KB134A,1.1800383445905984,SKEMPI_2.0,B_A
3se4,"KB134A,EC69A",1.901224008977494,SKEMPI_2.0,B_A
3se4,KB134R,-0.5775983888005667,SKEMPI_2.0,B_A
3se4,"KB134R,EC69A",1.4007095167024286,SKEMPI_2.0,B_A
3se4,LA116A,0.1321290984654777,SKEMPI_2.0,B_A
3se4,LB31A,1.3574392266376454,SKEMPI_2.0,B_A
3se4,MB130A,0.2986107763284412,SKEMPI_2.0,B_A
3se4,MC38A,1.66530121181173,SKEMPI_2.0,B_A
3se4,MC38V,1.1647783713268474,SKEMPI_2.0,B_A
3se4,NA140T,0.4104304674362382,SKEMPI_2.0,B_A
3se4,NA227A,0.0,SKEMPI_2.0,B_A
3se4,NA230A,0.3027691223069735,SKEMPI_2.0,B_A
3se4,PB27A,-0.060337813624513,SKEMPI_2.0,B_A
3se4,PB27L,0.513432743370011,SKEMPI_2.0,B_A
3se4,RA226A,0.3027691223069735,SKEMPI_2.0,B_A
3se4,SA120A,0.0,SKEMPI_2.0,B_A
3se4,SC39A,0.2117883379888932,SKEMPI_2.0,B_A
3se4,TA166A,-0.5425595659017161,SKEMPI_2.0,B_A
3se4,TC36A,1.3634205007741924,SKEMPI_2.0,B_A
3se4,VC72A,1.1647783713268474,SKEMPI_2.0,B_A
3se4,YA148A,-0.2783013689707604,SKEMPI_2.0,B_A
3se4,YA55A,1.3634205007741924,SKEMPI_2.0,B_A
3se8,DH110A,-0.389308997541942,SKEMPI_2.0,HL_G
3se8,DH114A,-0.2441147284527095,SKEMPI_2.0,HL_G
3se8,DL49A,0.8557608844470957,SKEMPI_2.0,HL_G
3se8,EL1A,-0.5564602385100388,SKEMPI_2.0,HL_G
3se8,EL91A,1.5133355913673543,SKEMPI_2.0,HL_G
3se8,FH115A,1.067494693509483,SKEMPI_2.0,HL_G
3se8,FL90A,-0.8640084243802151,SKEMPI_2.0,HL_G
3se8,FL92A,0.8322398854806086,SKEMPI_2.0,HL_G
3se8,GH56A,0.3570605375328258,SKEMPI_2.0,HL_G
3se8,KH52A,1.1113002631081157,SKEMPI_2.0,HL_G
3se8,LH54A,0.054770559758318,SKEMPI_2.0,HL_G
3se8,NL30A,0.1943292713192848,SKEMPI_2.0,HL_G
3se8,PH78A,0.0188159375946246,SKEMPI_2.0,HL_G
3se8,PH81A,-0.0709125722303178,SKEMPI_2.0,HL_G
3se8,QH63A,1.114310574379608,SKEMPI_2.0,HL_G
3se8,QH65A,0.5497485693077951,SKEMPI_2.0,HL_G
3se8,QH76A,0.0968898975735831,SKEMPI_2.0,HL_G
3se8,QL27A,-0.2161068413195503,SKEMPI_2.0,HL_G
3se8,RH30A,-0.0394935654906912,SKEMPI_2.0,HL_G
3se8,RH62A,1.2060453026953817,SKEMPI_2.0,HL_G
3se8,RH72A,2.6441907324595,SKEMPI_2.0,HL_G
3se8,SH59A,1.150721970748271,SKEMPI_2.0,HL_G
3se8,VH58A,1.24955677015571,SKEMPI_2.0,HL_G
3se8,WH47A,1.4749951487643174,SKEMPI_2.0,HL_G
3se8,WH50A,1.3333890363101204,SKEMPI_2.0,HL_G
3se8,WH55A,0.761027407391038,SKEMPI_2.0,HL_G
3se8,YH111A,0.8298364451630494,SKEMPI_2.0,HL_G
3se8,YH60A,0.8557608844470957,SKEMPI_2.0,HL_G
3se9,DH77A,-0.7664029877455828,SKEMPI_2.0,HL_G
3se9,EL90A,0.4173168846751012,SKEMPI_2.0,HL_G
3se9,FL91A,0.0236132617817777,SKEMPI_2.0,HL_G
3se9,GH106A,-0.3075481858701762,SKEMPI_2.0,HL_G
3se9,GH107A,-0.6150963717403524,SKEMPI_2.0,HL_G
3se9,GH109A,0.185124545814957,SKEMPI_2.0,HL_G
3se9,GH57A,0.4523983217691303,SKEMPI_2.0,HL_G
3se9,GH62A,0.0463352413874586,SKEMPI_2.0,HL_G
3se9,GL29A,0.4636521260625599,SKEMPI_2.0,HL_G
3se9,LH34A,0.5659417100546337,SKEMPI_2.0,HL_G
3se9,LL89A,0.9641439416737604,SKEMPI_2.0,HL_G
3se9,NH60A,1.5216052411038214,SKEMPI_2.0,HL_G
3se9,PH64A,-0.4418942155179605,SKEMPI_2.0,HL_G
3se9,RH67A,1.4693939243064795,SKEMPI_2.0,HL_G
3se9,RH74A,2.678981971257185,SKEMPI_2.0,HL_G
3se9,RH76A,-0.2321923388601443,SKEMPI_2.0,HL_G
3se9,TH105A,-0.4418942155179605,SKEMPI_2.0,HL_G
3se9,TH56A,-0.8592111001930618,SKEMPI_2.0,HL_G
3se9,VH55A,-0.8592111001930618,SKEMPI_2.0,HL_G
3se9,VH59A,0.9832585947297348,SKEMPI_2.0,HL_G
3se9,VL3A,-0.4942803721597141,SKEMPI_2.0,HL_G
3se9,WH48A,1.0583376956994996,SKEMPI_2.0,HL_G
3se9,WH51A,1.2755639158070815,SKEMPI_2.0,HL_G
3se9,YH104A,0.4636521260625599,SKEMPI_2.0,HL_G
3se9,YL28A,1.1176046243775195,SKEMPI_2.0,HL_G
3sek,FC47A,2.228162692766164,SKEMPI_2.0,B_C
3sek,FC47E,4.453296601434915,SKEMPI_2.0,B_C
3sek,LC11E,2.885687082874746,SKEMPI_2.0,B_C
3sek,LC44A,2.6794456332244843,SKEMPI_2.0,B_C
3sek,LC44E,4.453296601434915,SKEMPI_2.0,B_C
3sek,LC48A,3.40697037188147,SKEMPI_2.0,B_C
3sek,LC48E,4.21321016883126,SKEMPI_2.0,B_C
3sf4,ED19R,1.9253957733047944,SKEMPI_2.0,A_D
3sf4,KD27D,0.4104304674362382,SKEMPI_2.0,A_D
3sf4,NA264R,1.2250910734034923,SKEMPI_2.0,A_D
3sf4,RA202E,2.363805902436047,SKEMPI_2.0,A_D
3sf4,WD8A,3.072137078904944,SKEMPI_2.0,A_D
3sgb,AI9C,0.0409564661560047,SKEMPI_2.0,E_I
3sgb,AI9D,0.469725110916006,SKEMPI_2.0,E_I
3sgb,"AI9D,GI26A",1.0659668231128718,SKEMPI_2.0,E_I
3sgb,"AI9D,GI26A,NI27S",2.153328156344249,SKEMPI_2.0,E_I
3sgb,"AI9D,LI12A",2.583077788740317,SKEMPI_2.0,E_I
3sgb,"AI9D,LI12A,YI14D",5.687958555392714,SKEMPI_2.0,E_I
3sgb,AI9E,0.6620971153142761,SKEMPI_2.0,E_I
3sgb,AI9F,-1.164151480224184,SKEMPI_2.0,E_I
3sgb,AI9G,2.451741247584617,SKEMPI_2.0,E_I
3sgb,"AI9G,LI12M,LI17V,KI23I,EI37K",3.1842786865036907,SKEMPI_2.0,E_I
3sgb,"AI9G,TI11M,LI12M,YI14R,RI15L,GI26N,NI27D,SI45N,KI49E",7.89719503447234,SKEMPI_2.0,E_I
3sgb,AI9H,-0.4468595167257743,SKEMPI_2.0,E_I
3sgb,AI9I,-0.4468595167257743,SKEMPI_2.0,E_I
3sgb,AI9K,2.456629794940641,SKEMPI_2.0,E_I
3sgb,AI9L,0.1664234723196141,SKEMPI_2.0,E_I
3sgb,AI9M,0.0877156550393159,SKEMPI_2.0,E_I
3sgb,AI9N,-0.0878797679116515,SKEMPI_2.0,E_I
3sgb,AI9P,0.5449864403234878,SKEMPI_2.0,E_I
3sgb,AI9Q,0.4241816935433128,SKEMPI_2.0,E_I
3sgb,AI9R,2.007216669769352,SKEMPI_2.0,E_I
3sgb,"AI9R,LI12R",5.076634663237044,SKEMPI_2.0,E_I
3sgb,"AI9R,TI11K,LI12R",6.685544968000481,SKEMPI_2.0,E_I
3sgb,"AI9R,TI11K,LI12R,EI13S",7.0942230862969975,SKEMPI_2.0,E_I
3sgb,"AI9R,TI11K,LI12R,RI15L",6.884790526838834,SKEMPI_2.0,E_I
3sgb,"AI9R,TI11P,LI12R",8.448269838412369,SKEMPI_2.0,E_I
3sgb,AI9S,0.8982600377293012,SKEMPI_2.0,E_I
3sgb,AI9T,0.3264488221589249,SKEMPI_2.0,E_I
3sgb,"AI9T,LI12M",0.469725110916006,SKEMPI_2.0,E_I
3sgb,AI9V,-0.7120536866301529,SKEMPI_2.0,E_I
3sgb,"AI9V,TI11S",1.5852378323343876,SKEMPI_2.0,E_I
3sgb,"AI9V,TI11S,RI15M,NI22S,KI23Q,GI26S,KI28E,EI37D",4.418672088533332,SKEMPI_2.0,E_I
3sgb,AI9W,-1.531969679541275,SKEMPI_2.0,E_I
3sgb,AI9Y,-1.6242722857972796,SKEMPI_2.0,E_I
3sgb,"DI1N,EI4D,AI9V,TI11S,EI13L,RI15M,VI36A,EI37D",2.6023593409984995,SKEMPI_2.0,E_I
3sgb,"DI1N,EI4G,LI12M,RI15M,EI37D,KI49E",0.0192603598981651,SKEMPI_2.0,E_I
3sgb,EI13A,1.0050019980807865,SKEMPI_2.0,E_I
3sgb,EI13C,1.1582694293688762,SKEMPI_2.0,E_I
3sgb,EI13D,0.5449864403234878,SKEMPI_2.0,E_I
3sgb,EI13F,1.9164643604198373,SKEMPI_2.0,E_I
3sgb,EI13G,2.0755557724103464,SKEMPI_2.0,E_I
3sgb,EI13H,0.5187268284648847,SKEMPI_2.0,E_I
3sgb,EI13I,-0.6146833364998047,SKEMPI_2.0,E_I
3sgb,EI13K,0.1664234723196141,SKEMPI_2.0,E_I
3sgb,EI13L,0.7684302181584566,SKEMPI_2.0,E_I
3sgb,EI13M,-0.1868501250861993,SKEMPI_2.0,E_I
3sgb,EI13N,1.0866478500536216,SKEMPI_2.0,E_I
3sgb,EI13P,2.2433795921843767,SKEMPI_2.0,E_I
3sgb,EI13Q,0.1809680742308914,SKEMPI_2.0,E_I
3sgb,EI13R,1.2572397865434242,SKEMPI_2.0,E_I
3sgb,EI13S,1.9164643604198373,SKEMPI_2.0,E_I
3sgb,EI13T,2.113549772613532,SKEMPI_2.0,E_I
3sgb,EI13V,0.1257686023029439,SKEMPI_2.0,E_I
3sgb,EI13W,1.5260876286859668,SKEMPI_2.0,E_I
3sgb,EI13Y,0.7684302181584566,SKEMPI_2.0,E_I
3sgb,"EI4D,AI9V,EI13D,RI15M,GI26S,EI37D,LI42I,KI49R",1.0712061228060608,SKEMPI_2.0,E_I
3sgb,"EI4D,AI9V,EI13D,RI15M,KI23T,GI26S,EI37D,LI42I",1.1803164986892398,SKEMPI_2.0,E_I
3sgb,"EI4D,AI9V,TI11P,EI13D,RI15M,NI22S,GI26S,NI39S,SI45R",2.503388983823952,SKEMPI_2.0,E_I
3sgb,"EI4D,AI9V,TI11S,EI13D,RI15M,KI23T,GI26N,NI30I,EI37D,LI42I",4.201782135684841,SKEMPI_2.0,E_I
3sgb,"EI4D,AI9V,TI11S,RI15M,NI22S,GI26N,NI30D,SI45G",3.83945133359682,SKEMPI_2.0,E_I
3sgb,"EI4D,AI9V,TI11S,RI15M,NI22S,GI26S,EI37D",3.1599642198261573,SKEMPI_2.0,E_I
3sgb,"EI4D,AI9V,TI11S,RI15M,NI22S,GI26S,EI37D,TI43I",2.9639884276868305,SKEMPI_2.0,E_I
3sgb,"EI4D,AI9V,TI11S,RI15M,NI22S,GI26S,NI30D,EI37D",3.3199335754804005,SKEMPI_2.0,E_I
3sgb,"EI4D,AI9V,TI11S,RI15M,NI22S,GI26S,NI30D,EI37D,TI43N",3.29031977334579,SKEMPI_2.0,E_I
3sgb,"EI4D,AI9V,TI11S,RI15M,NI22S,GI26S,NI30D,VI35F,EI37D,TI43S",3.261583914874913,SKEMPI_2.0,E_I
3sgb,"EI4D,AI9V,TI11S,RI15M,NI22S,GI26S,VI36A,EI37D",2.583077788740317,SKEMPI_2.0,E_I
3sgb,"EI4D,AI9V,TI11S,RI15M,VI36A,EI37D",1.483899340482886,SKEMPI_2.0,E_I
3sgb,"EI4D,AI9V,TI11S,YI14D,RI15M,NI22S,GI26S,EI37D",4.803788881523683,SKEMPI_2.0,E_I
3sgb,"EI4D,AI9V,YI14D,RI15M,KI23I,GI26H,NI30Y,VI36A,EI37H,LI44F",2.294385021597046,SKEMPI_2.0,E_I
3sgb,"EI4D,AI9V,YI14E,RI15M,EI37D",1.6899402680462,SKEMPI_2.0,E_I
3sgb,"EI4D,KI7M,LI12M,LI17V",0.076372036479486,SKEMPI_2.0,E_I
3sgb,"EI4D,KI7Q,AI9V,TI11M,LI12G,EI13D,RI15M,NI22S,GI26S,EI37D,SI45N",5.743110616047657,SKEMPI_2.0,E_I
3sgb,"EI4D,KI7R,AI9D,RI15M,EI37D",-0.2844394461565584,SKEMPI_2.0,E_I
3sgb,"EI4D,KI7R,AI9V,EI13D,RI15M,GI26S,EI37D,LI42I,KI49R",-0.0803418826814205,SKEMPI_2.0,E_I
3sgb,"EI4D,LI12F,RI15M,EI37D",0.7684302181584566,SKEMPI_2.0,E_I
3sgb,"EI4D,LI12M,RI15M,EI37D",0.469725110916006,SKEMPI_2.0,E_I
3sgb,"EI4D,LI12M,RI15M,GI26D,EI37D",1.945200218890714,SKEMPI_2.0,E_I
3sgb,"EI4D,LI12V,RI15M,EI37D",2.9919066821054203,SKEMPI_2.0,E_I
3sgb,"EI4D,LI12V,RI15M,GI26D,EI37D",3.97344663720868,SKEMPI_2.0,E_I
3sgb,"EI4D,RI15M,EI37D",0.076372036479486,SKEMPI_2.0,E_I
3sgb,"EI4D,RI15M,KI23Q,GI26S,NI30S,EI37D",1.6715683766140006,SKEMPI_2.0,E_I
3sgb,"EI4D,RI15M,KI28R,EI37D",-0.1394000100431029,SKEMPI_2.0,E_I
3sgb,"EI4D,RI15M,LI17F,NI22S,GI26S,EI37D",1.5852378323343876,SKEMPI_2.0,E_I
3sgb,"EI4D,TI11L,RI15M,GI26D,NI30S,EI37D,TI43S",3.718152984759395,SKEMPI_2.0,E_I
3sgb,"EI4D,TI11R,LI12M,RI15M,EI37D",2.3501215525358616,SKEMPI_2.0,E_I
3sgb,"EI4D,TI11S,EI13D,RI15M,NI22S,GI26S,EI37D,GI48E",4.606703469329989,SKEMPI_2.0,E_I
3sgb,"EI4D,YI5H,AI9V,TI11S,RI15M,NI22S,GI26S,NI30D",3.955016780683806,SKEMPI_2.0,E_I
3sgb,"EI4D,YI5H,TI11L,LI12Q,YI14Q,RI15K,GI26D,NI30S,EI37D",7.355292238845627,SKEMPI_2.0,E_I
3sgb,"EI4D,YI5H,TI11L,LI12Q,YI14Q,RI15K,LI17I,GI26D,NI30S,EI37D",7.325678436711017,SKEMPI_2.0,E_I
3sgb,"EI4G,KI7Q,PI8S,TI11P,LI12Q,EI13D,RI15V,LI17F,GI26S,VI36A,EI37D",4.174138449393037,SKEMPI_2.0,E_I
3sgb,"EI4G,KI7Q,TI11S,RI15V,LI17F,GI26S,NI30D,VI36A,EI37D",3.13763622816328,SKEMPI_2.0,E_I
3sgb,"EI4G,LI12M,RI15M,EI37D",0.8982600377293012,SKEMPI_2.0,E_I
3sgb,"EI4G,LI12M,RI15M,EI37D,KI49E",0.1809680742308914,SKEMPI_2.0,E_I
3sgb,"EI4G,LI12M,YI14S,LI17I,KI23T,GI26S,HI46Y,FI47P,KI49V",3.6395045760521216,SKEMPI_2.0,E_I
3sgb,GI26A,1.275419549433524,SKEMPI_2.0,E_I
3sgb,GI26C,2.5751833713049392,SKEMPI_2.0,E_I
3sgb,GI26D,1.602295336124204,SKEMPI_2.0,E_I
3sgb,GI26E,1.945200218890714,SKEMPI_2.0,E_I
3sgb,GI26F,2.980104704950087,SKEMPI_2.0,E_I
3sgb,GI26H,2.699948662068859,SKEMPI_2.0,E_I
3sgb,GI26I,4.035358663365226,SKEMPI_2.0,E_I
3sgb,GI26K,2.489749967418917,SKEMPI_2.0,E_I
3sgb,GI26L,2.621024762670321,SKEMPI_2.0,E_I
3sgb,GI26M,2.755042886181009,SKEMPI_2.0,E_I
3sgb,GI26N,2.2433795921843767,SKEMPI_2.0,E_I
3sgb,GI26P,1.0815458263568345,SKEMPI_2.0,E_I
3sgb,GI26Q,2.9150122418352526,SKEMPI_2.0,E_I
3sgb,GI26R,3.458669327068608,SKEMPI_2.0,E_I
3sgb,GI26S,1.5852378323343876,SKEMPI_2.0,E_I
3sgb,GI26T,2.9919066821054203,SKEMPI_2.0,E_I
3sgb,GI26V,2.7878187743053964,SKEMPI_2.0,E_I
3sgb,GI26W,3.8574274596134472,SKEMPI_2.0,E_I
3sgb,GI26Y,3.052871507137506,SKEMPI_2.0,E_I
3sgb,KI7A,-2.536219032467488,SKEMPI_2.0,E_I
3sgb,KI7C,-0.576689336296619,SKEMPI_2.0,E_I
3sgb,KI7D,-0.6146833364998047,SKEMPI_2.0,E_I
3sgb,KI7E,0.0317566224790712,SKEMPI_2.0,E_I
3sgb,KI7F,-0.7154250878848264,SKEMPI_2.0,E_I
3sgb,KI7G,-0.7154250878848264,SKEMPI_2.0,E_I
3sgb,KI7H,-0.395854087313105,SKEMPI_2.0,E_I
3sgb,KI7I,-1.3258591945569105,SKEMPI_2.0,E_I
3sgb,KI7L,-1.79197907118085,SKEMPI_2.0,E_I
3sgb,KI7M,-1.1499602236645847,SKEMPI_2.0,E_I
3sgb,KI7N,-0.6503326247699921,SKEMPI_2.0,E_I
3sgb,KI7P,0.0,SKEMPI_2.0,E_I
3sgb,KI7Q,-0.6146833364998047,SKEMPI_2.0,E_I
3sgb,KI7R,-0.6830224391407996,SKEMPI_2.0,E_I
3sgb,"KI7R,AI9R,TI11K,LI12R",5.515041554238053,SKEMPI_2.0,E_I
3sgb,"KI7R,PI8F,AI9R,TI11K,LI12R",5.6559231222652295,SKEMPI_2.0,E_I
3sgb,KI7S,-2.551459322882341,SKEMPI_2.0,E_I
3sgb,"KI7S,PI8D,AI9Y",-4.093798976433132,SKEMPI_2.0,E_I
3sgb,"KI7S,PI8D,AI9Y,LI12G,EI13I,RI15K",0.0946002004939844,SKEMPI_2.0,E_I
3sgb,KI7T,-1.9218088907516944,SKEMPI_2.0,E_I
3sgb,"KI7T,PI8E,AI9Y",-3.816960512827224,SKEMPI_2.0,E_I
3sgb,"KI7T,PI8E,AI9Y,LI12G,RI15M,GI26P,NI30V",1.8276037992962668,SKEMPI_2.0,E_I
3sgb,KI7V,-0.9418322862110502,SKEMPI_2.0,E_I
3sgb,KI7W,-0.0132023246097499,SKEMPI_2.0,E_I
3sgb,KI7Y,-0.576689336296619,SKEMPI_2.0,E_I
3sgb,LI12A,2.9312135662072665,SKEMPI_2.0,E_I
3sgb,LI12C,-0.0132023246097499,SKEMPI_2.0,E_I
3sgb,LI12D,5.589492221697044,SKEMPI_2.0,E_I
3sgb,LI12E,6.088971650917396,SKEMPI_2.0,E_I
3sgb,LI12F,1.3548291076137833,SKEMPI_2.0,E_I
3sgb,LI12G,4.933618701094527,SKEMPI_2.0,E_I
3sgb,LI12H,1.6899402680462,SKEMPI_2.0,E_I
3sgb,LI12I,4.418672088533332,SKEMPI_2.0,E_I
3sgb,"LI12I,GI26D",5.763791642988407,SKEMPI_2.0,E_I
3sgb,LI12K,3.13763622816328,SKEMPI_2.0,E_I
3sgb,LI12M,0.4469534022296594,SKEMPI_2.0,E_I
3sgb,"LI12M,GI26D",2.2433795921843767,SKEMPI_2.0,E_I
3sgb,"LI12M,HI46R",0.4940395775935395,SKEMPI_2.0,E_I
3sgb,"LI12M,HI46R,KI49E",-0.1150557376052119,SKEMPI_2.0,E_I
3sgb,"LI12M,LI17V,KI23I,EI37K",0.808208601889173,SKEMPI_2.0,E_I
3sgb,"LI12M,NI30D,SI45N",1.0815458263568345,SKEMPI_2.0,E_I
3sgb,"LI12M,SI45N",0.4473971192531286,SKEMPI_2.0,E_I
3sgb,"LI12M,SI45N,HI46R,KI49Q",0.2247731329251015,SKEMPI_2.0,E_I
3sgb,"LI12M,TI24S,GI26D",2.294385021597046,SKEMPI_2.0,E_I
3sgb,"LI12M,TI43N,KI49T",0.2737493187766792,SKEMPI_2.0,E_I
3sgb,"LI12M,YI14Q",3.7237432475151073,SKEMPI_2.0,E_I
3sgb,LI12N,3.352336224224428,SKEMPI_2.0,E_I
3sgb,LI12P,8.327893108399582,SKEMPI_2.0,E_I
3sgb,LI12Q,2.509461027695047,SKEMPI_2.0,E_I
3sgb,LI12R,3.3199335754804005,SKEMPI_2.0,E_I
3sgb,LI12S,4.100162440636085,SKEMPI_2.0,E_I
3sgb,"LI12S,RI15V,LI17I",4.418672088533332,SKEMPI_2.0,E_I
3sgb,LI12T,3.1599642198261573,SKEMPI_2.0,E_I
3sgb,LI12V,2.9919066821054203,SKEMPI_2.0,E_I
3sgb,LI12W,1.8391591320486151,SKEMPI_2.0,E_I
3sgb,LI12Y,1.6525998920274871,SKEMPI_2.0,E_I
3sgb,NI22S,0.0097095531587075,SKEMPI_2.0,E_I
3sgb,"NI22S,GI26A",1.3115368606569662,SKEMPI_2.0,E_I
3sgb,NI30A,0.3264488221589249,SKEMPI_2.0,E_I
3sgb,NI30C,0.3448207135911245,SKEMPI_2.0,E_I
3sgb,NI30D,0.8982600377293012,SKEMPI_2.0,E_I
3sgb,NI30E,0.9492654671419708,SKEMPI_2.0,E_I
3sgb,NI30F,-0.1394000100431029,SKEMPI_2.0,E_I
3sgb,NI30G,0.3074803375724116,SKEMPI_2.0,E_I
3sgb,NI30H,-0.1230583011046742,SKEMPI_2.0,E_I
3sgb,NI30I,0.1951593307904908,SKEMPI_2.0,E_I
3sgb,NI30K,0.5713448059647619,SKEMPI_2.0,E_I
3sgb,NI30L,0.7304362179552709,SKEMPI_2.0,E_I
3sgb,NI30M,0.1387797860278102,SKEMPI_2.0,E_I
3sgb,NI30P,0.5713448059647619,SKEMPI_2.0,E_I
3sgb,NI30Q,0.2401182778793119,SKEMPI_2.0,E_I
3sgb,NI30R,0.5713448059647619,SKEMPI_2.0,E_I
3sgb,NI30S,0.4032872682440253,SKEMPI_2.0,E_I
3sgb,NI30T,0.0097095531587075,SKEMPI_2.0,E_I
3sgb,NI30V,-0.2384978613255335,SKEMPI_2.0,E_I
3sgb,NI30W,0.5187268284648847,SKEMPI_2.0,E_I
3sgb,NI30Y,-0.1071613201698341,SKEMPI_2.0,E_I
3sgb,PI8A,-0.1868501250861993,SKEMPI_2.0,E_I
3sgb,PI8C,-0.3228499543984285,SKEMPI_2.0,E_I
3sgb,PI8D,-1.0186707322961506,SKEMPI_2.0,E_I
3sgb,PI8E,-0.6146833364998047,SKEMPI_2.0,E_I
3sgb,PI8F,-0.3401175563742893,SKEMPI_2.0,E_I
3sgb,PI8G,0.0530018001155244,SKEMPI_2.0,E_I
3sgb,PI8H,0.2737493187766792,SKEMPI_2.0,E_I
3sgb,PI8I,-0.0233036368085112,SKEMPI_2.0,E_I
3sgb,PI8K,0.1124610109121179,SKEMPI_2.0,E_I
3sgb,PI8L,-0.1394000100431029,SKEMPI_2.0,E_I
3sgb,PI8M,-0.4935602673556481,SKEMPI_2.0,E_I
3sgb,PI8N,-0.1230583011046742,SKEMPI_2.0,E_I
3sgb,PI8Q,-0.311615415850119,SKEMPI_2.0,E_I
3sgb,PI8R,0.3074803375724116,SKEMPI_2.0,E_I
3sgb,PI8S,0.0648037772708583,SKEMPI_2.0,E_I
3sgb,"PI8S,AI9L,TI11K,LI12R",4.905341269437475,SKEMPI_2.0,E_I
3sgb,"PI8S,AI9R,TI11P,LI12R",8.102370438208482,SKEMPI_2.0,E_I
3sgb,PI8T,-0.1071613201698341,SKEMPI_2.0,E_I
3sgb,PI8V,-0.3060781421642415,SKEMPI_2.0,E_I
3sgb,PI8W,-0.4935602673556481,SKEMPI_2.0,E_I
3sgb,PI8Y,-0.395854087313105,SKEMPI_2.0,E_I
3sgb,RI15A,0.0530018001155244,SKEMPI_2.0,E_I
3sgb,RI15C,0.5449864403234878,SKEMPI_2.0,E_I
3sgb,RI15D,0.6296944665702492,SKEMPI_2.0,E_I
3sgb,RI15E,0.6620971153142761,SKEMPI_2.0,E_I
3sgb,RI15F,0.2247731329251015,SKEMPI_2.0,E_I
3sgb,RI15G,1.0917056998307688,SKEMPI_2.0,E_I
3sgb,RI15H,0.4473971192531286,SKEMPI_2.0,E_I
3sgb,RI15I,0.2401182778793119,SKEMPI_2.0,E_I
3sgb,RI15K,-0.2739134316490148,SKEMPI_2.0,E_I
3sgb,RI15L,0.2247731329251015,SKEMPI_2.0,E_I
3sgb,RI15M,0.1257686023029439,SKEMPI_2.0,E_I
3sgb,"RI15M,KI23Q,GI26S,EI37D",2.0755557724103464,SKEMPI_2.0,E_I
3sgb,RI15N,0.3264488221589249,SKEMPI_2.0,E_I
3sgb,RI15P,7.577157059374805,SKEMPI_2.0,E_I
3sgb,RI15Q,0.0409564661560047,SKEMPI_2.0,E_I
3sgb,RI15S,0.2737493187766792,SKEMPI_2.0,E_I
3sgb,RI15T,0.4473971192531286,SKEMPI_2.0,E_I
3sgb,RI15V,-0.0233036368085112,SKEMPI_2.0,E_I
3sgb,"RI15V,LI17I",0.1664234723196141,SKEMPI_2.0,E_I
3sgb,RI15W,0.3074803375724116,SKEMPI_2.0,E_I
3sgb,RI15Y,0.2898655960399358,SKEMPI_2.0,E_I
3sgb,TI11A,3.3630385412566346,SKEMPI_2.0,E_I
3sgb,TI11C,2.885398439700642,SKEMPI_2.0,E_I
3sgb,TI11D,4.886917950464654,SKEMPI_2.0,E_I
3sgb,TI11E,4.564068327321445,SKEMPI_2.0,E_I
3sgb,TI11F,3.588499146639452,SKEMPI_2.0,E_I
3sgb,TI11G,5.506246820123246,SKEMPI_2.0,E_I
3sgb,TI11H,3.458669327068608,SKEMPI_2.0,E_I
3sgb,TI11I,1.7284329796231803,SKEMPI_2.0,E_I
3sgb,TI11K,2.007216669769352,SKEMPI_2.0,E_I
3sgb,"TI11K,LI12R",5.233162906348946,SKEMPI_2.0,E_I
3sgb,TI11L,2.436825254285844,SKEMPI_2.0,E_I
3sgb,TI11M,2.007216669769352,SKEMPI_2.0,E_I
3sgb,"TI11M,LI12S,GI26V",6.813313427314694,SKEMPI_2.0,E_I
3sgb,TI11N,3.208965937375036,SKEMPI_2.0,E_I
3sgb,TI11P,3.13763622816328,SKEMPI_2.0,E_I
3sgb,"TI11P,LI12K",6.23203750491973,SKEMPI_2.0,E_I
3sgb,"TI11P,LI12K,EI13D,LI17V,GI26S,SI45N",4.984624130507197,SKEMPI_2.0,E_I
3sgb,"TI11P,LI12K,EI13D,LI17V,SI45N",4.8435672652544,SKEMPI_2.0,E_I
3sgb,"TI11P,LI12K,EI13D,LI17V,SI45N,HI46R",4.765794881320498,SKEMPI_2.0,E_I
3sgb,"TI11P,LI12K,GI26D",6.451684340626364,SKEMPI_2.0,E_I
3sgb,TI11Q,2.899253112786893,SKEMPI_2.0,E_I
3sgb,TI11R,1.945200218890714,SKEMPI_2.0,E_I
3sgb,"TI11R,LI12R",5.474537751716406,SKEMPI_2.0,E_I
3sgb,TI11S,2.4675781941663244,SKEMPI_2.0,E_I
3sgb,TI11V,2.2287540620245427,SKEMPI_2.0,E_I
3sgb,TI11W,2.9919066821054203,SKEMPI_2.0,E_I
3sgb,TI11Y,3.3199335754804005,SKEMPI_2.0,E_I
3sgb,YI14A,1.9164643604198373,SKEMPI_2.0,E_I
3sgb,YI14C,1.6715683766140006,SKEMPI_2.0,E_I
3sgb,YI14D,2.8245809735452543,SKEMPI_2.0,E_I
3sgb,YI14E,2.007216669769352,SKEMPI_2.0,E_I
3sgb,YI14F,0.1664234723196141,SKEMPI_2.0,E_I
3sgb,YI14G,2.802700119822269,SKEMPI_2.0,E_I
3sgb,YI14H,1.5380081443286402,SKEMPI_2.0,E_I
3sgb,YI14I,3.5417983960095785,SKEMPI_2.0,E_I
3sgb,YI14K,3.385026038595235,SKEMPI_2.0,E_I
3sgb,YI14L,1.554133558331817,SKEMPI_2.0,E_I
3sgb,YI14M,1.9748140210253249,SKEMPI_2.0,E_I
3sgb,YI14N,3.114420802453464,SKEMPI_2.0,E_I
3sgb,YI14P,6.188686819709475,SKEMPI_2.0,E_I
3sgb,YI14Q,3.23522554923364,SKEMPI_2.0,E_I
3sgb,YI14R,2.7219957313892222,SKEMPI_2.0,E_I
3sgb,YI14S,2.007216669769352,SKEMPI_2.0,E_I
3sgb,YI14T,4.803788881523683,SKEMPI_2.0,E_I
3sgb,YI14V,4.359938114328954,SKEMPI_2.0,E_I
3sgb,YI14W,0.383313425168105,SKEMPI_2.0,E_I
3sgb,"YI5H,EI13D,LI17I,NI22S,GI26S,NI30D,VI36M,EI37D",2.294385021597046,SKEMPI_2.0,E_I
3sgb,"YI5H,YI14D,TI24I,GI26S,NI30D,VI36L",5.534498294262965,SKEMPI_2.0,E_I
3szk,DC120A,0.6394031582775072,SKEMPI_2.0,AB_C
3szk,DC121A,0.6602322432100727,SKEMPI_2.0,AB_C
3szk,DC48A,0.1939110470920516,SKEMPI_2.0,AB_C
3szk,DC51A,0.1939110470920516,SKEMPI_2.0,AB_C
3szk,EC123A,0.7958427321614021,SKEMPI_2.0,AB_C
3szk,EC124A,0.6602322432100727,SKEMPI_2.0,AB_C
3szk,FC43A,2.106475759945696,SKEMPI_2.0,AB_C
3szk,FC44A,2.0890257532414047,SKEMPI_2.0,AB_C
3szk,GC122A,0.3556807177552096,SKEMPI_2.0,AB_C
3szk,HC42A,2.407608910131842,SKEMPI_2.0,AB_C
3szk,KC56A,0.0913878069541183,SKEMPI_2.0,AB_C
3szk,KC57A,-0.0340904979644393,SKEMPI_2.0,AB_C
3szk,NC35A,0.1188235408600374,SKEMPI_2.0,AB_C
3szk,NC66A,0.1939110470920516,SKEMPI_2.0,AB_C
3szk,QC39A,0.7275989736899054,SKEMPI_2.0,AB_C
3szk,SC69A,1.437212843339109,SKEMPI_2.0,AB_C
3szk,TC38A,0.8848154129978466,SKEMPI_2.0,AB_C
3szk,TC70A,1.3945519384977214,SKEMPI_2.0,AB_C
3szk,VC27A,0.0913878069541183,SKEMPI_2.0,AB_C
3szk,YC40A,2.757112581995093,SKEMPI_2.0,AB_C
3szk,YC41A,2.830663271200573,SKEMPI_2.0,AB_C
3tgk,NE170D,-0.1703440348325832,SKEMPI_2.0,E_I
3u82,IB45A,2.594711903082907,SKEMPI_2.0,A_B
3u82,"TB28A,QB29A,EB90A,NB98A",-1.0101366467368618,SKEMPI_2.0,A_B
3uig,DA67A,2.0381091651413863,SKEMPI_2.0,A_P
3uig,EA47A,0.6463905697524321,SKEMPI_2.0,A_P
3uig,EA61A,1.757593055677846,SKEMPI_2.0,A_P
3uig,EA72A,1.792071667370141,SKEMPI_2.0,A_P
3uig,KA58A,0.4463278822539165,SKEMPI_2.0,A_P
3uih,"KA58Y,HA76W",-1.071812369559176,SKEMPI_2.0,A_P
3vr6,AG138S,-0.3406880696651664,SKEMPI_2.0,ABCDEF_GH
3vr6,"LA477A,LB482A,LC472A,VA478A,VB483A,VC473A",-0.2218657334439448,SKEMPI_2.0,ABCDEF_GH
3vr6,"LA477A,LB482A,LC472A,VA478A,VB483A,VC473A,LD386A,LE386A,LF389A",-0.1703440348325832,SKEMPI_2.0,ABCDEF_GH
3vr6,"LA477A,LB482A,LC472A,VA478A,VB483A,VC473A,LG139N",-0.0790674093891881,SKEMPI_2.0,ABCDEF_GH
3vr6,"LA477A,LB482A,LC472A,VA478A,VB483A,VC473A,RG134A,RG135A",2.0486726445030423,SKEMPI_2.0,ABCDEF_GH
3vr6,"LD386A,LE386A,LF389A",1.1361471863678614,SKEMPI_2.0,ABCDEF_GH
3vr6,LG139N,0.709191199859011,SKEMPI_2.0,ABCDEF_GH
3vr6,LG28N,0.3098288303747267,SKEMPI_2.0,ABCDEF_GH
3vr6,LG29N,0.6746886643671938,SKEMPI_2.0,ABCDEF_GH
3vr6,"RA476A,RB481A,RC471A",-0.2783013689707604,SKEMPI_2.0,ABCDEF_GH
3vr6,"RA476A,RB481A,RC471A,RG134A,RG135A",1.317257445069898,SKEMPI_2.0,ABCDEF_GH
3vr6,"RD347E,RE347E,RF350E",0.2874818009275554,SKEMPI_2.0,ABCDEF_GH
3vr6,"RD347K,RE347K,RF350K",1.2124921725704954,SKEMPI_2.0,ABCDEF_GH
3vr6,RG134A,0.8300413668292713,SKEMPI_2.0,ABCDEF_GH
3vr6,"RG134A,RG135A",1.399317915591871,SKEMPI_2.0,ABCDEF_GH
3vr6,RG135A,0.8987707173044795,SKEMPI_2.0,ABCDEF_GH
3vr6,"VD385A,VE385A,VF388A",0.6979122683637936,SKEMPI_2.0,ABCDEF_GH
3vr6,"VD385A,VE385A,VF388A,RG134A,RG135A",1.1306897652472032,SKEMPI_2.0,ABCDEF_GH
3wjj,"A:A327N,B:A327N",-0.08,AB-BIND,AB_C
3wjj,"A:A327S,B:A327S",0.56,AB-BIND,AB_C
3wjj,"A:A330I,B:A330I",2.32,AB-BIND,AB_C
3wjj,"A:A330L,B:A330L",0.57,AB-BIND,AB_C
3wjj,"A:A330L,B:A330L,A:I332E,B:I332E",-0.42,AB-BIND,AB_C
3wjj,"A:A330Y,B:A330Y",0.17,AB-BIND,AB_C
3wjj,"A:A330Y,B:A330Y,A:I332E,B:I332E",-0.88,AB-BIND,AB_C
3wjj,"A:I332D,B:I332D",-0.71,AB-BIND,AB_C
3wjj,"A:I332E,B:I332E",-0.81,AB-BIND,AB_C
3wjj,"A:S239D,B:S239D",-0.89,AB-BIND,AB_C
3wjj,"A:S239D,B:S239D,A:A330L,B:A330L,A:I332E,B:I332E",-1.2,AB-BIND,AB_C
3wjj,"A:S239D,B:S239D,A:I332E,B:I332E",-1.77,AB-BIND,AB_C
3wjj,"A:S239D,B:S239D,A:S298A,B:S298A,A:I332E,B:I332E",-1.08,AB-BIND,AB_C
3wjj,"A:S239D,B:S239D,A:V264I,B:V264I,A:I332E,B:I332E",-1.58,AB-BIND,AB_C
3wjj,"A:S239E,B:S239E,A:I332E,B:I332E",-0.74,AB-BIND,AB_C
3wjj,"A:S239N,B:S239N,A:S298A,B:S298A,A:I332E,B:I332E",-0.97,AB-BIND,AB_C
3wjj,"A:S239Q,B:S239Q,A:I332E,B:I332E",-0.92,AB-BIND,AB_C
3wjj,"A:V240A,B:V240A",1.17,AB-BIND,AB_C
3wjj,"A:V240M,B:V240M",-0.19,AB-BIND,AB_C
3wjj,"A:V264I,B:V264I,A:A330L,B:A330L,A:I332E,B:I332E",-0.34,AB-BIND,AB_C
3wjj,"A:V264I,B:V264I,A:A330Y,B:A330Y,A:I332E,B:I332E",-0.75,AB-BIND,AB_C
3wjj,"A:V264I,B:V264I,A:I332E,B:I332E",-0.27,AB-BIND,AB_C
3wjj,"A:V264Y,B:V264Y",0.78,AB-BIND,AB_C
3wjj,"A:Y296E,B:Y296E",-0.06,AB-BIND,AB_C
3wjj,"A:Y296Q,B:Y296Q",0.5,AB-BIND,AB_C
3wwn,KA225E,0.1746743385329204,SKEMPI_2.0,A_B
3wwn,RA221E,-0.3760537851325284,SKEMPI_2.0,A_B
3wwn,RA224E,1.4451202217470995,SKEMPI_2.0,A_B
4b0m,AB127G,0.2975591963826068,SKEMPI_2.0,A_BM
4b0m,LM40A,1.9079342796708347,SKEMPI_2.0,A_BM
4b0m,MA8A,0.4296882948480847,SKEMPI_2.0,A_BM
4b0m,PM98A,0.4055165305207839,SKEMPI_2.0,A_BM
4b0m,PM98S,0.7576580714024023,SKEMPI_2.0,A_BM
4b0m,"PM98S,PM99A",2.0714101645930376,SKEMPI_2.0,A_BM
4b0m,PM99A,1.9147236775599927,SKEMPI_2.0,A_BM
4b0m,PM99S,1.993188045854182,SKEMPI_2.0,A_BM
4b0m,"TA7G,MA8A",0.4414139453384623,SKEMPI_2.0,A_BM
4b0m,YM37A,1.6520305192548868,SKEMPI_2.0,A_BM
4b0m,YM9G,0.6289222544296569,SKEMPI_2.0,A_BM
4b0m,"YM9G,YM37A",2.203539263058515,SKEMPI_2.0,A_BM
4cpa,PI35G,2.594711903082907,SKEMPI_2.0,A_I
4cpa,VI37A,2.324253377246729,SKEMPI_2.0,A_I
4cpa,VI37F,0.0,SKEMPI_2.0,A_I
4cpa,VI37G,3.732667109176131,SKEMPI_2.0,A_I
4cpa,VI37I,0.1992339595815724,SKEMPI_2.0,A_I
4cpa,VI37L,1.2786867706326153,SKEMPI_2.0,A_I
4cpa,YI36F,0.0,SKEMPI_2.0,A_I
4cpa,YI36G,0.5017070928796334,SKEMPI_2.0,A_I
4cvw,DA720R,3.045994843541228,SKEMPI_2.0,A_C
4cvw,DA720W,1.2206221767194358,SKEMPI_2.0,A_C
4cvw,LC34G,2.726841001548385,SKEMPI_2.0,A_C
4cvw,"LC34G,VC35D",7.741202612459927,SKEMPI_2.0,A_C
4cvw,LC34W,0.3353774869829545,SKEMPI_2.0,A_C
4cvw,RC27A,1.8277177233522748,SKEMPI_2.0,A_C
4cvw,RC31A,2.076324101508492,SKEMPI_2.0,A_C
4cvw,RC31W,1.4898832784872809,SKEMPI_2.0,A_C
4cvw,VC35D,4.918129927263743,SKEMPI_2.0,A_C
4e6k,"EA81A,EB81A",2.557382557053965,SKEMPI_2.0,AB_G
4e6k,"EA85A,EB85A",3.0399689631097067,SKEMPI_2.0,AB_G
4e6k,KG40A,0.4966563503338653,SKEMPI_2.0,AB_G
4e6k,"LA68A,LB68A",2.641564943464408,SKEMPI_2.0,AB_G
4e6k,LG5A,1.8832290238405065,SKEMPI_2.0,AB_G
4e6k,YG2F,0.6895183589853638,SKEMPI_2.0,AB_G
4ftv,DD93A,0.8964519002637955,SKEMPI_2.0,ABC_DE
4ftv,"DD93A,RA65A",1.1633282649423706,SKEMPI_2.0,ABC_DE
4ftv,"EA63Q,DD93A",-0.0045373861873428,SKEMPI_2.0,ABC_DE
4ftv,"EA63Q,DD93A,KA66A",1.854047312164665,SKEMPI_2.0,ABC_DE
4ftv,"EA63Q,KA66A",1.330903452891835,SKEMPI_2.0,ABC_DE
4ftv,KD66A,-1.5787022176273693,SKEMPI_2.0,ABC_DE
4ftv,"KD66A,TA163A",-2.1292868473144364,SKEMPI_2.0,ABC_DE
4ftv,"ME98A,AE100G,QE101R",3.617444334191933,SKEMPI_2.0,ABC_DE
4ftv,"ME98A,QE101E",0.5059215305997397,SKEMPI_2.0,ABC_DE
4ftv,"ME98A,SE99G,AE100G,QE101R",3.9581324038570993,SKEMPI_2.0,ABC_DE
4ftv,QE101E,0.0564356355268155,SKEMPI_2.0,ABC_DE
4ftv,QE101R,0.4104304674362382,SKEMPI_2.0,ABC_DE
4ftv,RA65A,3.505669056180841,SKEMPI_2.0,ABC_DE
4ftv,"SE99G,AE100G,QE101R",3.649458941653816,SKEMPI_2.0,ABC_DE
4ftv,TA163A,0.3609203611502419,SKEMPI_2.0,ABC_DE
4fza,EB122A,0.4251782768750776,SKEMPI_2.0,A_B
4fza,FA168E,0.5425595659017161,SKEMPI_2.0,A_B
4fza,RA217A,1.027331491122617,SKEMPI_2.0,A_B
4fza,YA213A,1.2700843045587016,SKEMPI_2.0,A_B
4g2v,NA260R,0.2218657334439447,SKEMPI_2.0,A_B
4g2v,RA198E,2.2358031342580302,SKEMPI_2.0,A_B
4g2v,"RA198E,NA260R",2.283198502581931,SKEMPI_2.0,A_B
4gnk,"DA279A,PA281D",0.1212640963824332,SKEMPI_2.0,A_B
4gnk,KA294A,0.0989170669352618,SKEMPI_2.0,A_B
4gnk,"KA294A,LB764A",-1.551985234766486,SKEMPI_2.0,A_B
4gnk,LB764A,-1.419856136301008,SKEMPI_2.0,A_B
4gnk,"LB764A,DA279A,PA281D",-1.722329269599069,SKEMPI_2.0,A_B
4gnk,TB540E,-0.1885647339922934,SKEMPI_2.0,A_B
4gxu,DA189E,2.1648657290177824,SKEMPI_2.0,ABCDEF_MN
4gxu,"DA189E,DA224G",3.00989842821756,SKEMPI_2.0,ABCDEF_MN
4gxu,DA224G,1.960676711231805,SKEMPI_2.0,ABCDEF_MN
4hfk,EB46A,1.1879178994006965,SKEMPI_2.0,A_BD
4hfk,EB56A,0.9418804016294512,SKEMPI_2.0,A_BD
4hfk,LB45A,2.524074587045805,SKEMPI_2.0,A_BD
4hfk,LB50A,0.0300418193557811,SKEMPI_2.0,A_BD
4hfk,NB49A,-0.0201498989114182,SKEMPI_2.0,A_BD
4hfk,RB22A,1.3913662967023752,SKEMPI_2.0,A_BD
4hfk,SB48A,0.2014310901173253,SKEMPI_2.0,A_BD
4hfk,TD72A,1.849192132462514,SKEMPI_2.0,A_BD
4hrn,FD47A,2.459208858166903,SKEMPI_2.0,A_D
4hrn,LD17A,2.596950567375209,SKEMPI_2.0,A_D
4hrn,SD43A,0.8026402357127662,SKEMPI_2.0,A_D
4hrn,VD44A,2.8103773076216294,SKEMPI_2.0,A_D
4hsa,HA59S,-0.1225784720608635,SKEMPI_2.0,AB_C
4hsa,RA28V,0.5807745022688214,SKEMPI_2.0,AB_C
4hsa,WA40V,-0.2223035345729465,SKEMPI_2.0,AB_C
4hsa,YA58I,0.1175079605427914,SKEMPI_2.0,AB_C
4i77,DH54A,2.61901648895101,SKEMPI_2.0,HL_Z
4i77,NL95A,1.3800114301969204,SKEMPI_2.0,HL_Z
4i77,WH52A,2.5698305737017826,SKEMPI_2.0,HL_Z
4i77,WH52F,2.515882091981506,SKEMPI_2.0,HL_Z
4i77,YH100A,0.0,SKEMPI_2.0,HL_Z
4i77,YH100F,0.0,SKEMPI_2.0,HL_Z
4i77,YH101A,1.6536690851928464,SKEMPI_2.0,HL_Z
4i77,YH101F,0.0,SKEMPI_2.0,HL_Z
4i77,YH103A,2.19721252760924,SKEMPI_2.0,HL_Z
4i77,YH103F,0.3279149363326131,SKEMPI_2.0,HL_Z
4i77,YL32A,0.814982144972349,SKEMPI_2.0,HL_Z
4i77,YL32F,0.0,SKEMPI_2.0,HL_Z
4jeu,IB215A,3.2399182204405883,SKEMPI_2.0,A_B
4jeu,"LB147A,EB148A",1.1012510674031897,SKEMPI_2.0,A_B
4jeu,LB7A,1.108342735800032,SKEMPI_2.0,A_B
4jeu,RA169A,-0.4104304674362382,SKEMPI_2.0,A_B
4jeu,RA37C,0.9091087762184596,SKEMPI_2.0,A_B
4jeu,RB3A,1.1275485058906438,SKEMPI_2.0,A_B
4jeu,TB4A,0.1808244146221431,SKEMPI_2.0,A_B
4jfd,AC4G,-6.5146293705729015,SKEMPI_2.0,ABC_DE
4jfd,"AC4G,EC1A",0.8041802261776944,SKEMPI_2.0,ABC_DE
4jfd,"AC4G,GC6A",0.0770078386170923,SKEMPI_2.0,ABC_DE
4jfd,"AC4G,IC7A",-0.0885416275092908,SKEMPI_2.0,ABC_DE
4jfd,"AC4G,LC8A",-0.3191538419928431,SKEMPI_2.0,ABC_DE
4jfd,"AC4G,TC9A",0.0162236449901113,SKEMPI_2.0,ABC_DE
4jff,EC1A,7.318809596750595,SKEMPI_2.0,ABC_DE
4jff,GC4A,6.5146293705729015,SKEMPI_2.0,ABC_DE
4jff,GC6A,6.591637209189994,SKEMPI_2.0,ABC_DE
4jff,IC7A,6.4260877430636105,SKEMPI_2.0,ABC_DE
4jff,LC8A,6.195475528580057,SKEMPI_2.0,ABC_DE
4jff,TC9A,6.530853015563013,SKEMPI_2.0,ABC_DE
4jgh,WD44A,2.0480554776283566,SKEMPI_2.0,ABC_D
4jpk,DA141R,3.856926864652471,SKEMPI_2.0,HL_A
4jpk,"DA159N,DA33N",0.6189045521043501,SKEMPI_2.0,HL_A
4jpk,FA144I,1.3873749312763335,SKEMPI_2.0,HL_A
4jpk,FA63L,1.1671668201906809,SKEMPI_2.0,HL_A
4jpk,RA130K,0.2300424199986343,SKEMPI_2.0,HL_A
4jpk,RA81T,0.7586251135265742,SKEMPI_2.0,HL_A
4jpk,SA41G,2.15147408024195,SKEMPI_2.0,HL_A
4jpk,TA35S,-0.0320900615556458,SKEMPI_2.0,HL_A
4jpk,VA30N,0.5945337872710594,SKEMPI_2.0,HL_A
4k71,"AA418T,GA503E,AA545V",3.1273195372444174,SKEMPI_2.0,A_BC
4k71,AA545V,1.4701841145413703,SKEMPI_2.0,A_BC
4k71,GA503E,0.7417935254832884,SKEMPI_2.0,A_BC
4k71,"GA503E,AA545V",2.847812617806324,SKEMPI_2.0,A_BC
4k71,"GA503R,AA545V",1.6670767033968914,SKEMPI_2.0,A_BC
4k71,HA462A,1.050995435735926,SKEMPI_2.0,A_BC
4k71,HA462F,1.0094256688647698,SKEMPI_2.0,A_BC
4k71,HB157A,0.6439008982499276,SKEMPI_2.0,A_BC
4k71,HB157F,0.1849651727552695,SKEMPI_2.0,A_BC
4k71,"MA416V,AA418T",1.0919447683470738,SKEMPI_2.0,A_BC
4k71,"MA416V,AA418T,AA545V",2.8526201624835967,SKEMPI_2.0,A_BC
4k71,"MA416V,AA418T,GA503E,AA545V",3.6346036354852886,SKEMPI_2.0,A_BC
4k71,"MA416V,AA418T,GA503R",2.321346353529304,SKEMPI_2.0,A_BC
4k71,"MA416V,AA418T,GA503R,AA545V",2.889736812387949,SKEMPI_2.0,A_BC
4k71,"MA416V,GA503E,AA545V",2.926074961129957,SKEMPI_2.0,A_BC
4krl,"DA49T,FA51A",1.852242048571206,SKEMPI_2.0,A_B
4krl,DB112A,0.6496149562249824,SKEMPI_2.0,A_B
4krl,RB30A,1.7201129501057282,SKEMPI_2.0,A_B
4kro,"DA321T,FA323A",0.126957659480299,SKEMPI_2.0,A_B
4kro,DB92A,1.5040695447922323,SKEMPI_2.0,A_B
4kro,RB15A,1.5831369541814202,SKEMPI_2.0,A_B
4l0p,EA27K,2.6644543008539787,SKEMPI_2.0,A_B
4l0p,NA59S,0.3141987837884388,SKEMPI_2.0,A_B
4l0p,SA20F,0.0564356355268157,SKEMPI_2.0,A_B
4l0p,TA11K,0.0,SKEMPI_2.0,A_B
4l0p,TA140N,0.2783013689707604,SKEMPI_2.0,A_B
4l0p,TA76Q,1.4713778349123696,SKEMPI_2.0,A_B
4l3e,EA166A,1.216848588736119,SKEMPI_2.0,ABC_DE
4l3e,ND52A,-0.4594927912145837,SKEMPI_2.0,ABC_DE
4l3e,"ND52A,EA166A",1.091081611338113,SKEMPI_2.0,ABC_DE
4l3e,QA155A,1.2583445640494055,SKEMPI_2.0,ABC_DE
4l3e,RA65A,1.3010338000797863,SKEMPI_2.0,ABC_DE
4l3e,"RA65A,YD26A",4.43830526906441,SKEMPI_2.0,ABC_DE
4l3e,"RA65A,YE48A",3.807204075653402,SKEMPI_2.0,ABC_DE
4l3e,YD26A,2.7832766370752005,SKEMPI_2.0,ABC_DE
4l3e,"YD26A,RA65A",4.368562871293338,SKEMPI_2.0,ABC_DE
4l3e,"YD26D,WE95L",3.541501607515639,SKEMPI_2.0,ABC_DE
4l3e,YD50A,0.4677407353229657,SKEMPI_2.0,ABC_DE
4l3e,"YD50A,QA155A",1.089913700509632,SKEMPI_2.0,ABC_DE
4l3e,YE48A,2.2271043797051666,SKEMPI_2.0,ABC_DE
4lrx,HA56N,0.3202320269373678,SKEMPI_2.0,AB_CD
4mnq,"AD93S,LD94G,PD95T,GD97K",0.9226179401054316,SKEMPI_2.0,ABC_DE
4mnq,"HE50W,PE51E,EE52F,YE53E",0.2595021392325412,SKEMPI_2.0,ABC_DE
4mnq,"HE50W,PE51E,EE52F,YE53E,AD93S,LD94G,PD95T,GD97K",0.897146227945366,SKEMPI_2.0,ABC_DE
4mnq,"IE49V,HE50G,PE51A,EE52G,YE53I",1.51877320323627,SKEMPI_2.0,ABC_DE
4mnq,"IE49V,HE50G,PE51A,EE52G,YE53I,AD93S,LD94G,PD95T,GD97K",5.817949414828712,SKEMPI_2.0,ABC_DE
4mnq,KC4A,4.932920947844315,SKEMPI_2.0,ABC_DE
4mnq,"KC4A,AD93S,LD94G,PD95T,GD97K",3.630458616311696,SKEMPI_2.0,ABC_DE
4mnq,"KC4A,HE50W,PE51E,EE52F,YE53E",4.940012361944043,SKEMPI_2.0,ABC_DE
4mnq,"KC4A,IE49V,HE50G,PE51A,EE52G,YE53I",4.245614204784655,SKEMPI_2.0,ABC_DE
4mnq,LC6A,4.146697137849393,SKEMPI_2.0,ABC_DE
4mnq,"LC6A,AD93S,LD94G,PD95T,GD97K",5.099687171187347,SKEMPI_2.0,ABC_DE
4mnq,"LC6A,HE50W,PE51E,EE52F,YE53E",4.386783570453048,SKEMPI_2.0,ABC_DE
4mnq,"LC6A,HE50W,PE51E,EE52F,YE53E,AD93S,LD94G,PD95T,GD97K",5.423309909864247,SKEMPI_2.0,ABC_DE
4mnq,"LC6A,IE49V,HE50G,PE51A,EE52G,YE53I",4.667323603716111,SKEMPI_2.0,ABC_DE
4n8v,KG38A,0.5877349216272032,SKEMPI_2.0,G_ABC
4n8v,PG10A,-0.2165551507617327,SKEMPI_2.0,G_ABC
4n8v,YG124A,0.1202754068890783,SKEMPI_2.0,G_ABC
4n8v,YG39F,0.5152678229596507,SKEMPI_2.0,G_ABC
4nkq,DB126A,0.1099679506710652,SKEMPI_2.0,C_AB
4nkq,DB176A,1.5108088611898964,SKEMPI_2.0,C_AB
4nkq,"DB176A,VB177A",1.9293170999425595,SKEMPI_2.0,C_AB
4nkq,"DB176A,VB177A,RB178A,IB179A",-0.1201665501923841,SKEMPI_2.0,C_AB
4nkq,DB176E,0.4679636491531029,SKEMPI_2.0,C_AB
4nkq,DB176N,1.8040635590510103,SKEMPI_2.0,C_AB
4nkq,"DB176Q,VB177Q",2.0653058140625227,SKEMPI_2.0,C_AB
4nkq,DB87A,0.1581348187783762,SKEMPI_2.0,C_AB
4nkq,"DB87A,TB88A,KB89A",0.3533903132249603,SKEMPI_2.0,C_AB
4nkq,DB87R,0.2026765623021039,SKEMPI_2.0,C_AB
4nkq,DC99K,-0.33136305804705,SKEMPI_2.0,C_AB
4nkq,"DC99K,DB87R",0.8147877944544794,SKEMPI_2.0,C_AB
4nkq,"DC99K,KB90D",-0.5017070928796333,SKEMPI_2.0,C_AB
4nkq,"DC99K,RB80D",0.1763555179380864,SKEMPI_2.0,C_AB
4nkq,"DC99K,RB80D,KB90D",0.5352642867629631,SKEMPI_2.0,C_AB
4nkq,EB92A,-0.3528972857193735,SKEMPI_2.0,C_AB
4nkq,EC8R,2.638957657597722,SKEMPI_2.0,C_AB
4nkq,"IB179A,LB180A",0.2521627512664015,SKEMPI_2.0,C_AB
4nkq,"IB179Q,LB180Q",0.7954288625871455,SKEMPI_2.0,C_AB
4nkq,IB91A,-0.0504241524213125,SKEMPI_2.0,C_AB
4nkq,IC6G,0.3342727739759532,SKEMPI_2.0,C_AB
4nkq,KB121A,-0.5609691108611452,SKEMPI_2.0,C_AB
4nkq,KB89A,0.3857549804073555,SKEMPI_2.0,C_AB
4nkq,KB89D,1.0609473674761314,SKEMPI_2.0,C_AB
4nkq,KB90A,-0.1992339595815723,SKEMPI_2.0,C_AB
4nkq,"KB90A,IB91A,EB92A",-0.7009410524612057,SKEMPI_2.0,C_AB
4nkq,KB90D,-0.1992339595815723,SKEMPI_2.0,C_AB
4nkq,LB122A,0.2360446012103794,SKEMPI_2.0,C_AB
4nkq,"LB77A,TB78A,SB79A",0.1099679506710652,SKEMPI_2.0,C_AB
4nkq,LC15D,-0.235003774786646,SKEMPI_2.0,C_AB
4nkq,NB81A,0.0998458922237562,SKEMPI_2.0,C_AB
4nkq,NC14D,-0.6015529851033895,SKEMPI_2.0,C_AB
4nkq,NC4E,-0.3903564772487236,SKEMPI_2.0,C_AB
4nkq,QB120A,-0.3984679191631445,SKEMPI_2.0,C_AB
4nkq,RB156Q,0.5355135000649477,SKEMPI_2.0,C_AB
4nkq,RB178A,0.3600063150149256,SKEMPI_2.0,C_AB
4nkq,RB178D,-0.2905105850249675,SKEMPI_2.0,C_AB
4nkq,RB178M,2.1332021317818457,SKEMPI_2.0,C_AB
4nkq,RB80A,0.1199198824112707,SKEMPI_2.0,C_AB
4nkq,"RB80A,NB81A,YB82A",-0.33136305804705,SKEMPI_2.0,C_AB
4nkq,RB80D,-0.0773436061338865,SKEMPI_2.0,C_AB
4nkq,"RB80D,KB90D",1.31299634835288,SKEMPI_2.0,C_AB
4nkq,RC10D,0.1113506156309096,SKEMPI_2.0,C_AB
4nkq,RC11D,-0.2053913044934542,SKEMPI_2.0,C_AB
4nkq,SB123A,0.2752725848733484,SKEMPI_2.0,C_AB
4nkq,TB88A,0.3191538419928431,SKEMPI_2.0,C_AB
4nkq,"YB119A,QB120A,KB121A,LB122A,SB123A,YB124A",-0.3105845752124819,SKEMPI_2.0,C_AB
4nkq,"YB119A,YB124A",-0.6268287012764218,SKEMPI_2.0,C_AB
4nkq,YB82A,-0.3752443151665448,SKEMPI_2.0,C_AB
4nkq,YB82F,-0.2340749494981517,SKEMPI_2.0,C_AB
4nm8,DB19N,0.6614316131278107,SKEMPI_2.0,ABCDEF_HL
4nm8,IB18M,0.1097686988049251,SKEMPI_2.0,ABCDEF_HL
4nm8,LB38Y,-0.6150963717403524,SKEMPI_2.0,ABCDEF_HL
4nm8,QB34R,2.97517017859858,SKEMPI_2.0,ABCDEF_HL
4nm8,QB34T,2.330699151828216,SKEMPI_2.0,ABCDEF_HL
4nm8,RB25M,3.4419994149363315,SKEMPI_2.0,ABCDEF_HL
4nm8,TB32E,-0.5516629143228857,SKEMPI_2.0,ABCDEF_HL
4nm8,TB32I,-0.050200814859454,SKEMPI_2.0,ABCDEF_HL
4nm8,TB32R,1.2210689619130408,SKEMPI_2.0,ABCDEF_HL
4nzw,EB124A,0.3569831541196826,SKEMPI_2.0,A_B
4nzw,EB49A,0.3252899176290532,SKEMPI_2.0,A_B
4nzw,KA77A,0.0759753605874046,SKEMPI_2.0,A_B
4o27,EB122A,0.3015249729673603,SKEMPI_2.0,A_B
4o27,EB42A,0.371267370738432,SKEMPI_2.0,A_B
4o27,KA88A,1.0243093321741552,SKEMPI_2.0,A_B
4o27,YA215A,1.1946533670067383,SKEMPI_2.0,A_B
4ozg,DH98A,1.6214994545812946,SKEMPI_2.0,ABJ_GH
4ozg,FH94A,1.409934799930393,SKEMPI_2.0,ABJ_GH
4ozg,FH96A,0.8682437775501881,SKEMPI_2.0,ABJ_GH
4ozg,LG50A,1.165641858276134,SKEMPI_2.0,ABJ_GH
4ozg,NG29A,-0.0704175212116693,SKEMPI_2.0,ABJ_GH
4ozg,NH50A,-0.1091012600812012,SKEMPI_2.0,ABJ_GH
4ozg,QH48A,0.7912134248435416,SKEMPI_2.0,ABJ_GH
4ozg,RH95A,1.713837875704862,SKEMPI_2.0,ABJ_GH
4ozg,YG31A,1.713837875704862,SKEMPI_2.0,ABJ_GH
4ozg,YG33F,1.713837875704862,SKEMPI_2.0,ABJ_GH
4ozg,YH101F,0.524544956767564,SKEMPI_2.0,ABJ_GH
4ozg,YH46F,-0.6359290454301796,SKEMPI_2.0,ABJ_GH
4p23,DC56A,0.9912049697050596,SKEMPI_2.0,CD_AB
4p23,DD13A,0.1703440348325832,SKEMPI_2.0,CD_AB
4p23,DD85A,0.091276625443395,SKEMPI_2.0,CD_AB
4p23,ED2A,1.1661570122290352,SKEMPI_2.0,CD_AB
4p23,ED68A,0.091276625443395,SKEMPI_2.0,CD_AB
4p23,ED75A,0.1703440348325832,SKEMPI_2.0,CD_AB
4p23,ED78A,0.1703440348325832,SKEMPI_2.0,CD_AB
4p23,ED93A,0.091276625443395,SKEMPI_2.0,CD_AB
4p23,FD1A,0.0,SKEMPI_2.0,CD_AB
4p23,HC69A,0.6166719170864997,SKEMPI_2.0,CD_AB
4p23,HD90A,0.1703440348325832,SKEMPI_2.0,CD_AB
4p23,ID76A,0.1703440348325832,SKEMPI_2.0,CD_AB
4p23,KC40A,1.193076465941609,SKEMPI_2.0,CD_AB
4p23,KC68A,0.6825315075017765,SKEMPI_2.0,CD_AB
4p23,KC76A,0.1703440348325832,SKEMPI_2.0,CD_AB
4p23,KD10A,0.091276625443395,SKEMPI_2.0,CD_AB
4p23,KD5A,2.2293950053857694,SKEMPI_2.0,CD_AB
4p23,KD7A,2.566931175036665,SKEMPI_2.0,CD_AB
4p23,LC61A,0.9529900333379542,SKEMPI_2.0,CD_AB
4p23,NC63A,1.511132761744403,SKEMPI_2.0,CD_AB
4p23,ND9A,0.0,SKEMPI_2.0,CD_AB
4p23,PD74A,0.091276625443395,SKEMPI_2.0,CD_AB
4p23,QC58A,0.9724057399668404,SKEMPI_2.0,CD_AB
4p23,QC62A,1.9099144731777429,SKEMPI_2.0,CD_AB
4p23,QD4A,0.6825315075017765,SKEMPI_2.0,CD_AB
4p23,QD73A,0.1703440348325832,SKEMPI_2.0,CD_AB
4p23,RD79A,2.0703730363409014,SKEMPI_2.0,CD_AB
4p23,RD81A,0.091276625443395,SKEMPI_2.0,CD_AB
4p23,RD89A,0.091276625443395,SKEMPI_2.0,CD_AB
4p23,SD72A,0.0,SKEMPI_2.0,CD_AB
4p23,TD86A,0.0,SKEMPI_2.0,CD_AB
4p23,VC66A,1.1661570122290352,SKEMPI_2.0,CD_AB
4p23,VC73A,0.0,SKEMPI_2.0,CD_AB
4p23,VD12A,0.0,SKEMPI_2.0,CD_AB
4p23,YD69A,0.2400864326036549,SKEMPI_2.0,CD_AB
4p5t,DC56A,0.6166719170864997,SKEMPI_2.0,CD_AB
4p5t,DD13A,0.0,SKEMPI_2.0,CD_AB
4p5t,DD84A,0.0,SKEMPI_2.0,CD_AB
4p5t,ED2A,1.0609473674761314,SKEMPI_2.0,CD_AB
4p5t,ED67A,0.2400864326036549,SKEMPI_2.0,CD_AB
4p5t,ED74A,0.6166719170864997,SKEMPI_2.0,CD_AB
4p5t,ED77A,1.0094256688647698,SKEMPI_2.0,CD_AB
4p5t,ED92A,0.0,SKEMPI_2.0,CD_AB
4p5t,FD1A,0.0,SKEMPI_2.0,CD_AB
4p5t,HC69A,1.0094256688647698,SKEMPI_2.0,CD_AB
4p5t,HD89A,0.7956602806251325,SKEMPI_2.0,CD_AB
4p5t,ID75A,0.091276625443395,SKEMPI_2.0,CD_AB
4p5t,KC40A,1.1379552060932236,SKEMPI_2.0,CD_AB
4p5t,KC68A,0.9912049697050596,SKEMPI_2.0,CD_AB
4p5t,KC76A,0.3589087688248766,SKEMPI_2.0,CD_AB
4p5t,KD10A,0.2400864326036549,SKEMPI_2.0,CD_AB
4p5t,KD5A,1.9904505712074607,SKEMPI_2.0,CD_AB
4p5t,KD7A,1.548385673529462,SKEMPI_2.0,CD_AB
4p5t,LC61A,1.0094256688647698,SKEMPI_2.0,CD_AB
4p5t,NC63A,1.49554959923967,SKEMPI_2.0,CD_AB
4p5t,ND9A,0.0,SKEMPI_2.0,CD_AB
4p5t,PD73A,0.0,SKEMPI_2.0,CD_AB
4p5t,QC58A,0.0,SKEMPI_2.0,CD_AB
4p5t,QC62A,0.0,SKEMPI_2.0,CD_AB
4p5t,QD4A,1.6539310857991598,SKEMPI_2.0,CD_AB
4p5t,QD72A,0.0,SKEMPI_2.0,CD_AB
4p5t,RD78A,2.073356045168684,SKEMPI_2.0,CD_AB
4p5t,RD80A,0.0,SKEMPI_2.0,CD_AB
4p5t,RD88A,0.0,SKEMPI_2.0,CD_AB
4p5t,SD71A,0.0,SKEMPI_2.0,CD_AB
4p5t,TD85A,0.8208609348724764,SKEMPI_2.0,CD_AB
4p5t,VC66A,0.8682563031963768,SKEMPI_2.0,CD_AB
4p5t,VC73A,0.0,SKEMPI_2.0,CD_AB
4p5t,VD12A,0.091276625443395,SKEMPI_2.0,CD_AB
4p5t,YD68A,0.1703440348325832,SKEMPI_2.0,CD_AB
4pwx,DA250A,1.1427497747994235,SKEMPI_2.0,AB_CD
4pwx,DC60K,0.3707516835992301,SKEMPI_2.0,AB_CD
4pwx,EA201K,1.7282803347666595,SKEMPI_2.0,AB_CD
4pwx,EA206A,1.03860033802896,SKEMPI_2.0,AB_CD
4pwx,EA246K,1.7282803347666595,SKEMPI_2.0,AB_CD
4pwx,EC17A,-0.6843618829932866,SKEMPI_2.0,AB_CD
4pwx,EC67K,1.103260077983023,SKEMPI_2.0,AB_CD
4pwx,FA194A,1.7282803347666595,SKEMPI_2.0,AB_CD
4pwx,HC19A,-0.3480437667418322,SKEMPI_2.0,AB_CD
4pwx,KB65A,0.2023586422944665,SKEMPI_2.0,AB_CD
4pwx,KB65D,0.1188223362212217,SKEMPI_2.0,AB_CD
4pwx,KB68A,0.4476165138833003,SKEMPI_2.0,AB_CD
4pwx,KB68D,0.2616206602759784,SKEMPI_2.0,AB_CD
4pwx,KC1A,0.4678621099262399,SKEMPI_2.0,AB_CD
4pwx,KC9A,-0.2739314155570485,SKEMPI_2.0,AB_CD
4pwx,QA205A,1.0133996837816162,SKEMPI_2.0,AB_CD
4pwx,QC20A,-0.1776997319092489,SKEMPI_2.0,AB_CD
4pwx,RB269A,1.7282803347666595,SKEMPI_2.0,AB_CD
4pwx,RB71A,0.3589087688248766,SKEMPI_2.0,AB_CD
4pwx,RC23A,1.7282803347666595,SKEMPI_2.0,AB_CD
4pwx,RC28A,1.7282803347666595,SKEMPI_2.0,AB_CD
4pwx,RC31A,0.3344877407599443,SKEMPI_2.0,AB_CD
4pwx,YA198A,1.7282803347666595,SKEMPI_2.0,AB_CD
4pwx,YC15A,0.7541945232395768,SKEMPI_2.0,AB_CD
4pwx,YC16A,1.1443393757540965,SKEMPI_2.0,AB_CD
4ra0,AC66V,0.9306430038907828,SKEMPI_2.0,A_C
4ra0,"AC66V,RC101G",0.9529900333379544,SKEMPI_2.0,A_C
4ra0,"GC61D,AC66V",1.1015339869668592,SKEMPI_2.0,A_C
4ra0,"GC61D,AC66V,RC101G",1.1084364414504422,SKEMPI_2.0,A_C
4ra0,RC101G,0.2473518734496756,SKEMPI_2.0,A_C
4ra0,"SC6G,AC66V",0.7671258408323465,SKEMPI_2.0,A_C
4ra0,"SC6G,AC66V,RC101G",0.7105918868142529,SKEMPI_2.0,A_C
4ra0,"SC6G,GC61D,AC66V",1.1451702469144194,SKEMPI_2.0,A_C
4ra0,"SC6G,GC61D,AC66V,RC101G",1.1827452362811484,SKEMPI_2.0,A_C
4rs1,DA28A,2.5908034664501582,SKEMPI_2.0,A_B
4rs1,DA28K,3.617444334191933,SKEMPI_2.0,A_B
4rs1,"DA28K,DA92K",4.1206335955551,SKEMPI_2.0,A_B
4rs1,DA92A,1.8650993513011616,SKEMPI_2.0,A_B
4rs1,DA92K,3.476616005096384,SKEMPI_2.0,A_B
4rs1,DA92N,1.328559010937862,SKEMPI_2.0,A_B
4rs1,DA92R,2.908034371829617,SKEMPI_2.0,A_B
4rs1,EA25A,1.5017499281448925,SKEMPI_2.0,A_B
4rs1,EA25K,2.138960065940529,SKEMPI_2.0,A_B
4rs1,"EA25K,DA28K",4.1206335955551,SKEMPI_2.0,A_B
4rs1,"EA25K,DA92K",4.1206335955551,SKEMPI_2.0,A_B
4rs1,EA88A,0.4427259933720457,SKEMPI_2.0,A_B
4rs1,EA88K,0.3126178463142714,SKEMPI_2.0,A_B
4rs1,EA88Q,0.8593026289273583,SKEMPI_2.0,A_B
4rs1,EA8R,0.3942068224461267,SKEMPI_2.0,A_B
4rs1,EB176A,-0.6942076097723855,SKEMPI_2.0,A_B
4rs1,FA99A,3.624329597817831,SKEMPI_2.0,A_B
4rs1,IA6G,0.8558162237952984,SKEMPI_2.0,A_B
4rs1,IB175A,-0.2758290229989582,SKEMPI_2.0,A_B
4rs1,KA91A,-0.1068632761922885,SKEMPI_2.0,A_B
4rs1,KA91E,0.1163043138453371,SKEMPI_2.0,A_B
4rs1,KA91Q,0.2546275238567195,SKEMPI_2.0,A_B
4rs1,KB174A,0.8707286491681792,SKEMPI_2.0,A_B
4rs1,KB203A,0.2761295656452752,SKEMPI_2.0,A_B
4rs1,LA95A,2.364285162680746,SKEMPI_2.0,A_B
4rs1,"LA95A,FA99A",4.1206335955551,SKEMPI_2.0,A_B
4rs1,"LB146A,TB147A,SB148A",-0.2158155759825911,SKEMPI_2.0,A_B
4rs1,LB204A,0.0722147437428739,SKEMPI_2.0,A_B
4rs1,NA89A,1.1984508638800877,SKEMPI_2.0,A_B
4rs1,NA89D,0.2746442388407247,SKEMPI_2.0,A_B
4rs1,NA89K,0.845541937194799,SKEMPI_2.0,A_B
4rs1,"NB116A,SB117A,KB118A,RB119A",-0.0463639693520967,SKEMPI_2.0,A_B
4rs1,NB150A,-0.0463639693520967,SKEMPI_2.0,A_B
4rs1,QA79A,0.4696924854177501,SKEMPI_2.0,A_B
4rs1,QA79E,1.2114860109010384,SKEMPI_2.0,A_B
4rs1,QB202A,1.3534265757713189,SKEMPI_2.0,A_B
4rs1,RA10D,0.1782921541697723,SKEMPI_2.0,A_B
4rs1,RA11D,0.1900178046601501,SKEMPI_2.0,A_B
4rs1,"RB47A,EB48A,HB52A",-0.5462875488351358,SKEMPI_2.0,A_B
4rs1,SB205A,0.6156508841940186,SKEMPI_2.0,A_B
4rs1,TB172A,0.4804480806433591,SKEMPI_2.0,A_B
4rs1,YB151A,-0.6554927780611103,SKEMPI_2.0,A_B
4rs1,YB151F,-0.4488105944865185,SKEMPI_2.0,A_B
4rs1,"YB201A,YB206A",0.720534513247014,SKEMPI_2.0,A_B
4u6h,NE21A,-0.3480437667418321,SKEMPI_2.0,AB_E
4u6h,QE25A,0.1188223362212216,SKEMPI_2.0,AB_E
4uyq,"AB18F,AB54F,SB51I,IB52N",5.053668350781882,SKEMPI_2.0,A_B
4uyq,"DB23Q,DB59Q,SB51I,IB52N",4.838614249628641,SKEMPI_2.0,A_B
4uyq,"IB15S,IB52N",2.2575794703999126,SKEMPI_2.0,A_B
4uyq,"IB15S,NB16I,SB51I,IB52N",0.2182836389907283,SKEMPI_2.0,A_B
4uyq,"LB20Y,LB56Y,SB51I,IB52N",0.4664266632924926,SKEMPI_2.0,A_B
4uyq,"NB16I,SB51I",4.182164817189762,SKEMPI_2.0,A_B
4uyq,"RB14N,KB50N,SB51I,IB52N",0.9301272819885658,SKEMPI_2.0,A_B
4uyq,"SB51I,IB52N",-0.0453537825261891,SKEMPI_2.0,A_B
4wnd,NA263R,-0.0207784828345681,SKEMPI_2.0,A_B
4wnd,RA201E,2.7943103600598,SKEMPI_2.0,A_B
4wnd,"RA201E,NA263R",3.855257727535931,SKEMPI_2.0,A_B
4y61,"FB219A,HB222A",0.2890151449005119,SKEMPI_2.0,A_B
4y61,RB86A,-0.1929470080918225,SKEMPI_2.0,A_B
4y61,YA246A,-0.0781177283516119,SKEMPI_2.0,A_B
4yeb,AA114S,0.0693529692795603,SKEMPI_2.0,A_B
4yeb,DA133A,1.366913879638476,SKEMPI_2.0,A_B
4yeb,FB131A,2.4161355966242297,SKEMPI_2.0,A_B
4yeb,RB88T,0.2774247944213319,SKEMPI_2.0,A_B
4yfd,DB7A,-0.0546966445558974,SKEMPI_2.0,A_B
4yfd,"EA207G,LA208S,RA209S,EA210G",-0.0358974148176782,SKEMPI_2.0,A_B
4yfd,"EA207Q,RA209E,EA210Q",0.172516976720689,SKEMPI_2.0,A_B
4yfd,EA259A,1.2158533509430487,SKEMPI_2.0,A_B
4yfd,KB71A,1.4742733223446782,SKEMPI_2.0,A_B
4yfd,RA169A,0.1593580796289057,SKEMPI_2.0,A_B
4yfd,RA48A,0.284796417640093,SKEMPI_2.0,A_B
4yfd,WB4A,1.1319783968765869,SKEMPI_2.0,A_B
4yh7,DB258A,1.5902001711335914,SKEMPI_2.0,A_B
4yh7,DB7A,1.6417218697449527,SKEMPI_2.0,A_B
4yh7,"EA207G,LA208S,RA209S,EA210G",-0.0408524730220825,SKEMPI_2.0,A_B
4yh7,"EA207Q,RA209E,EA210Q",0.0382149363671054,SKEMPI_2.0,A_B
4yh7,"MB45A,YB47A,PB58A,FB61A",1.732998495188348,SKEMPI_2.0,A_B
4yh7,RA169A,1.437532851958976,SKEMPI_2.0,A_B
4yh7,RA48A,1.732998495188348,SKEMPI_2.0,A_B
4yh7,YA246A,1.0340279137635573,SKEMPI_2.0,A_B
4zs6,EA156A,3.0383544020493614,SKEMPI_2.0,HL_A
4zs6,YA160A,-0.1102391327229771,SKEMPI_2.0,HL_A
5c6t,EA194A,1.0905598377693233,SKEMPI_2.0,HL_A
5c6t,FA192A,1.9969963597343672,SKEMPI_2.0,HL_A
5c6t,FA199A,2.757895923224827,SKEMPI_2.0,HL_A
5c6t,FA200A,0.4104304674362382,SKEMPI_2.0,HL_A
5c6t,FH99A,1.4598798814061476,SKEMPI_2.0,HL_A
5c6t,IA201A,0.8855206748265393,SKEMPI_2.0,HL_A
5c6t,NA183A,0.2839676897231497,SKEMPI_2.0,HL_A
5c6t,NA186A,0.3630350991123378,SKEMPI_2.0,HL_A
5c6t,NA188A,-0.3665492103167433,SKEMPI_2.0,HL_A
5c6t,"NA195A,DA197A",0.5864408230212107,SKEMPI_2.0,HL_A
5c6t,NH97A,1.525739471821424,SKEMPI_2.0,HL_A
5c6t,RH31S,0.3115134005009762,SKEMPI_2.0,HL_A
5c6t,RL48A,0.1229486665086828,SKEMPI_2.0,HL_A
5c6t,SH32A,-0.8682563031963768,SKEMPI_2.0,HL_A
5c6t,TA185A,0.3378344448649938,SKEMPI_2.0,HL_A
5c6t,YA182A,3.208025183824762,SKEMPI_2.0,HL_A
5c6t,"YA182A,NA195A,DA197A",2.9421227184015617,SKEMPI_2.0,HL_A
5c6t,YH104A,0.3630350991123378,SKEMPI_2.0,HL_A
5c6t,YH98A,1.7165036681463246,SKEMPI_2.0,HL_A
5c6t,YL47A,0.5515998331046312,SKEMPI_2.0,HL_A
5cxb,EB49D,0.3648598339924671,SKEMPI_2.0,A_B
5cxb,RB54A,0.5640937935740394,SKEMPI_2.0,A_B
5cxb,RB54E,2.6788971144265745,SKEMPI_2.0,A_B
5cxb,TB52Q,0.0623867006944059,SKEMPI_2.0,A_B
5cxb,VB56W,0.5640937935740394,SKEMPI_2.0,A_B
5cyk,EB52A,-2.1148033208525354,SKEMPI_2.0,A_B
5cyk,EB52R,-2.6788971144265745,SKEMPI_2.0,A_B
5cyk,"EB52R,EB47D",-2.3140372804341074,SKEMPI_2.0,A_B
5cyk,"EB52R,TB50Q",-2.616510413732169,SKEMPI_2.0,A_B
5cyk,"EB52R,VB54W",-2.1148033208525354,SKEMPI_2.0,A_B
5e6p,AA494E,1.0986349660398105,SKEMPI_2.0,A_B
5e6p,AA495E,1.576602454629897,SKEMPI_2.0,A_B
5e6p,IB22A,0.2736318829142041,SKEMPI_2.0,A_B
5e6p,LB24A,0.9132340698661796,SKEMPI_2.0,A_B
5e6p,RB42A,0.6771759331115792,SKEMPI_2.0,A_B
5e6p,RB42E,1.7440883680726718,SKEMPI_2.0,A_B
5e6p,YA468A,0.3581555424075821,SKEMPI_2.0,A_B
5e9d,AE98Y,-0.899311224872819,SKEMPI_2.0,AB_CDE
5e9d,GD27E,-0.4790933279894181,SKEMPI_2.0,AB_CDE
5e9d,"GD27E,AE98Y",-1.3097416923090572,SKEMPI_2.0,AB_CDE
5e9d,"GD27E,TD90Q",-1.5498281249127122,SKEMPI_2.0,AB_CDE
5e9d,"GD27E,TD90Q,AE98Y",-2.473928233501677,SKEMPI_2.0,AB_CDE
5e9d,"GD27E,TD90Q,VE49D,AE98E",-2.6349472567161443,SKEMPI_2.0,AB_CDE
5e9d,"GD27E,VE49D",-1.2017843581708798,SKEMPI_2.0,AB_CDE
5e9d,"GD27R,TD90Q,VE49E,AE98D",-3.1244451335415704,SKEMPI_2.0,AB_CDE
5e9d,"GD27R,TD90Q,VE49E,AE98V",-2.757895923224827,SKEMPI_2.0,AB_CDE
5e9d,KD96Q,0.1873848079957421,SKEMPI_2.0,AB_CDE
5e9d,NE27G,0.2750508978621478,SKEMPI_2.0,AB_CDE
5e9d,SD50G,-0.0356273459418447,SKEMPI_2.0,AB_CDE
5e9d,TD90Q,-0.573614487578158,SKEMPI_2.0,AB_CDE
5e9d,"TD90Q,AE98Y",-1.2715267559419516,SKEMPI_2.0,AB_CDE
5e9d,VE49D,-0.4324451219097651,SKEMPI_2.0,AB_CDE
5e9d,YD49W,-0.3489088158365201,SKEMPI_2.0,AB_CDE
5tar,EB86A,1.125902948555509,SKEMPI_2.0,A_B
5tar,FB131A,0.2486063781562168,SKEMPI_2.0,A_B
5tar,FB13A,0.2314421038976055,SKEMPI_2.0,A_B
5tar,IB127A,-0.0263210443640175,SKEMPI_2.0,A_B
5tar,MB18A,-0.214885778356311,SKEMPI_2.0,A_B
5tar,QB114A,0.1573297527128217,SKEMPI_2.0,A_B
5tar,"TA183A,KA184E",2.729409881933356,SKEMPI_2.0,A_B
5tar,WB30A,0.659036845592455,SKEMPI_2.0,A_B
5tar,WB88A,0.3841094230722206,SKEMPI_2.0,A_B
5ufq,DA12C,0.9818799580869432,SKEMPI_2.0,A_C
5ufq,DA12G,1.2732074598609924,SKEMPI_2.0,A_C
5ufq,"DA12G,QC25R,KC55G",1.5130521345757468,SKEMPI_2.0,A_C
5ufq,DA12V,0.6505169000398933,SKEMPI_2.0,A_C
5ufq,"QC25R,KC55G",0.2462225082398649,SKEMPI_2.0,A_C
5xco,DA13C,0.8107962279676599,SKEMPI_2.0,A_B
5xco,"DA13C,DB12A",2.7958437040327566,SKEMPI_2.0,A_B
5xco,"DA13C,IB9A",2.7958437040327566,SKEMPI_2.0,A_B
5xco,"DA13C,LB7A",2.7958437040327566,SKEMPI_2.0,A_B
5xco,"DA13C,PB13A",1.7466219870470026,SKEMPI_2.0,A_B
5xco,"DA13C,PB6A",2.4086368405931182,SKEMPI_2.0,A_B
5xco,"DA13C,SB10A",2.4629984775021723,SKEMPI_2.0,A_B
5xco,"DA13C,VB14A",0.8594915441243252,SKEMPI_2.0,A_B
5xco,"DA13C,YB11A",2.7958437040327566,SKEMPI_2.0,A_B
5xco,"DA13C,YB8A",2.617551549862984,SKEMPI_2.0,A_B
5xco,DA13G,1.1098760797729883,SKEMPI_2.0,A_B
5xco,"DA13G,DB12A",2.7958437040327566,SKEMPI_2.0,A_B
5xco,"DA13G,IB9A",2.7958437040327566,SKEMPI_2.0,A_B
5xco,"DA13G,LB7A",2.7958437040327566,SKEMPI_2.0,A_B
5xco,"DA13G,PB13A",2.1211550396655627,SKEMPI_2.0,A_B
5xco,"DA13G,PB6A",2.4525180977126126,SKEMPI_2.0,A_B
5xco,"DA13G,SB10A",2.7898926388651657,SKEMPI_2.0,A_B
5xco,"DA13G,VB14A",1.3220926154423476,SKEMPI_2.0,A_B
5xco,"DA13G,YB11A",2.7958437040327566,SKEMPI_2.0,A_B
5xco,"DA13G,YB8A",2.739999898640168,SKEMPI_2.0,A_B
5xco,DB12A,2.7958437040327566,SKEMPI_2.0,A_B
5xco,IB9A,2.7958437040327566,SKEMPI_2.0,A_B
5xco,LB7A,2.746471285458112,SKEMPI_2.0,A_B
5xco,PB13A,0.6347858723826875,SKEMPI_2.0,A_B
5xco,PB6A,1.0784283713491414,SKEMPI_2.0,A_B
5xco,SB10A,1.2853027724225805,SKEMPI_2.0,A_B
5xco,VB14A,0.0,SKEMPI_2.0,A_B
5xco,YB11A,1.8992893062216176,SKEMPI_2.0,A_B
5xco,YB8A,1.3634205007741924,SKEMPI_2.0,A_B
hm_1ktz,B:D118A,0.8,AB-BIND,A_B
hm_1ktz,B:D32A,1.5,AB-BIND,A_B
hm_1ktz,B:D32N,2.0,AB-BIND,A_B
hm_1ktz,B:E119A,1.5,AB-BIND,A_B
hm_1ktz,B:E119Q,1.6,AB-BIND,A_B
hm_1ktz,B:E55A,1.2,AB-BIND,A_B
hm_1ktz,B:E75A,1.1,AB-BIND,A_B
hm_1ktz,B:F110A,0.9,AB-BIND,A_B
hm_1ktz,B:F30A,3.0,AB-BIND,A_B
hm_1ktz,B:H79A,0.3,AB-BIND,A_B
hm_1ktz,B:I125A,0.5,AB-BIND,A_B
hm_1ktz,B:I50A,1.9,AB-BIND,A_B
hm_1ktz,B:I53A,1.4,AB-BIND,A_B
hm_1ktz,B:L27A,1.8,AB-BIND,A_B
hm_1ktz,B:M112A,0.9,AB-BIND,A_B
hm_1ktz,B:N47A,0.3,AB-BIND,A_B
hm_1ktz,B:S49A,0.3,AB-BIND,A_B
hm_1ktz,B:S52A,0.2,AB-BIND,A_B
hm_1ktz,B:S52L,4.0,AB-BIND,A_B
hm_1ktz,B:T51A,1.5,AB-BIND,A_B
hm_1ktz,B:V62A,0.7,AB-BIND,A_B
hm_1ktz,B:V77A,0.4,AB-BIND,A_B
hm_1yy9,H:A98W,-0.23,AB-BIND,A_HL
hm_1yy9,H:G33D,-0.89,AB-BIND,A_HL
hm_1yy9,H:I51G,-0.51,AB-BIND,A_HL
hm_1yy9,H:R97D,-0.99,AB-BIND,A_HL
hm_1yy9,H:T100Y,-0.45,AB-BIND,A_HL
hm_1yy9,H:T57G,-0.46,AB-BIND,A_HL
hm_1yy9,H:T57P,-0.48,AB-BIND,A_HL
hm_1yy9,H:V50L,-0.6,AB-BIND,A_HL
hm_1yy9,H:V50Q,-0.64,AB-BIND,A_HL
hm_1yy9,H:Y32R,-0.13,AB-BIND,A_HL
hm_1yy9,L:A25V,-0.62,AB-BIND,A_HL
hm_1yy9,L:G30Y,-0.92,AB-BIND,A_HL
hm_1yy9,L:Q27Y,-0.83,AB-BIND,A_HL
hm_1yy9,L:T97C,-0.51,AB-BIND,A_HL
hm_1yy9,L:T97D,-0.66,AB-BIND,A_HL
hm_1yy9,L:T97S,-0.7,AB-BIND,A_HL
hm_2nyy,A:D1062A,-0.14,AB-BIND,A_HL
hm_2nyy,A:D902A,-0.49,AB-BIND,A_HL
hm_2nyy,A:E920A,0.5,AB-BIND,A_HL
hm_2nyy,A:F953A,1.53,AB-BIND,A_HL
hm_2nyy,A:I917A,0.95,AB-BIND,A_HL
hm_2nyy,A:K915A,-0.31,AB-BIND,A_HL
hm_2nyy,A:K955A,-0.5,AB-BIND,A_HL
hm_2nyy,A:L919A,0.41,AB-BIND,A_HL
hm_2nyy,A:N918A,0.3,AB-BIND,A_HL
hm_2nyy,A:N957A,0.01,AB-BIND,A_HL
hm_2nyy,A:P1063A,0.24,AB-BIND,A_HL
hm_2nyy,A:R1061A,0.58,AB-BIND,A_HL
hm_2nyy,A:R1064A,4.44,AB-BIND,A_HL
hm_2nyy,A:R903A,-0.02,AB-BIND,A_HL
hm_2nyy,A:S954A,-0.66,AB-BIND,A_HL
hm_2nyy,A:T923A,0.62,AB-BIND,A_HL
hm_2nyy,H:K30R,0.51,AB-BIND,A_HL
hm_2nyy,H:M34Q,-0.01,AB-BIND,A_HL
hm_2nyy,H:Y31D,0.97,AB-BIND,A_HL
hm_2nyy,H:Y31Q,1.33,AB-BIND,A_HL
hm_2nyy,H:Y57Q,1.19,AB-BIND,A_HL
hm_2nyy,L:D30Y,0.6,AB-BIND,A_HL
hm_2nyy,L:H34R,0.63,AB-BIND,A_HL
hm_2nyy,L:S28Q,0.7,AB-BIND,A_HL
hm_2nyy,L:S31N,1.2,AB-BIND,A_HL
hm_2nz9,A:D1062A,-0.14,AB-BIND,A_HL
hm_2nz9,A:D902A,-0.49,AB-BIND,A_HL
hm_2nz9,A:E920A,0.5,AB-BIND,A_HL
hm_2nz9,A:F953A,1.53,AB-BIND,A_HL
hm_2nz9,A:I917A,0.95,AB-BIND,A_HL
hm_2nz9,A:K915A,-0.31,AB-BIND,A_HL
hm_2nz9,A:K955A,-0.5,AB-BIND,A_HL
hm_2nz9,A:L919A,0.41,AB-BIND,A_HL
hm_2nz9,A:N918A,0.3,AB-BIND,A_HL
hm_2nz9,A:N957A,0.01,AB-BIND,A_HL
hm_2nz9,A:P1063A,0.24,AB-BIND,A_HL
hm_2nz9,A:R1061A,0.58,AB-BIND,A_HL
hm_2nz9,A:R1064A,4.44,AB-BIND,A_HL
hm_2nz9,A:R903A,-0.02,AB-BIND,A_HL
hm_2nz9,A:S954A,-0.66,AB-BIND,A_HL
hm_2nz9,A:T923A,0.62,AB-BIND,A_HL
hm_3bn9,H:P100H,1.36,AB-BIND,A_HL
hm_3bn9,H:Q100aV,0.41,AB-BIND,A_HL
hm_3bn9,H:S30G,0.71,AB-BIND,A_HL
hm_3bn9,H:S30N,0.71,AB-BIND,A_HL
hm_3bn9,H:T28R,-0.24,AB-BIND,A_HL
hm_3bn9,H:T98Q,-0.16,AB-BIND,A_HL
hm_3bn9,H:T98R,-1.57,AB-BIND,A_HL
hm_3bn9,H:Y99S,0.54,AB-BIND,A_HL
